tag_id,tag_name,memory,address,data_type,collection_group,scale,offset,decimals,word_length,format,unit,description
328,D210,D,210,uint32,plc_data,1,0,,6,,,총 생산량
332,D796,D,796,uint32,plc_data,1,0,,6,,,생산수량
333,D798,D,798,uint32,plc_data,1,0,,6,,,OK 수량_PCS
336,D816,D,816,uint32,plc_data,1,0,,6,,,NG 수량_PCS
331,D216,D,216,uint32,plc_data,0.1,0,,5,,,사이클 시간
334,D820,D,820,float32,plc_data,1,0,1,,,,직행율
335,D900,D,900,string,plc_data,1,0,,10,,,설비명
1000,Y401,Y,401,bool,plc_data,1,0,,,,,자동 선택 표시 등
1001,Y402,Y,402,bool,plc_data,1,0,,,,,표시등을 수동으로 선택
1002,Y403,Y,403,bool,plc_data,1,0,,,,,자동 시작 표시등
1003,Y404,Y,404,bool,plc_data,1,0,,,,,자동 정지 표시등
1004,Y405,Y,405,bool,plc_data,1,0,,,,,재설정 표시등
1005,Y406,Y,406,bool,plc_data,1,0,,,,,알람 해제 표시등
1006,Y407,Y,407,bool,plc_data,1,0,,,,,사이클 시작 표시등
1007,Y408,Y,408,bool,plc_data,1,0,,,,,실린더 작동 표시 등
1008,Y409,Y,409,bool,plc_data,1,0,,,,,실린더 재설정 표시등
1009,Y40A,Y,40A,bool,plc_data,1,0,,,,,잔여물 처리 표시등
1010,Y40C,Y,40C,bool,tl_data,1,0,,,,,TL_RED
1011,Y40D,Y,40D,bool,tl_data,1,0,,,,,TL_Green
1012,Y40E,Y,40E,bool,tl_data,1,0,,,,,TL_Yellow
1013,Y47E,Y,47E,bool,plc_data,1,0,,,,,10# 빨간색 표시등
1014,Y47F,Y,47F,bool,plc_data,1,0,,,,,10# 녹색 표시등
3000,D360,D,360,uint32,log,1,0,0,,,,Number/h
3001,D362,D,362,uint32,log,1,0,0,,,,OK_Number/h
3002,D364,D,364,uint32,log,1,0,0,,,,NG_Number/h
3003,D366,D,366,float32,log,1,0,2,,,,OK/%
3004,D368,D,368,float32,log,1,0,2,,,,NG/%
3005,M180,M,180,bool,log,1,0,,,,,Log1(R9116-R9458)
3006,M188,M,188,bool,log,1,0,,,,,Log3(D360-D368)
3007,M197,M,197,bool,log,1,0,,,,,Log7(D2758-D3008)
3008,R9100,R,9100,string,log,,,,2,,,Sta_ST1
3009,R9116,R,9116,float32,log,1,0,1,,,,Lea_L_ST1
3010,R9118,R,9118,float32,log,1,0,1,,,,Lea_R_ST1
3011,R9122,R,9122,float32,log,1,0,2,,,,Gap_L_ST1
3012,R9124,R,9124,float32,log,1,0,2,,,,Gap_R_ST1
3013,R9136,R,9136,float32,log,1,0,0,,,,MPC_L_ST1
3014,R9140,R,9140,float32,log,1,0,0,,,,MPC_R_ST1
3015,R9146,R,9146,float32,log,1,0,1,,,,OP_L_ST1
3016,R9148,R,9148,float32,log,1,0,1,,,,OP_R_ST1
3017,R9152,R,9152,float32,log,1,0,1,,,,REL_L_ST1
3018,R9154,R,9154,float32,log,1,0,1,,,,REL_R_ST1
3019,R9158,R,9158,float32,log,1,0,0,,,,Time_ST1
3020,R9200,R,9200,string,log,,,,2,,,Sta_ST2
3021,R9216,R,9216,float32,log,1,0,1,,,,Lea_L_ST2
3022,R9218,R,9218,float32,log,1,0,1,,,,Lea_R_ST2
3023,R9222,R,9222,float32,log,1,0,2,,,,Gap_L_ST2
3024,R9224,R,9224,float32,log,1,0,2,,,,Gap_R_ST2
3025,R9236,R,9236,float32,log,1,0,0,,,,MPC_L_ST2
3026,R9240,R,9240,float32,log,1,0,0,,,,MPC_R_ST2
3027,R9246,R,9246,float32,log,1,0,1,,,,OP_L_ST2
3028,R9248,R,9248,float32,log,1,0,1,,,,OP_R_ST2
3029,R9252,R,9252,float32,log,1,0,1,,,,REL_L_ST2
3030,R9254,R,9254,float32,log,1,0,1,,,,REL_R_ST2
3031,R9258,R,9258,float32,log,1,0,0,,,,Time_ST2
3032,R9300,R,9300,string,log,,,,2,,,Sta_ST3
3033,R9316,R,9316,float32,log,1,0,1,,,,Lea_L_ST3
3034,R9318,R,9318,float32,log,1,0,1,,,,Lea_R_ST3
3035,R9322,R,9322,float32,log,1,0,2,,,,Gap_L_ST3
3036,R9324,R,9324,float32,log,1,0,2,,,,Gap_R_ST3
3037,R9336,R,9336,float32,log,1,0,0,,,,MPC_L_ST3
3038,R9340,R,9340,float32,log,1,0,0,,,,MPC_R_ST3
3039,R9346,R,9346,float32,log,1,0,1,,,,OP_L_ST3
3040,R9348,R,9348,float32,log,1,0,1,,,,OP_R_ST3
3041,R9352,R,9352,float32,log,1,0,1,,,,REL_L_ST3
3042,R9354,R,9354,float32,log,1,0,1,,,,REL_R_ST3
3043,R9358,R,9358,float32,log,1,0,0,,,,Time_ST3
3044,R9400,R,9400,string,log,,,,2,,,Sta_ST4
3045,R9416,R,9416,float32,log,1,0,1,,,,Lea_L_ST4
3046,R9418,R,9418,float32,log,1,0,1,,,,Lea_R_ST4
3047,R9422,R,9422,float32,log,1,0,2,,,,Gap_L_ST4
3048,R9424,R,9424,float32,log,1,0,2,,,,Gap_R_ST4
3049,R9436,R,9436,float32,log,1,0,0,,,,MPC_L_ST4
3050,R9440,R,9440,float32,log,1,0,0,,,,MPC_R_ST4
3051,R9446,R,9446,float32,log,1,0,1,,,,OP_L_ST4
3052,R9448,R,9448,float32,log,1,0,1,,,,OP_R_ST4
3053,R9452,R,9452,float32,log,1,0,1,,,,REL_L_ST4
3054,R9454,R,9454,float32,log,1,0,1,,,,REL_R_ST4
3055,R9458,R,9458,float32,log,1,0,0,,,,Time_ST4
3056,D2758,D,2758,float32,log,1,0,2,,,,OpenVol_L1
3057,D2766,D,2766,float32,log,1,0,2,,,,OpenVol_R1
3058,D2778,D,2778,float32,log,1,0,2,,,,ResetVol_L1
3059,D2786,D,2786,float32,log,1,0,2,,,,ResetVol_R1
3060,D2798,D,2798,float32,log,1,0,2,,,,Time1
3061,D2828,D,2828,float32,log,1,0,2,,,,OpenVol_L2
3062,D2836,D,2836,float32,log,1,0,2,,,,OpenVol_R2
3063,D2848,D,2848,float32,log,1,0,2,,,,ResetVol_L2
3064,D2856,D,2856,float32,log,1,0,2,,,,ResetVol_R2
3065,D2868,D,2868,float32,log,1,0,2,,,,Time2
3066,D2898,D,2898,float32,log,1,0,2,,,,OpenVol_L3
3067,D2906,D,2906,float32,log,1,0,2,,,,OpenVol_R3
3068,D2918,D,2918,float32,log,1,0,2,,,,ResetVol_L3
3069,D2926,D,2926,float32,log,1,0,2,,,,ResetVol_R3
3070,D2938,D,2938,float32,log,1,0,2,,,,Time3
3071,D2968,D,2968,float32,log,1,0,2,,,,OpenVol_L4
3072,D2976,D,2976,float32,log,1,0,2,,,,OpenVol_R4
3073,D2988,D,2988,float32,log,1,0,2,,,,ResetVol_L4
3074,D2996,D,2996,float32,log,1,0,2,,,,ResetVol_R4
3075,D3008,D,3008,float32,log,1,0,2,,,,Time4
2000,L2001,L,2001,bool,alm,1,0,,,,,0# 이온 송풍 전자 밸브 수동 미환원
2001,L2002,L,2002,bool,alm,1,0,,,,,1#직진 피더 피킹 실린더 수동 미환원
2002,L2003,L,2003,bool,alm,1,0,,,,,1#직진 피더 다운 실린더 수동 미환원
2003,L2004,L,2004,bool,alm,1,0,,,,,1#직진 피더 미스 실린더 수동 미환원
2004,L2005,L,2005,bool,alm,1,0,,,,,1# 실린더에 직진 미스매치 수동 미환원
2005,L2006,L,2006,bool,alm,1,0,,,,,1# 상/하 실린더 수동 미환원
2006,L2007,L,2007,bool,alm,1,0,,,,,1# 자재 투입 가로이동 실린더 수동 미환원
2007,L2008,L,2008,bool,alm,1,0,,,,,1# 자재 투입 회 실린더 수동 미환원
2008,L2009,L,2009,bool,alm,1,0,,,,,1# 자재 투입 그립퍼 수동 미환원
2009,L2010,L,2010,bool,alm,1,0,,,,,2# 이온 송풍 전자 밸브 수동 미환원
2010,L2011,L,2011,bool,alm,1,0,,,,,2# PIN 상하 실린더 수동 미환원
2011,L2012,L,2012,bool,alm,1,0,,,,,2# 상하 실린더 수동 미환원
2012,L2013,L,2013,bool,alm,1,0,,,,,2# 그립퍼 수동 미환원
2013,L2014,L,2014,bool,alm,1,0,,,,,3# PIN 상하 실린더 수동 미환원
2014,L2015,L,2015,bool,alm,1,0,,,,,3# 상하 실린더 수동 미환원
2015,L2016,L,2016,bool,alm,1,0,,,,,3# 그립퍼 수동 미환원
2016,L2017,L,2017,bool,alm,1,0,,,,,4# PIN 상하 실린더 수동 미환원
2017,L2018,L,2018,bool,alm,1,0,,,,,4# 상하 실린더 수동 미환원
2018,L2019,L,2019,bool,alm,1,0,,,,,4# 그립퍼 수동 미환원
2019,L2020,L,2020,bool,alm,1,0,,,,,5# 상하 실린더 수동 미환원
2020,L2021,L,2021,bool,alm,1,0,,,,,5# 그립퍼 수동 미환원
2021,L2022,L,2022,bool,alm,1,0,,,,,5#검출 1 전후 실린더 수동 미환원
2022,L2023,L,2023,bool,alm,1,0,,,,,5#검출 2 전후 실린더 수동 미환원
2023,L2024,L,2024,bool,alm,1,0,,,,,5#검출 3 전후 실린더 수동 미환원
2024,L2025,L,2025,bool,alm,1,0,,,,,5#검출 4 전후 실린더 수동 미환원
2025,L2026,L,2026,bool,alm,1,0,,,,,6# 상하 실린더 수동 미환원
2026,L2027,L,2027,bool,alm,1,0,,,,,6# 그립퍼 수동 미환원
2027,L2028,L,2028,bool,alm,1,0,,,,,6#검출 1 전후 실린더 수동 미환원
2028,L2029,L,2029,bool,alm,1,0,,,,,6#검출 2 전후 실린더 수동 미환원
2029,L2030,L,2030,bool,alm,1,0,,,,,6#검출 3 전후 실린더 수동 미환원
2030,L2031,L,2031,bool,alm,1,0,,,,,6#검출 4 전후 실린더 수동 미환원
2031,L2032,L,2032,bool,alm,1,0,,,,,7# PIN 상하 실린더 수동 미환원
2032,L2033,L,2033,bool,alm,1,0,,,,,7# 상하 실린더 수동 미환원
2033,L2034,L,2034,bool,alm,1,0,,,,,7# 그립퍼 수동 미환원
2034,L2035,L,2035,bool,alm,1,0,,,,,8# PIN 상하 실린더 수동 미환원
2035,L2036,L,2036,bool,alm,1,0,,,,,8# 상하 실린더 수동 미환원
2036,L2037,L,2037,bool,alm,1,0,,,,,8# 그립퍼 수동 미환원
2037,L2038,L,2038,bool,alm,1,0,,,,,9# 상하 실린더 수동 미환원
2038,L2039,L,2039,bool,alm,1,0,,,,,9#가로이동 실린더 수동 미환원
2039,L2040,L,2040,bool,alm,1,0,,,,,9#회전 실린더 수동 미환원
2040,L2041,L,2041,bool,alm,1,0,,,,,9#그립퍼 1 수동 미환원
2041,L2042,L,2042,bool,alm,1,0,,,,,9#그립퍼 2 수동 미환원
2042,L2043,L,2043,bool,alm,1,0,,,,,9#그립퍼 3 수동 미환원
2043,L2044,L,2044,bool,alm,1,0,,,,,9#그립퍼 4 수동 미환원
2044,L2045,L,2045,bool,alm,1,0,,,,,9#직진 피더 피킹 실린더 수동 미환원
2045,L2046,L,2046,bool,alm,1,0,,,,,9#직진 피더 상하 실린더 수동 미환원
2046,L2047,L,2047,bool,alm,1,0,,,,,9#직진 피더 자재 밀어내기 실린더 수동 미환원
2048,L2049,L,2049,bool,alm,1,0,,,,,10#상하 실린더 수동 미환원
2049,L2050,L,2050,bool,alm,1,0,,,,,10#그립퍼 1 수동 미환원
2050,L2051,L,2051,bool,alm,1,0,,,,,10#그립퍼 2 수동 미환원
2051,L2052,L,2052,bool,alm,1,0,,,,,10#그립퍼 3 수동 미환원
2052,L2053,L,2053,bool,alm,1,0,,,,,10#그립퍼 4 수동 미환원
2053,L2054,L,2054,bool,alm,1,0,,,,,10#자재 밀어내기 실린더 수동 미환원
2054,L2055,L,2055,bool,alm,1,0,,,,,5# PIN 상하 실린더 수동 미환원
2055,L2056,L,2056,bool,alm,1,0,,,,,6# PIN 상하 실린더 수동 미환원
2069,L3001,L,3001,bool,alm,1,0,,,,,0# 이온 송풍 전자 밸브 이상
2070,L3002,L,3002,bool,alm,1,0,,,,,1#직진 피더 피킹 실린더 이상
2071,L3003,L,3003,bool,alm,1,0,,,,,1#직진 피더 다운 실린더 이상
2072,L3004,L,3004,bool,alm,1,0,,,,,1#직진 피더  자재 분활 실린더 이상
2073,L3005,L,3005,bool,alm,1,0,,,,,1#직진 피더 자재 분활 위치고정 실린더 이상
2074,L3006,L,3006,bool,alm,1,0,,,,,1#자재 투입 상하 실린더 이상
2075,L3007,L,3007,bool,alm,1,0,,,,,1# 자재 투입 가로 이동 실린더 이상
2076,L3008,L,3008,bool,alm,1,0,,,,,1# 자재 투입 회전 이동 실린더 이상
2077,L3009,L,3009,bool,alm,1,0,,,,,1# 자재 투입 그립퍼 이상
2078,L3010,L,3010,bool,alm,1,0,,,,,2# 이온 송풍 전자 밸브 이상
2079,L3011,L,3011,bool,alm,1,0,,,,,2# PIN 상하 실린더 수동 이상
2080,L3012,L,3012,bool,alm,1,0,,,,,2# 상하 실린더 이상
2081,L3013,L,3013,bool,alm,1,0,,,,,2#그립퍼 이상
2082,L3014,L,3014,bool,alm,1,0,,,,,3# PIN 상하 실린더 수동 이상
2083,L3015,L,3015,bool,alm,1,0,,,,,3# 상하 실린더 이상
2084,L3016,L,3016,bool,alm,1,0,,,,,3#그립퍼 이상
2085,L3017,L,3017,bool,alm,1,0,,,,,4# PIN 상하 실린더 수동 이상
2086,L3018,L,3018,bool,alm,1,0,,,,,4# 상하 실린더 이상
2087,L3019,L,3019,bool,alm,1,0,,,,,4#그립퍼 이상
2088,L3020,L,3020,bool,alm,1,0,,,,,5# PIN 상하 실린더 수동 이상
2089,L3021,L,3021,bool,alm,1,0,,,,,5# 상하 실린더 이상
2090,L3022,L,3022,bool,alm,1,0,,,,,5# 검출 1 전후 실린더 이상
2091,L3023,L,3023,bool,alm,1,0,,,,,5# 검출 2 전후 실린더 이상
2092,L3024,L,3024,bool,alm,1,0,,,,,5# 검출 3 전후 실린더 이상
2093,L3025,L,3025,bool,alm,1,0,,,,,5# 검출 4 전후 실린더 이상
2094,L3026,L,3026,bool,alm,1,0,,,,,6# 상하 실린더 이상
2095,L3027,L,3027,bool,alm,1,0,,,,,6#그립퍼 이상
2096,L3028,L,3028,bool,alm,1,0,,,,,6# 검출 1 전후 실린더 이상
2097,L3029,L,3029,bool,alm,1,0,,,,,6# 검출 2 전후 실린더 이상
2098,L3030,L,3030,bool,alm,1,0,,,,,6# 검출 3 전후 실린더 이상
2099,L3031,L,3031,bool,alm,1,0,,,,,6# 검출 4 전후 실린더 이상
2100,L3032,L,3032,bool,alm,1,0,,,,,7# PIN 상하 실린더 수동 이상
2101,L3033,L,3033,bool,alm,1,0,,,,,7# 상하 실린더 이상
2102,L3034,L,3034,bool,alm,1,0,,,,,7#그립퍼 이상
2103,L3035,L,3035,bool,alm,1,0,,,,,8# PIN 상하 실린더 수동 이상
2104,L3036,L,3036,bool,alm,1,0,,,,,8# 상하 실린더 이상
2105,L3037,L,3037,bool,alm,1,0,,,,,8#그립퍼 이상
2106,L3038,L,3038,bool,alm,1,0,,,,,9# 상하 실린더 이상
2107,L3039,L,3039,bool,alm,1,0,,,,,9# 가로 이동 실린더 이상
2108,L3040,L,3040,bool,alm,1,0,,,,,9# 회전 실린더 이상
2109,L3041,L,3041,bool,alm,1,0,,,,,9# 그립퍼 1 이상
2110,L3042,L,3042,bool,alm,1,0,,,,,9# 그립퍼 2 이상
2111,L3043,L,3043,bool,alm,1,0,,,,,9# 그립퍼 3 이상
2112,L3044,L,3044,bool,alm,1,0,,,,,9# 그립퍼 4 이상
2113,L3045,L,3045,bool,alm,1,0,,,,,9#직진 피더 피킹 실린더 이상
2114,L3046,L,3046,bool,alm,1,0,,,,,9#직진 피더 상하 실린더 이상
2115,L3047,L,3047,bool,alm,1,0,,,,,9#직진 피더 자재 밀어내기 실린더 이상
2117,L3049,L,3049,bool,alm,1,0,,,,,10#상하 실린더 이상
2118,L3050,L,3050,bool,alm,1,0,,,,,10#그립퍼 1 이상
2119,L3051,L,3051,bool,alm,1,0,,,,,10#그립퍼 2 이상
2120,L3052,L,3052,bool,alm,1,0,,,,,10#그립퍼 3 이상
2121,L3053,L,3053,bool,alm,1,0,,,,,10#그립퍼 4 이상
2122,L3054,L,3054,bool,alm,1,0,,,,,10#자재 밀어내기 실린더 이상
2123,L3055,L,3055,bool,alm,1,0,,,,,5# PIN 상하 실린더  이상
2124,L3056,L,3056,bool,alm,1,0,,,,,6# PIN 상하 실린더  이상
2139,L800,L,800,bool,alm,1,0,,,,,리셋 시간 초과
2140,L801,L,801,bool,alm,1,0,,,,,턴테이블이 원점을 찾지 못해 알람이 울림
2141,L802,L,802,bool,alm,1,0,,,,,턴테이블 조건 부족(일시정지/안전문/급 정지)
2142,L803,L,803,bool,alm,1,0,,,,,ST1 턴테이블 조건이 부족합니다.
2143,L804,L,804,bool,alm,1,0,,,,,ST2 턴테이블 조건이 부족합니다.
2144,L805,L,805,bool,alm,1,0,,,,,ST3 턴테이블 조건이 부족합니다.
2145,L806,L,806,bool,alm,1,0,,,,,ST4 턴테이블 조건이 부족합니다.
2146,L807,L,807,bool,alm,1,0,,,,,ST5 턴테이블 조건이 부족합니다.
2147,L808,L,808,bool,alm,1,0,,,,,ST6 턴테이블 조건이 부족합니다.
2148,L809,L,809,bool,alm,1,0,,,,,ST7 턴테이블 조건이 부족합니다.
2149,L810,L,810,bool,alm,1,0,,,,,ST8 턴테이블 조건이 부족합니다.
2150,L811,L,811,bool,alm,1,0,,,,,ST9 턴테이블 조건이 부족합니다.
2151,L812,L,812,bool,alm,1,0,,,,,ST10 턴테이블 조건이 부족합니다.
2152,L813,L,813,bool,alm,1,0,,,,,ST11 턴테이블 조건이 부족합니다.
2153,L814,L,814,bool,alm,1,0,,,,,ST12 턴테이블 조건이 부족합니다.
2154,L815,L,815,bool,alm,1,0,,,,,ST13 턴테이블 조건이 부족합니다.
2155,L816,L,816,bool,alm,1,0,,,,,ST14 턴테이블 조건이 부족합니다.
2156,L817,L,817,bool,alm,1,0,,,,,ST15 턴테이블 조건이 부족합니다.
2157,L818,L,818,bool,alm,1,0,,,,,ST16 턴테이블 조건이 부족합니다.
2158,L819,L,819,bool,alm,1,0,,,,,ST17 턴테이블 조건이 부족합니다.
2159,L820,L,820,bool,alm,1,0,,,,,ST18 턴테이블 조건이 부족합니다.
2160,L821,L,821,bool,alm,1,0,,,,,ST19 턴테이블 조건이 부족합니다.
2161,L822,L,822,bool,alm,1,0,,,,,ST20 턴테이블 조건이 부족합니다.
2162,L823,L,823,bool,alm,1,0,,,,,위치 결정 모듈 1 고장
2163,L824,L,824,bool,alm,1,0,,,,,위치 결정 모듈 2 고장
2164,L825,L,825,bool,alm,1,0,,,,,위치 결정 모듈 3 고장
2165,L826,L,826,bool,alm,1,0,,,,,위치 결정 모듈 4 고장
2166,L827,L,827,bool,alm,1,0,,,,,위치 결정 모듈 5 고장
2167,L828,L,828,bool,alm,1,0,,,,,위치 결정 모듈 6 고장
2168,L829,L,829,bool,alm,1,0,,,,,위치 결정 모듈 7 고장
2169,L830,L,830,bool,alm,1,0,,,,,ST0 유닛 복귀 시간 초과
2170,L831,L,831,bool,alm,1,0,,,,,ST1 유닛 복귀 시간 초과
2171,L832,L,832,bool,alm,1,0,,,,,ST2 유닛 복귀 시간 초과
2172,L833,L,833,bool,alm,1,0,,,,,ST3 유닛 복귀 시간 초과
2173,L834,L,834,bool,alm,1,0,,,,,ST4 유닛 복귀 시간 초과
2174,L835,L,835,bool,alm,1,0,,,,,ST5 유닛 복귀 시간 초과
2175,L836,L,836,bool,alm,1,0,,,,,ST6 유닛 복귀 시간 초과
2176,L837,L,837,bool,alm,1,0,,,,,ST7 유닛 복귀 시간 초과
2177,L838,L,838,bool,alm,1,0,,,,,ST8 유닛 복귀 시간 초과
2178,L839,L,839,bool,alm,1,0,,,,,ST9 유닛 복귀 시간 초과
2179,L840,L,840,bool,alm,1,0,,,,,ST10 유닛 복귀 시간 초과
2180,L841,L,841,bool,alm,1,0,,,,,ST11 유닛 복귀 시간 초과
2181,L842,L,842,bool,alm,1,0,,,,,ST12 유닛 복귀 시간 초과
2182,L843,L,843,bool,alm,1,0,,,,,ST13 유닛 복귀 시간 초과
2183,L844,L,844,bool,alm,1,0,,,,,ST14 유닛 복귀 시간 초과
2184,L845,L,845,bool,alm,1,0,,,,,ST14 유닛 복귀 시간 초과
2185,L846,L,846,bool,alm,1,0,,,,,ST15 유닛 복귀 시간 초과
2186,L847,L,847,bool,alm,1,0,,,,,ST16 유닛 복귀 시간 초과
2187,L848,L,848,bool,alm,1,0,,,,,ST17 유닛 복귀 시간 초과
2188,L849,L,849,bool,alm,1,0,,,,,ST18 유닛 복귀 시간 초과
2189,L850,L,850,bool,alm,1,0,,,,,ST19 유닛 복귀 시간 초과
2199,L860,L,860,bool,alm,1,0,,,,,저기압 알람
2200,L861,L,861,bool,alm,1,0,,,,,3#상하 서보1 서보 알람
2201,L862,L,862,bool,alm,1,0,,,,,3#상하 서보2 서보 알람
2202,L863,L,863,bool,alm,1,0,,,,,4#상하 서보1 서보 알람
2203,L864,L,864,bool,alm,1,0,,,,,4#상하 서보2 서보 알람
2204,L865,L,865,bool,alm,1,0,,,,,5#검사 1 서보  서보 알람
2205,L866,L,866,bool,alm,1,0,,,,,5#검사 2 서보  서보 알람
2206,L867,L,867,bool,alm,1,0,,,,,5#검사 3 서보  서보 알람
2207,L868,L,868,bool,alm,1,0,,,,,5#검사 4 서보  서보 알람
2208,L869,L,869,bool,alm,1,0,,,,,6#검사 1 서보  서보 알람
2209,L870,L,870,bool,alm,1,0,,,,,6#검사 2 서보  서보 알람
2210,L871,L,871,bool,alm,1,0,,,,,6#검사 3 서보  서보 알람
2211,L872,L,872,bool,alm,1,0,,,,,6#검사 4 서보  서보 알람
2212,L873,L,873,bool,alm,1,0,,,,,10#NG 배출 서보 서보 알람
2220,L881,L,881,bool,alm,1,0,,,,,3#상하 서보 1 마이너스 리미트 이상
2221,L882,L,882,bool,alm,1,0,,,,,3#상하 서보 2 마이너스 리미트 이상
2222,L883,L,883,bool,alm,1,0,,,,,4#상하 서보 1 마이너스 리미트 이상
2223,L884,L,884,bool,alm,1,0,,,,,4#상하 서보 2 마이너스 리미트 이상
2224,L885,L,885,bool,alm,1,0,,,,,5#검사 1 서보 마이너스 리미트 이상
2225,L886,L,886,bool,alm,1,0,,,,,5#검사 2 서보 마이너스 리미트 이상
2226,L887,L,887,bool,alm,1,0,,,,,5#검사 3 서보 마이너스 리미트 이상
2227,L888,L,888,bool,alm,1,0,,,,,5#검사 4 서보 마이너스 리미트 이상
2228,L889,L,889,bool,alm,1,0,,,,,6#검사 1 서보 마이너스 리미트 이상
2229,L890,L,890,bool,alm,1,0,,,,,6#검사 2 서보 마이너스 리미트 이상
2230,L891,L,891,bool,alm,1,0,,,,,6#검사 3 서보 마이너스 리미트 이상
2231,L892,L,892,bool,alm,1,0,,,,,6#검사 4 서보 마이너스 리미트 이상
2232,L893,L,893,bool,alm,1,0,,,,,10#NG 배출 서보 마이너스 리미트 이상
2240,L901,L,901,bool,alm,1,0,,,,,3#상하 서보 1 플러스 리미트 이상
2241,L902,L,902,bool,alm,1,0,,,,,3#상하 서보 2 플러스 리미트 이상
2242,L903,L,903,bool,alm,1,0,,,,,4#상하 서보 1 플러스 리미트 이상
2243,L904,L,904,bool,alm,1,0,,,,,4#상하 서보 2 플러스 리미트 이상
2244,L905,L,905,bool,alm,1,0,,,,,5#검사 1 서보 플러스 리미트 이상
2245,L906,L,906,bool,alm,1,0,,,,,5#검사 2 서보 플러스 리미트 이상
2246,L907,L,907,bool,alm,1,0,,,,,5#검사 3 서보 플러스 리미트 이상
2247,L908,L,908,bool,alm,1,0,,,,,5#검사 4 서보 플러스 리미트 이상
2248,L909,L,909,bool,alm,1,0,,,,,6#검사 1 서보 플러스 리미트 이상
2249,L910,L,910,bool,alm,1,0,,,,,6#검사 2 서보 플러스 리미트 이상
2250,L911,L,911,bool,alm,1,0,,,,,6#검사 3 서보 플러스 리미트 이상
2251,L912,L,912,bool,alm,1,0,,,,,6#검사 4 서보 플러스 리미트 이상
2252,L913,L,913,bool,alm,1,0,,,,,10#NG 배출 서보 마이너스 리미트 이상
2330,L991,L,991,bool,alm,1,0,,,,,급정지가 눌러져 있음
2331,L992,L,992,bool,alm,1,0,,,,,일시정지 버튼이 눌려져 있음
2332,L993,L,993,bool,alm,1,0,,,,,안전문이 이미 열렸습니다.
2333,L994,L,994,bool,alm,1,0,,,,,에어 공급원  열리지 않음
2339,L2001,L,2001,bool,action,1,0,,,,,0# 이온 송풍 전자 밸브 수동 미환원
2340,L2002,L,2002,bool,action,1,0,,,,,1#직진 피더 피킹 실린더 수동 미환원
2341,L2003,L,2003,bool,action,1,0,,,,,1#직진 피더 다운 실린더 수동 미환원
2342,L2004,L,2004,bool,action,1,0,,,,,1#직진 피더 미스 실린더 수동 미환원
2343,L2005,L,2005,bool,action,1,0,,,,,1# 실린더에 직진 미스매치 수동 미환원
2344,L2006,L,2006,bool,action,1,0,,,,,1# 상/하 실린더 수동 미환원
2345,L2007,L,2007,bool,action,1,0,,,,,1# 자재 투입 가로이동 실린더 수동 미환원
2346,L2008,L,2008,bool,action,1,0,,,,,1# 자재 투입 회 실린더 수동 미환원
2347,L2009,L,2009,bool,action,1,0,,,,,1# 자재 투입 그립퍼 수동 미환원
2348,L2010,L,2010,bool,action,1,0,,,,,2# 이온 송풍 전자 밸브 수동 미환원
2349,L2011,L,2011,bool,action,1,0,,,,,2# PIN 상하 실린더 수동 미환원
2350,L2012,L,2012,bool,action,1,0,,,,,2# 상하 실린더 수동 미환원
2351,L2013,L,2013,bool,action,1,0,,,,,2# 그립퍼 수동 미환원
2352,L2014,L,2014,bool,action,1,0,,,,,3# PIN 상하 실린더 수동 미환원
2353,L2015,L,2015,bool,action,1,0,,,,,3# 상하 실린더 수동 미환원
2354,L2016,L,2016,bool,action,1,0,,,,,3# 그립퍼 수동 미환원
2355,L2017,L,2017,bool,action,1,0,,,,,4# PIN 상하 실린더 수동 미환원
2356,L2018,L,2018,bool,action,1,0,,,,,4# 상하 실린더 수동 미환원
2357,L2019,L,2019,bool,action,1,0,,,,,4# 그립퍼 수동 미환원
2358,L2020,L,2020,bool,action,1,0,,,,,5# 상하 실린더 수동 미환원
2359,L2021,L,2021,bool,action,1,0,,,,,5# 그립퍼 수동 미환원
2360,L2022,L,2022,bool,action,1,0,,,,,5#검출 1 전후 실린더 수동 미환원
2361,L2023,L,2023,bool,action,1,0,,,,,5#검출 2 전후 실린더 수동 미환원
2362,L2024,L,2024,bool,action,1,0,,,,,5#검출 3 전후 실린더 수동 미환원
2363,L2025,L,2025,bool,action,1,0,,,,,5#검출 4 전후 실린더 수동 미환원
2364,L2026,L,2026,bool,action,1,0,,,,,6# 상하 실린더 수동 미환원
2365,L2027,L,2027,bool,action,1,0,,,,,6# 그립퍼 수동 미환원
2366,L2028,L,2028,bool,action,1,0,,,,,6#검출 1 전후 실린더 수동 미환원
2367,L2029,L,2029,bool,action,1,0,,,,,6#검출 2 전후 실린더 수동 미환원
2368,L2030,L,2030,bool,action,1,0,,,,,6#검출 3 전후 실린더 수동 미환원
2369,L2031,L,2031,bool,action,1,0,,,,,6#검출 4 전후 실린더 수동 미환원
2370,L2032,L,2032,bool,action,1,0,,,,,7# PIN 상하 실린더 수동 미환원
2371,L2033,L,2033,bool,action,1,0,,,,,7# 상하 실린더 수동 미환원
2372,L2034,L,2034,bool,action,1,0,,,,,7# 그립퍼 수동 미환원
2373,L2035,L,2035,bool,action,1,0,,,,,8# PIN 상하 실린더 수동 미환원
2374,L2036,L,2036,bool,action,1,0,,,,,8# 상하 실린더 수동 미환원
2375,L2037,L,2037,bool,action,1,0,,,,,8# 그립퍼 수동 미환원
2376,L2038,L,2038,bool,action,1,0,,,,,9# 상하 실린더 수동 미환원
2377,L2039,L,2039,bool,action,1,0,,,,,9#가로이동 실린더 수동 미환원
2378,L2040,L,2040,bool,action,1,0,,,,,9#회전 실린더 수동 미환원
2379,L2041,L,2041,bool,action,1,0,,,,,9#그립퍼 1 수동 미환원
2380,L2042,L,2042,bool,action,1,0,,,,,9#그립퍼 2 수동 미환원
2381,L2043,L,2043,bool,action,1,0,,,,,9#그립퍼 3 수동 미환원
2382,L2044,L,2044,bool,action,1,0,,,,,9#그립퍼 4 수동 미환원
2383,L2045,L,2045,bool,action,1,0,,,,,9#직진 피더 피킹 실린더 수동 미환원
2384,L2046,L,2046,bool,action,1,0,,,,,9#직진 피더 상하 실린더 수동 미환원
2385,L2047,L,2047,bool,action,1,0,,,,,9#직진 피더 자재 밀어내기 실린더 수동 미환원
2387,L2049,L,2049,bool,action,1,0,,,,,10#상하 실린더 수동 미환원
2388,L2050,L,2050,bool,action,1,0,,,,,10#그립퍼 1 수동 미환원
2389,L2051,L,2051,bool,action,1,0,,,,,10#그립퍼 2 수동 미환원
2390,L2052,L,2052,bool,action,1,0,,,,,10#그립퍼 3 수동 미환원
2391,L2053,L,2053,bool,action,1,0,,,,,10#그립퍼 4 수동 미환원
2392,L2054,L,2054,bool,action,1,0,,,,,10#자재 밀어내기 실린더 수동 미환원
2393,L2055,L,2055,bool,action,1,0,,,,,5# PIN 상하 실린더 수동 미환원
2394,L2056,L,2056,bool,action,1,0,,,,,6# PIN 상하 실린더 수동 미환원
2408,L3001,L,3001,bool,action,1,0,,,,,0# 이온 송풍 전자 밸브 이상
2409,L3002,L,3002,bool,action,1,0,,,,,1#직진 피더 피킹 실린더 이상
2410,L3003,L,3003,bool,action,1,0,,,,,1#직진 피더 다운 실린더 이상
2411,L3004,L,3004,bool,action,1,0,,,,,1#직진 피더  자재 분활 실린더 이상
2412,L3005,L,3005,bool,action,1,0,,,,,1#직진 피더 자재 분활 위치고정 실린더 이상
2413,L3006,L,3006,bool,action,1,0,,,,,1#자재 투입 상하 실린더 이상
2414,L3007,L,3007,bool,action,1,0,,,,,1# 자재 투입 가로 이동 실린더 이상
2415,L3008,L,3008,bool,action,1,0,,,,,1# 자재 투입 회전 이동 실린더 이상
2416,L3009,L,3009,bool,action,1,0,,,,,1# 자재 투입 그립퍼 이상
2417,L3010,L,3010,bool,action,1,0,,,,,2# 이온 송풍 전자 밸브 이상
2418,L3011,L,3011,bool,action,1,0,,,,,2# PIN 상하 실린더 수동 이상
2419,L3012,L,3012,bool,action,1,0,,,,,2# 상하 실린더 이상
2420,L3013,L,3013,bool,action,1,0,,,,,2#그립퍼 이상
2421,L3014,L,3014,bool,action,1,0,,,,,3# PIN 상하 실린더 수동 이상
2422,L3015,L,3015,bool,action,1,0,,,,,3# 상하 실린더 이상
2423,L3016,L,3016,bool,action,1,0,,,,,3#그립퍼 이상
2424,L3017,L,3017,bool,action,1,0,,,,,4# PIN 상하 실린더 수동 이상
2425,L3018,L,3018,bool,action,1,0,,,,,4# 상하 실린더 이상
2426,L3019,L,3019,bool,action,1,0,,,,,4#그립퍼 이상
2427,L3020,L,3020,bool,action,1,0,,,,,5# PIN 상하 실린더 수동 이상
2428,L3021,L,3021,bool,action,1,0,,,,,5# 상하 실린더 이상
2429,L3022,L,3022,bool,action,1,0,,,,,5# 검출 1 전후 실린더 이상
2430,L3023,L,3023,bool,action,1,0,,,,,5# 검출 2 전후 실린더 이상
2431,L3024,L,3024,bool,action,1,0,,,,,5# 검출 3 전후 실린더 이상
2432,L3025,L,3025,bool,action,1,0,,,,,5# 검출 4 전후 실린더 이상
2433,L3026,L,3026,bool,action,1,0,,,,,6# 상하 실린더 이상
2434,L3027,L,3027,bool,action,1,0,,,,,6#그립퍼 이상
2435,L3028,L,3028,bool,action,1,0,,,,,6# 검출 1 전후 실린더 이상
2436,L3029,L,3029,bool,action,1,0,,,,,6# 검출 2 전후 실린더 이상
2437,L3030,L,3030,bool,action,1,0,,,,,6# 검출 3 전후 실린더 이상
2438,L3031,L,3031,bool,action,1,0,,,,,6# 검출 4 전후 실린더 이상
2439,L3032,L,3032,bool,action,1,0,,,,,7# PIN 상하 실린더 수동 이상
2440,L3033,L,3033,bool,action,1,0,,,,,7# 상하 실린더 이상
2441,L3034,L,3034,bool,action,1,0,,,,,7#그립퍼 이상
2442,L3035,L,3035,bool,action,1,0,,,,,8# PIN 상하 실린더 수동 이상
2443,L3036,L,3036,bool,action,1,0,,,,,8# 상하 실린더 이상
2444,L3037,L,3037,bool,action,1,0,,,,,8#그립퍼 이상
2445,L3038,L,3038,bool,action,1,0,,,,,9# 상하 실린더 이상
2446,L3039,L,3039,bool,action,1,0,,,,,9# 가로 이동 실린더 이상
2447,L3040,L,3040,bool,action,1,0,,,,,9# 회전 실린더 이상
2448,L3041,L,3041,bool,action,1,0,,,,,9# 그립퍼 1 이상
2449,L3042,L,3042,bool,action,1,0,,,,,9# 그립퍼 2 이상
2450,L3043,L,3043,bool,action,1,0,,,,,9# 그립퍼 3 이상
2451,L3044,L,3044,bool,action,1,0,,,,,9# 그립퍼 4 이상
2452,L3045,L,3045,bool,action,1,0,,,,,9#직진 피더 피킹 실린더 이상
2453,L3046,L,3046,bool,action,1,0,,,,,9#직진 피더 상하 실린더 이상
2454,L3047,L,3047,bool,action,1,0,,,,,9#직진 피더 자재 밀어내기 실린더 이상
2456,L3049,L,3049,bool,action,1,0,,,,,10#상하 실린더 이상
2457,L3050,L,3050,bool,action,1,0,,,,,10#그립퍼 1 이상
2458,L3051,L,3051,bool,action,1,0,,,,,10#그립퍼 2 이상
2459,L3052,L,3052,bool,action,1,0,,,,,10#그립퍼 3 이상
2460,L3053,L,3053,bool,action,1,0,,,,,10#그립퍼 4 이상
2461,L3054,L,3054,bool,action,1,0,,,,,10#자재 밀어내기 실린더 이상
2462,L3055,L,3055,bool,action,1,0,,,,,5# PIN 상하 실린더  이상
2463,L3056,L,3056,bool,action,1,0,,,,,6# PIN 상하 실린더  이상
2478,L800,L,800,bool,action,1,0,,,,,리셋 시간 초과
2479,L801,L,801,bool,action,1,0,,,,,턴테이블이 원점을 찾지 못해 알람이 울림
2480,L802,L,802,bool,action,1,0,,,,,턴테이블 조건 부족(일시정지/안전문/급 정지)
2481,L803,L,803,bool,action,1,0,,,,,ST1 턴테이블 조건이 부족합니다.
2482,L804,L,804,bool,action,1,0,,,,,ST2 턴테이블 조건이 부족합니다.
2483,L805,L,805,bool,action,1,0,,,,,ST3 턴테이블 조건이 부족합니다.
2484,L806,L,806,bool,action,1,0,,,,,ST4 턴테이블 조건이 부족합니다.
2485,L807,L,807,bool,action,1,0,,,,,ST5 턴테이블 조건이 부족합니다.
2486,L808,L,808,bool,action,1,0,,,,,ST6 턴테이블 조건이 부족합니다.
2487,L809,L,809,bool,action,1,0,,,,,ST7 턴테이블 조건이 부족합니다.
2488,L810,L,810,bool,action,1,0,,,,,ST8 턴테이블 조건이 부족합니다.
2489,L811,L,811,bool,action,1,0,,,,,ST9 턴테이블 조건이 부족합니다.
2490,L812,L,812,bool,action,1,0,,,,,ST10 턴테이블 조건이 부족합니다.
2491,L813,L,813,bool,action,1,0,,,,,ST11 턴테이블 조건이 부족합니다.
2492,L814,L,814,bool,action,1,0,,,,,ST12 턴테이블 조건이 부족합니다.
2493,L815,L,815,bool,action,1,0,,,,,ST13 턴테이블 조건이 부족합니다.
2494,L816,L,816,bool,action,1,0,,,,,ST14 턴테이블 조건이 부족합니다.
2495,L817,L,817,bool,action,1,0,,,,,ST15 턴테이블 조건이 부족합니다.
2496,L818,L,818,bool,action,1,0,,,,,ST16 턴테이블 조건이 부족합니다.
2497,L819,L,819,bool,action,1,0,,,,,ST17 턴테이블 조건이 부족합니다.
2498,L820,L,820,bool,action,1,0,,,,,ST18 턴테이블 조건이 부족합니다.
2499,L821,L,821,bool,action,1,0,,,,,ST19 턴테이블 조건이 부족합니다.
2500,L822,L,822,bool,action,1,0,,,,,ST20 턴테이블 조건이 부족합니다.
2501,L823,L,823,bool,action,1,0,,,,,위치 결정 모듈 1 고장
2502,L824,L,824,bool,action,1,0,,,,,위치 결정 모듈 2 고장
2503,L825,L,825,bool,action,1,0,,,,,위치 결정 모듈 3 고장
2504,L826,L,826,bool,action,1,0,,,,,위치 결정 모듈 4 고장
2505,L827,L,827,bool,action,1,0,,,,,위치 결정 모듈 5 고장
2506,L828,L,828,bool,action,1,0,,,,,위치 결정 모듈 6 고장
2507,L829,L,829,bool,action,1,0,,,,,위치 결정 모듈 7 고장
2508,L830,L,830,bool,action,1,0,,,,,ST0 유닛 복귀 시간 초과
2509,L831,L,831,bool,action,1,0,,,,,ST1 유닛 복귀 시간 초과
2510,L832,L,832,bool,action,1,0,,,,,ST2 유닛 복귀 시간 초과
2511,L833,L,833,bool,action,1,0,,,,,ST3 유닛 복귀 시간 초과
2512,L834,L,834,bool,action,1,0,,,,,ST4 유닛 복귀 시간 초과
2513,L835,L,835,bool,action,1,0,,,,,ST5 유닛 복귀 시간 초과
2514,L836,L,836,bool,action,1,0,,,,,ST6 유닛 복귀 시간 초과
2515,L837,L,837,bool,action,1,0,,,,,ST7 유닛 복귀 시간 초과
2516,L838,L,838,bool,action,1,0,,,,,ST8 유닛 복귀 시간 초과
2517,L839,L,839,bool,action,1,0,,,,,ST9 유닛 복귀 시간 초과
2518,L840,L,840,bool,action,1,0,,,,,ST10 유닛 복귀 시간 초과
2519,L841,L,841,bool,action,1,0,,,,,ST11 유닛 복귀 시간 초과
2520,L842,L,842,bool,action,1,0,,,,,ST12 유닛 복귀 시간 초과
2521,L843,L,843,bool,action,1,0,,,,,ST13 유닛 복귀 시간 초과
2522,L844,L,844,bool,action,1,0,,,,,ST14 유닛 복귀 시간 초과
2523,L845,L,845,bool,action,1,0,,,,,ST14 유닛 복귀 시간 초과
2524,L846,L,846,bool,action,1,0,,,,,ST15 유닛 복귀 시간 초과
2525,L847,L,847,bool,action,1,0,,,,,ST16 유닛 복귀 시간 초과
2526,L848,L,848,bool,action,1,0,,,,,ST17 유닛 복귀 시간 초과
2527,L849,L,849,bool,action,1,0,,,,,ST18 유닛 복귀 시간 초과
2528,L850,L,850,bool,action,1,0,,,,,ST19 유닛 복귀 시간 초과
2538,L860,L,860,bool,action,1,0,,,,,저기압 알람
2539,L861,L,861,bool,action,1,0,,,,,3#상하 서보1 서보 알람
2540,L862,L,862,bool,action,1,0,,,,,3#상하 서보2 서보 알람
2541,L863,L,863,bool,action,1,0,,,,,4#상하 서보1 서보 알람
2542,L864,L,864,bool,action,1,0,,,,,4#상하 서보2 서보 알람
2543,L865,L,865,bool,action,1,0,,,,,5#검사 1 서보  서보 알람
2544,L866,L,866,bool,action,1,0,,,,,5#검사 2 서보  서보 알람
2545,L867,L,867,bool,action,1,0,,,,,5#검사 3 서보  서보 알람
2546,L868,L,868,bool,action,1,0,,,,,5#검사 4 서보  서보 알람
2547,L869,L,869,bool,action,1,0,,,,,6#검사 1 서보  서보 알람
2548,L870,L,870,bool,action,1,0,,,,,6#검사 2 서보  서보 알람
2549,L871,L,871,bool,action,1,0,,,,,6#검사 3 서보  서보 알람
2550,L872,L,872,bool,action,1,0,,,,,6#검사 4 서보  서보 알람
2551,L873,L,873,bool,action,1,0,,,,,10#NG 배출 서보 서보 알람
2559,L881,L,881,bool,action,1,0,,,,,3#상하 서보 1 마이너스 리미트 이상
2560,L882,L,882,bool,action,1,0,,,,,3#상하 서보 2 마이너스 리미트 이상
2561,L883,L,883,bool,action,1,0,,,,,4#상하 서보 1 마이너스 리미트 이상
2562,L884,L,884,bool,action,1,0,,,,,4#상하 서보 2 마이너스 리미트 이상
2563,L885,L,885,bool,action,1,0,,,,,5#검사 1 서보 마이너스 리미트 이상
2564,L886,L,886,bool,action,1,0,,,,,5#검사 2 서보 마이너스 리미트 이상
2565,L887,L,887,bool,action,1,0,,,,,5#검사 3 서보 마이너스 리미트 이상
2566,L888,L,888,bool,action,1,0,,,,,5#검사 4 서보 마이너스 리미트 이상
2567,L889,L,889,bool,action,1,0,,,,,6#검사 1 서보 마이너스 리미트 이상
2568,L890,L,890,bool,action,1,0,,,,,6#검사 2 서보 마이너스 리미트 이상
2569,L891,L,891,bool,action,1,0,,,,,6#검사 3 서보 마이너스 리미트 이상
2570,L892,L,892,bool,action,1,0,,,,,6#검사 4 서보 마이너스 리미트 이상
2571,L893,L,893,bool,action,1,0,,,,,10#NG 배출 서보 마이너스 리미트 이상
2579,L901,L,901,bool,action,1,0,,,,,3#상하 서보 1 플러스 리미트 이상
2580,L902,L,902,bool,action,1,0,,,,,3#상하 서보 2 플러스 리미트 이상
2581,L903,L,903,bool,action,1,0,,,,,4#상하 서보 1 플러스 리미트 이상
2582,L904,L,904,bool,action,1,0,,,,,4#상하 서보 2 플러스 리미트 이상
2583,L905,L,905,bool,action,1,0,,,,,5#검사 1 서보 플러스 리미트 이상
2584,L906,L,906,bool,action,1,0,,,,,5#검사 2 서보 플러스 리미트 이상
2585,L907,L,907,bool,action,1,0,,,,,5#검사 3 서보 플러스 리미트 이상
2586,L908,L,908,bool,action,1,0,,,,,5#검사 4 서보 플러스 리미트 이상
2587,L909,L,909,bool,action,1,0,,,,,6#검사 1 서보 플러스 리미트 이상
2588,L910,L,910,bool,action,1,0,,,,,6#검사 2 서보 플러스 리미트 이상
2589,L911,L,911,bool,action,1,0,,,,,6#검사 3 서보 플러스 리미트 이상
2590,L912,L,912,bool,action,1,0,,,,,6#검사 4 서보 플러스 리미트 이상
2591,L913,L,913,bool,action,1,0,,,,,10#NG 배출 서보 마이너스 리미트 이상
2669,L991,L,991,bool,action,1,0,,,,,급정지가 눌러져 있음
2670,L992,L,992,bool,action,1,0,,,,,일시정지 버튼이 눌려져 있음
2671,L993,L,993,bool,action,1,0,,,,,안전문이 이미 열렸습니다.
2672,L994,L,994,bool,action,1,0,,,,,에어 공급원  열리지 않음
2678,L780,L,780,bool,action,1,0,,,,,9#  직진 피트  자재 만재
2679,L788,L,788,bool,action,1,0,,,,,9#직진피더 만재
2680,L789,L,789,bool,action,1,0,,,,,10#자재 부족
2681,L790,L,790,bool,action,1,0,,,,,1#자재
2682,L791,L,791,bool,action,1,0,,,,,1#자재오기를 대기
4000,D1520,D,1520,uint16,plc_setting_data,0.1,0,,,,,setting_st00_ion_blow_on_time
4001,D1522,D,1522,uint16,plc_setting_data,0.1,0,,,,,setting_st00_ion_blow_off_time
4002,D1524,D,1524,uint16,plc_setting_data,1,0,,,,,setting_st00_ion_blow_pcs
4003,D3400,D,3400,uint16,plc_product_data,0.1,0,,2,,,status_st00_ion_blower_ct
4004,D1500,D,1500,uint16,plc_setting_data,0.1,0,,,,,setting_st01_material_arrival_delay
4005,D1530,D,1530,uint16,plc_setting_data,0.1,0,,,,,setting_st01_material_empty_alarm
4006,D1532,D,1532,uint16,plc_setting_data,0.1,0,,,,,setting_st01_material_empty_stop
4007,D3401,D,3401,uint16,plc_product_data,0.1,0,,2,,,status_st01_product_loading_ct
4008,L101,L,101,bool,plc_product_data,1,0,,,,,status_st01_product_loading_exception
4009,L121,L,121,bool,plc_product_data,1,0,,,,,status_st01_product_loading_origin
4010,L141,L,141,bool,plc_product_data,1,0,,,,,status_st01_product_loading_active
4011,L161,L,161,bool,plc_product_data,1,0,,,,,status_st01_product_loading_empty
4012,D228,D,228,uint32,plc_product_data,1,0,,2,,,measurement_st02_aging_product_01_l_on_pcs
4013,D230,D,230,uint32,plc_product_data,1,0,,2,,,measurement_st02_aging_product_01_r_on_pcs
4014,D232,D,232,uint32,plc_product_data,1,0,,2,,,measurement_st02_aging_product_02_l_on_pcs
4015,D234,D,234,uint32,plc_product_data,1,0,,2,,,measurement_st02_aging_product_02_r_on_pcs
4016,D236,D,236,uint32,plc_product_data,1,0,,2,,,measurement_st02_aging_product_03_l_on_pcs
4017,D238,D,238,uint32,plc_product_data,1,0,,2,,,measurement_st02_aging_product_03_r_on_pcs
4018,D240,D,240,uint32,plc_product_data,1,0,,2,,,measurement_st02_aging_product_04_l_on_pcs
4019,D242,D,242,uint32,plc_product_data,1,0,,2,,,measurement_st02_aging_product_04_r_on_pcs
4020,D244,D,244,uint32,plc_product_data,1,0,,2,,,measurement_st02_aging_product_01_l_off_pcs
4021,D246,D,246,uint32,plc_product_data,1,0,,2,,,measurement_st02_aging_product_01_r_off_pcs
4022,D248,D,248,uint32,plc_product_data,1,0,,2,,,measurement_st02_aging_product_02_l_off_pcs
4023,D250,D,250,uint32,plc_product_data,1,0,,2,,,measurement_st02_aging_product_02_r_off_pcs
4024,D252,D,252,uint32,plc_product_data,1,0,,2,,,measurement_st02_aging_product_03_l_off_pcs
4025,D254,D,254,uint32,plc_product_data,1,0,,2,,,measurement_st02_aging_product_03_r_off_pcs
4026,D256,D,256,uint32,plc_product_data,1,0,,2,,,measurement_st02_aging_product_04_l_off_pcs
4027,D258,D,258,uint32,plc_product_data,1,0,,2,,,measurement_st02_aging_product_04_r_off_pcs
4028,D268,D,268,uint32,plc_setting_data,1,0,,,,,setting_st02_aging_product_detect_time_setting
4029,D270,D,270,uint32,plc_product_data,0.01,0,,,,,judgment_st02_aging_product_01_result_state
4030,D272,D,272,uint32,plc_product_data,0.01,0,,,,,judgment_st02_aging_product_02_result_state
4031,D274,D,274,uint32,plc_product_data,0.01,0,,,,,judgment_st02_aging_product_03_result_state
4032,D276,D,276,uint32,plc_product_data,0.01,0,,,,,judgment_st02_aging_product_04_result_state
4033,D280,D,280,uint16,plc_setting_data,0.01,0,,,,,setting_st02_aging_on_delay
4034,D282,D,282,uint16,plc_setting_data,0.01,0,,,,,setting_st02_aging_off_delay
4035,D284,D,284,uint16,plc_setting_data,1,0,,1,,,setting_st02_aging_ng_repeat
4036,D800,D,800,uint32,plc_product_data,1,0,,6,,,counter_st02_aging_total_ng
4037,D2592,D,2592,uint32,plc_product_data,1,0,,6,,,counter_st02_aging_product_01_ng
4038,D2596,D,2596,uint32,plc_product_data,1,0,,6,,,counter_st02_aging_product_02_ng
4039,D2600,D,2600,uint32,plc_product_data,1,0,,6,,,counter_st02_aging_product_03_ng
4040,D2604,D,2604,uint32,plc_product_data,1,0,,6,,,counter_st02_aging_product_04_ng
4041,D3402,D,3402,uint16,plc_product_data,0.1,0,,2,,,status_st02_aging_process_ct
4042,L102,L,102,bool,plc_product_data,1,0,,,,,status_st02_aging_process_exception
4043,L122,L,122,bool,plc_product_data,1,0,,,,,status_st02_aging_process_origin
4044,L142,L,142,bool,plc_product_data,1,0,,,,,status_st02_aging_process_active
4045,L162,L,162,bool,plc_product_data,1,0,,,,,status_st02_aging_process_empty
4046,D390,D,390,float32,plc_setting_data,1,0,2,,,,setting_st03_release_force_ccd_01_upper
4047,D392,D,392,float32,plc_setting_data,1,0,2,,,,setting_st03_release_force_ccd_01_lower
4048,D394,D,394,float32,plc_setting_data,1,0,2,,,,setting_st03_release_force_ccd_02_upper
4049,D396,D,396,float32,plc_setting_data,1,0,2,,,,setting_st03_release_force_ccd_02_lower
4050,D410,D,410,uint32,plc_product_data,0.01,0,,,,,judgment_st03_release_force_ccd_01_l_result_state
4051,D412,D,412,uint32,plc_product_data,0.01,0,,,,,judgment_st03_release_force_ccd_01_r_result_state
4052,D414,D,414,uint32,plc_product_data,0.01,0,,,,,judgment_st03_release_force_ccd_02_l_result_state
4053,D416,D,416,uint32,plc_product_data,0.01,0,,,,,judgment_st03_release_force_ccd_02_r_result_state
4054,D500,D,500,int32,plc_setting_data,0.01,0,,,,,setting_st03_release_force_01_updown_origin_position_mm
4055,D502,D,502,int32,plc_setting_data,0.01,0,,,,,setting_st03_release_force_01_updown_touch_search_start_mm
4056,D504,D,504,int32,plc_setting_data,0.01,0,,,,,setting_st03_release_force_01_updown_touch_search_limit_mm
4057,D506,D,506,int32,plc_setting_data,0.01,0,,,,,setting_st03_release_force_01_updown_detect_end_pos_mm
4058,D520,D,520,int32,plc_setting_data,0.01,0,,,,,setting_st03_release_force_02_updown_origin_position_mm
4059,D522,D,522,int32,plc_setting_data,0.01,0,,,,,setting_st03_release_force_02_updown_touch_search_start_mm
4060,D524,D,524,int32,plc_setting_data,0.01,0,,,,,setting_st03_release_force_02_updown_touch_search_limit_mm
4061,D526,D,526,int32,plc_setting_data,0.01,0,,,,,setting_st03_release_force_02_updown_detect_end_pos_mm
4062,D1006,D,1006,int32,plc_product_data,0.01,0,,5,,,measurement_st03_release_force_01_updown_act_current_pos_mm
4063,D1012,D,1012,uint32,plc_setting_data,0.01,0,,,,,setting_st03_release_force_servo_data_01_search_speed
4064,D1014,D,1014,uint32,plc_setting_data,0.01,0,,,,,setting_st03_release_force_servo_data_01_detect_speed
4065,D1026,D,1026,int32,plc_product_data,0.01,0,,5,,,measurement_st03_release_force_02_updown_act_current_pos_mm
4066,D1032,D,1032,uint32,plc_setting_data,0.01,0,,,,,setting_st03_release_force_servo_data_02_search_speed
4067,D1034,D,1034,uint32,plc_setting_data,0.01,0,,,,,setting_st03_release_force_servo_data_02_detect_speed
4068,D1504,D,1504,int16,plc_setting_data,1,0,,3,,,setting_st03_release_force_04_continuous_ng_alarm
4069,D2200,D,2200,float32,plc_setting_data,1,0,2,,,,setting_st03_release_force_gap_act_01_upper
4070,D2202,D,2202,float32,plc_setting_data,1,0,2,,,,setting_st03_release_force_gap_act_01_lower
4071,D2204,D,2204,float32,plc_setting_data,1,0,3,,,,setting_st03_release_force_compensation_gap_act_01_l
4072,D2206,D,2206,float32,plc_setting_data,1,0,3,,,,setting_st03_release_force_compensation_gap_act_01_r
4073,D2208,D,2208,float32,plc_setting_data,1,0,1,,,,setting_st03_release_force_01_upper
4074,D2210,D,2210,float32,plc_setting_data,1,0,1,,,,setting_st03_release_force_01_lower
4075,D2212,D,2212,float32,plc_setting_data,1,0,3,,,,setting_st03_release_force_compensation_01_l
4076,D2214,D,2214,float32,plc_setting_data,1,0,3,,,,setting_st03_release_force_compensation_01_r
4077,D2218,D,2218,float32,plc_product_data,1,0,2,,,,measurement_st03_release_force_contact_gap_01_l_distance_result_mm
4078,D2222,D,2222,float32,plc_product_data,1,0,2,,,,measurement_st03_release_force_contact_gap_01_r_distance_result_mm
4079,D2226,D,2226,float32,plc_product_data,1,0,2,,,,measurement_st03_release_force_01_l_pressure_result_g
4080,D2230,D,2230,float32,plc_product_data,1,0,2,,,,measurement_st03_release_force_01_r_pressure_result_g
4081,D2232,D,2232,uint32,plc_product_data,0.01,0,,,,,judgment_st03_release_force_contact_gap_01_l_result_state
4082,D2234,D,2234,uint32,plc_product_data,0.01,0,,,,,judgment_st03_release_force_contact_gap_01_r_result_state
4083,D2236,D,2236,uint32,plc_product_data,0.01,0,,,,,judgment_st03_release_force_01_l_result_state
4084,D2238,D,2238,uint32,plc_product_data,0.01,0,,,,,judgment_st03_release_force_01_r_result_state
4085,D2240,D,2240,float32,plc_setting_data,1,0,2,,,,setting_st03_release_force_gap_act_02_upper
4086,D2242,D,2242,float32,plc_setting_data,1,0,2,,,,setting_st03_release_force_gap_act_02_lower
4087,D2244,D,2244,float32,plc_setting_data,1,0,3,,,,setting_st03_release_force_compensation_gap_act_02_l
4088,D2246,D,2246,float32,plc_setting_data,1,0,3,,,,setting_st03_release_force_compensation_gap_act_02_r
4089,D2248,D,2248,float32,plc_setting_data,1,0,1,,,,setting_st03_release_force_02_upper
4090,D2250,D,2250,float32,plc_setting_data,1,0,1,,,,setting_st03_release_force_02_lower
4091,D2252,D,2252,float32,plc_setting_data,1,0,3,,,,setting_st03_release_force_compensation_02_l
4092,D2254,D,2254,float32,plc_setting_data,1,0,3,,,,setting_st03_release_force_compensation_02_r
4093,D2258,D,2258,float32,plc_product_data,1,0,2,,,,measurement_st03_release_force_contact_gap_02_l_distance_result_mm
4094,D2262,D,2262,float32,plc_product_data,1,0,2,,,,measurement_st03_release_force_contact_gap_02_r_distance_result_mm
4095,D2266,D,2266,float32,plc_product_data,1,0,2,,,,measurement_st03_release_force_02_l_pressure_result_g
4096,D2270,D,2270,float32,plc_product_data,1,0,2,,,,measurement_st03_release_force_02_r_pressure_result_g
4097,D2272,D,2272,uint32,plc_product_data,0.01,0,,,,,judgment_st03_release_force_contact_gap_02_l_result_state
4098,D2274,D,2274,uint32,plc_product_data,0.01,0,,,,,judgment_st03_release_force_contact_gap_02_r_result_state
4099,D2276,D,2276,uint32,plc_product_data,0.01,0,,,,,judgment_st03_release_force_02_l_result_state
4100,D2278,D,2278,uint32,plc_product_data,0.01,0,,,,,judgment_st03_release_force_02_r_result_state
4101,D2280,D,2280,uint16,plc_setting_data,0.01,0,,,,,setting_st03_release_force_04_collision_detection
4102,D2420,D,2420,float32,plc_setting_data,1,0,3,,,,setting_st03_release_force_compensation_ccd_01_l
4103,D2422,D,2422,float32,plc_setting_data,1,0,3,,,,setting_st03_release_force_compensation_ccd_01_r
4104,D2424,D,2424,float32,plc_setting_data,1,0,3,,,,setting_st03_release_force_compensation_ccd_02_l
4105,D2426,D,2426,float32,plc_setting_data,1,0,3,,,,setting_st03_release_force_compensation_ccd_02_r
4106,D2440,D,2440,float32,plc_product_data,1,0,2,,,,measurement_st03_release_force_ccd_01_l_corrected_data_mm
4107,D2442,D,2442,float32,plc_product_data,1,0,2,,,,measurement_st03_release_force_ccd_01_r_corrected_data_mm
4108,D2444,D,2444,float32,plc_product_data,1,0,2,,,,measurement_st03_release_force_ccd_02_l_corrected_data_mm
4109,D2446,D,2446,float32,plc_product_data,1,0,2,,,,measurement_st03_release_force_ccd_02_r_corrected_data_mm
4110,D2532,D,2532,uint32,plc_product_data,1,0,,6,,,counter_st03_release_force_ccd_01_ng
4111,D2536,D,2536,uint32,plc_product_data,1,0,,6,,,counter_st03_release_force_ccd_02_ng
4112,D2540,D,2540,uint32,plc_product_data,1,0,,6,,,counter_st03_release_force_01_distance_ng
4113,D2544,D,2544,uint32,plc_product_data,1,0,,6,,,counter_st03_release_force_01_forced_eject_ng
4114,D2548,D,2548,uint32,plc_product_data,1,0,,6,,,counter_st03_release_force_02_distance_ng
4115,D2552,D,2552,uint32,plc_product_data,1,0,,6,,,counter_st03_release_force_02_forced_eject_ng
4116,D3403,D,3403,uint16,plc_product_data,0.1,0,,2,,,status_st03_release_force_ct
4117,D3700,D,3700,uint16,plc_setting_data,1,0,,,,,setting_st03_release_force_ccd_01_file_input
4118,D3701,D,3701,uint16,plc_setting_data,1,0,,,,,setting_st03_release_force_ccd_02_file_input
4119,D3702,D,3702,uint16,plc_setting_data,1,0,,,,,setting_st03_release_force_ccd_03_file_input
4120,D3703,D,3703,uint16,plc_setting_data,1,0,,,,,setting_st03_release_force_ccd_04_file_input
4121,L103,L,103,bool,plc_product_data,1,0,,,,,status_st03_release_force_exception
4122,L123,L,123,bool,plc_product_data,1,0,,,,,status_st03_release_force_origin
4123,L143,L,143,bool,plc_product_data,1,0,,,,,status_st03_release_force_active
4124,L163,L,163,bool,plc_product_data,1,0,,,,,status_st03_release_force_empty
4125,D400,D,400,float32,plc_setting_data,1,0,2,,,,setting_st04_release_force_ccd_01_upper
4126,D402,D,402,float32,plc_setting_data,1,0,2,,,,setting_st04_release_force_ccd_01_lower
4127,D404,D,404,float32,plc_setting_data,1,0,2,,,,setting_st04_release_force_ccd_02_upper
4128,D406,D,406,float32,plc_setting_data,1,0,2,,,,setting_st04_release_force_ccd_02_lower
4129,D420,D,420,uint32,plc_product_data,0.01,0,,,,,judgment_st04_release_force_ccd_01_l_result_state
4130,D422,D,422,uint32,plc_product_data,0.01,0,,,,,judgment_st04_release_force_ccd_01_r_result_state
4131,D424,D,424,uint32,plc_product_data,0.01,0,,,,,judgment_st04_release_force_ccd_02_l_result_state
4132,D426,D,426,uint32,plc_product_data,0.01,0,,,,,judgment_st04_release_force_ccd_02_r_result_state
4133,D540,D,540,int32,plc_setting_data,0.01,0,,,,,setting_st04_release_force_01_updown_origin_position_mm
4134,D542,D,542,int32,plc_setting_data,0.01,0,,,,,setting_st04_release_force_01_updown_touch_search_start_mm
4135,D544,D,544,int32,plc_setting_data,0.01,0,,,,,setting_st04_release_force_01_updown_touch_search_limit_mm
4136,D546,D,546,int32,plc_setting_data,0.01,0,,,,,setting_st04_release_force_01_updown_detect_end_pos_mm
4137,D560,D,560,int32,plc_setting_data,0.01,0,,,,,setting_st04_release_force_02_updown_origin_position_mm
4138,D562,D,562,int32,plc_setting_data,0.01,0,,,,,setting_st04_release_force_02_updown_touch_search_start_mm
4139,D564,D,564,int32,plc_setting_data,0.01,0,,,,,setting_st04_release_force_02_updown_touch_search_limit_mm
4140,D566,D,566,int32,plc_setting_data,0.01,0,,,,,setting_st04_release_force_02_updown_detect_end_pos_mm
4141,D1046,D,1046,int32,plc_product_data,0.01,0,,5,,,measurement_st04_release_force_01_updown_act_current_pos_mm
4142,D1052,D,1052,uint32,plc_setting_data,0.01,0,,,,,setting_st04_release_force_servo_data_01_search_speed
4143,D1054,D,1054,uint32,plc_setting_data,0.01,0,,,,,setting_st04_release_force_servo_data_01_detect_speed
4144,D1066,D,1066,int32,plc_product_data,0.01,0,,5,,,measurement_st04_release_force_02_updown_act_current_pos_mm
4145,D1072,D,1072,uint32,plc_setting_data,0.01,0,,,,,setting_st04_release_force_servo_data_02_search_speed
4146,D1074,D,1074,uint32,plc_setting_data,0.01,0,,,,,setting_st04_release_force_servo_data_02_detect_speed
4147,D2300,D,2300,float32,plc_setting_data,1,0,2,,,,setting_st04_release_force_gap_act_01_upper
4148,D2302,D,2302,float32,plc_setting_data,1,0,2,,,,setting_st04_release_force_gap_act_01_lower
4149,D2304,D,2304,float32,plc_setting_data,1,0,3,,,,setting_st04_release_force_compensation_gap_act_01_l
4150,D2306,D,2306,float32,plc_setting_data,1,0,3,,,,setting_st04_release_force_compensation_gap_act_01_r
4151,D2308,D,2308,float32,plc_setting_data,1,0,1,,,,setting_st04_release_force_01_upper
4152,D2310,D,2310,float32,plc_setting_data,1,0,1,,,,setting_st04_release_force_01_lower
4153,D2312,D,2312,float32,plc_setting_data,1,0,3,,,,setting_st04_release_force_compensation_01_l
4154,D2314,D,2314,float32,plc_setting_data,1,0,3,,,,setting_st04_release_force_compensation_01_r
4155,D2318,D,2318,float32,plc_product_data,1,0,2,,,,measurement_st04_release_force_contact_gap_01_l_distance_result_mm
4156,D2322,D,2322,float32,plc_product_data,1,0,2,,,,measurement_st04_release_force_contact_gap_01_r_distance_result_mm
4157,D2326,D,2326,float32,plc_product_data,1,0,2,,,,measurement_st04_release_force_01_l_pressure_result_g
4158,D2330,D,2330,float32,plc_product_data,1,0,2,,,,measurement_st04_release_force_01_r_pressure_result_g
4159,D2332,D,2332,uint32,plc_product_data,0.01,0,,,,,judgment_st04_release_force_contact_gap_01_l_result_state
4160,D2334,D,2334,uint32,plc_product_data,0.01,0,,,,,judgment_st04_release_force_contact_gap_01_r_result_state
4161,D2336,D,2336,uint32,plc_product_data,0.01,0,,,,,judgment_st04_release_force_01_l_result_state
4162,D2338,D,2338,uint32,plc_product_data,0.01,0,,,,,judgment_st04_release_force_01_r_result_state
4163,D2340,D,2340,float32,plc_setting_data,1,0,2,,,,setting_st04_release_force_gap_act_02_upper
4164,D2342,D,2342,float32,plc_setting_data,1,0,2,,,,setting_st04_release_force_gap_act_02_lower
4165,D2344,D,2344,float32,plc_setting_data,1,0,3,,,,setting_st04_release_force_compensation_gap_act_02_l
4166,D2346,D,2346,float32,plc_setting_data,1,0,3,,,,setting_st04_release_force_compensation_gap_act_02_r
4167,D2348,D,2348,float32,plc_setting_data,1,0,1,,,,setting_st04_release_force_02_upper
4168,D2350,D,2350,float32,plc_setting_data,1,0,1,,,,setting_st04_release_force_02_lower
4169,D2352,D,2352,float32,plc_setting_data,1,0,3,,,,setting_st04_release_force_compensation_02_l
4170,D2354,D,2354,float32,plc_setting_data,1,0,3,,,,setting_st04_release_force_compensation_02_r
4171,D2358,D,2358,float32,plc_product_data,1,0,2,,,,measurement_st04_release_force_contact_gap_02_l_distance_result_mm
4172,D2362,D,2362,float32,plc_product_data,1,0,2,,,,measurement_st04_release_force_contact_gap_02_r_distance_result_mm
4173,D2366,D,2366,float32,plc_product_data,1,0,2,,,,measurement_st04_release_force_02_l_pressure_result_g
4174,D2370,D,2370,float32,plc_product_data,1,0,2,,,,measurement_st04_release_force_02_r_pressure_result_g
4175,D2372,D,2372,uint32,plc_product_data,0.01,0,,,,,judgment_st04_release_force_contact_gap_02_l_result_state
4176,D2374,D,2374,uint32,plc_product_data,0.01,0,,,,,judgment_st04_release_force_contact_gap_02_r_result_state
4177,D2376,D,2376,uint32,plc_product_data,0.01,0,,,,,judgment_st04_release_force_02_l_result_state
4178,D2378,D,2378,uint32,plc_product_data,0.01,0,,,,,judgment_st04_release_force_02_r_result_state
4179,D2430,D,2430,float32,plc_setting_data,1,0,3,,,,setting_st04_release_force_compensation_ccd_01_l
4180,D2432,D,2432,float32,plc_setting_data,1,0,3,,,,setting_st04_release_force_compensation_ccd_01_r
4181,D2434,D,2434,float32,plc_setting_data,1,0,3,,,,setting_st04_release_force_compensation_ccd_02_l
4182,D2436,D,2436,float32,plc_setting_data,1,0,3,,,,setting_st04_release_force_compensation_ccd_02_r
4183,D2450,D,2450,float32,plc_product_data,1,0,2,,,,measurement_st04_release_force_ccd_01_l_corrected_data_mm
4184,D2452,D,2452,float32,plc_product_data,1,0,2,,,,measurement_st04_release_force_ccd_01_r_corrected_data_mm
4185,D2454,D,2454,float32,plc_product_data,1,0,2,,,,measurement_st04_release_force_ccd_02_l_corrected_data_mm
4186,D2456,D,2456,float32,plc_product_data,1,0,2,,,,measurement_st04_release_force_ccd_02_r_corrected_data_mm
4187,D2562,D,2562,uint32,plc_product_data,1,0,,6,,,counter_st04_release_force_ccd_01_ng
4188,D2566,D,2566,uint32,plc_product_data,1,0,,6,,,counter_st04_release_force_ccd_02_ng
4189,D2570,D,2570,uint32,plc_product_data,1,0,,6,,,counter_st04_release_force_01_distance_ng
4190,D2574,D,2574,uint32,plc_product_data,1,0,,6,,,counter_st04_release_force_01_forced_eject_ng
4191,D2578,D,2578,uint32,plc_product_data,1,0,,6,,,counter_st04_release_force_02_distance_ng
4192,D2582,D,2582,uint32,plc_product_data,1,0,,6,,,counter_st04_release_force_02_forced_eject_ng
4193,D3404,D,3404,uint16,plc_product_data,0.1,0,,2,,,status_st04_release_force_ct
4194,L104,L,104,bool,plc_product_data,1,0,,,,,status_st04_release_force_exception
4195,L124,L,124,bool,plc_product_data,1,0,,,,,status_st04_release_force_origin
4196,L144,L,144,bool,plc_product_data,1,0,,,,,status_st04_release_force_active
4197,L164,L,164,bool,plc_product_data,1,0,,,,,status_st04_release_force_empty
4198,D580,D,580,int32,plc_setting_data,0.01,0,,,,,setting_st05_mpc_detect_01_origin_position_mm
4199,D582,D,582,int32,plc_setting_data,0.01,0,,,,,setting_st05_mpc_detect_01_detect_start_pos_mm
4200,D584,D,584,int32,plc_setting_data,0.01,0,,,,,setting_st05_mpc_detect_01_detect_end_pos_mm
4201,D600,D,600,int32,plc_setting_data,0.01,0,,,,,setting_st05_mpc_detect_02_origin_position_mm
4202,D602,D,602,int32,plc_setting_data,0.01,0,,,,,setting_st05_mpc_detect_02_detect_start_pos_mm
4203,D604,D,604,int32,plc_setting_data,0.01,0,,,,,setting_st05_mpc_detect_02_detect_end_pos_mm
4204,D620,D,620,int32,plc_setting_data,0.01,0,,,,,setting_st05_mpc_detect_03_origin_position_mm
4205,D622,D,622,int32,plc_setting_data,0.01,0,,,,,setting_st05_mpc_detect_03_detect_start_pos_mm
4206,D624,D,624,int32,plc_setting_data,0.01,0,,,,,setting_st05_mpc_detect_03_detect_end_pos_mm
4207,D640,D,640,int32,plc_setting_data,0.01,0,,,,,setting_st05_mpc_detect_04_origin_position_mm
4208,D642,D,642,int32,plc_setting_data,0.01,0,,,,,setting_st05_mpc_detect_04_detect_start_pos_mm
4209,D644,D,644,int32,plc_setting_data,0.01,0,,,,,setting_st05_mpc_detect_04_detect_end_pos_mm
4210,D1086,D,1086,int32,plc_product_data,0.01,0,,5,,,measurement_st05_mpc_detect_01_act_current_pos_mm
4211,D1092,D,1092,uint32,plc_setting_data,0.01,0,,,,,setting_st05_mpc_01_l_detect_speed
4212,D1106,D,1106,int32,plc_product_data,0.01,0,,5,,,measurement_st05_mpc_detect_02_act_current_pos_mm
4213,D1112,D,1112,uint32,plc_setting_data,0.01,0,,,,,setting_st05_mpc_02_l_detect_speed
4214,D1126,D,1126,int32,plc_product_data,0.01,0,,5,,,measurement_st05_mpc_detect_03_act_current_pos_mm
4215,D1132,D,1132,uint32,plc_setting_data,0.01,0,,,,,setting_st05_mpc_03_l_detect_speed
4216,D1146,D,1146,int32,plc_product_data,0.01,0,,5,,,measurement_st05_mpc_detect_04_act_current_pos_mm
4217,D1152,D,1152,uint32,plc_setting_data,0.01,0,,,,,setting_st05_mpc_04_l_detect_speed
4218,D2470,D,2470,float32,plc_setting_data,1,0,1,,,,setting_st05_mpc_l_upper
4219,D2472,D,2472,float32,plc_setting_data,1,0,1,,,,setting_st05_mpc_l_lower
4220,D2480,D,2480,float32,plc_setting_data,1,0,3,,,,setting_st05_mpc_01_l_compensation
4221,D2482,D,2482,float32,plc_setting_data,1,0,3,,,,setting_st05_mpc_02_l_compensation
4222,D2484,D,2484,float32,plc_setting_data,1,0,3,,,,setting_st05_mpc_03_l_compensation
4223,D2486,D,2486,float32,plc_setting_data,1,0,3,,,,setting_st05_mpc_04_l_compensation
4224,D2500,D,2500,float32,plc_product_data,1,0,,,,,measurement_st05_mpc_detect_01_l_result_pressure_g
4225,D2502,D,2502,float32,plc_product_data,1,0,,,,,measurement_st05_mpc_detect_02_l_result_pressure_g
4226,D2504,D,2504,float32,plc_product_data,1,0,,,,,measurement_st05_mpc_detect_03_l_result_pressure_g
4227,D2506,D,2506,float32,plc_product_data,1,0,,,,,measurement_st05_mpc_detect_04_l_result_pressure_g
4228,D2510,D,2510,uint32,plc_product_data,0.01,0,,,,,judgment_st05_mpc_detect_01_l_result_state
4229,D2512,D,2512,uint32,plc_product_data,0.01,0,,,,,judgment_st05_mpc_detect_02_l_result_state
4230,D2514,D,2514,uint32,plc_product_data,0.01,0,,,,,judgment_st05_mpc_detect_03_l_result_state
4231,D2516,D,2516,uint32,plc_product_data,0.01,0,,,,,judgment_st05_mpc_detect_04_l_result_state
4232,D2620,D,2620,uint16,plc_setting_data,0.01,0,,,,,setting_st05_mpc_l_collision_detection
4233,D2702,D,2702,uint32,plc_product_data,1,0,,6,,,counter_st05_mpc_detect_01_l_ng
4234,D2706,D,2706,uint32,plc_product_data,1,0,,6,,,counter_st05_mpc_detect_02_l_ng
4235,D2710,D,2710,uint32,plc_product_data,1,0,,6,,,counter_st05_mpc_detect_03_l_ng
4236,D2714,D,2714,uint32,plc_product_data,1,0,,6,,,counter_st05_mpc_detect_04_l_ng
4237,D3405,D,3405,uint16,plc_product_data,0.1,0,,2,,,status_st05_mpc_process_ct
4238,L105,L,105,bool,plc_product_data,1,0,,,,,status_st05_mpc_process_exception
4239,L125,L,125,bool,plc_product_data,1,0,,,,,status_st05_mpc_process_origin
4240,L145,L,145,bool,plc_product_data,1,0,,,,,status_st05_mpc_process_active
4241,L165,L,165,bool,plc_product_data,1,0,,,,,status_st05_mpc_process_empty
4242,D660,D,660,int32,plc_setting_data,0.01,0,,,,,setting_st06_mpc_detect_01_origin_position_mm
4243,D662,D,662,int32,plc_setting_data,0.01,0,,,,,setting_st06_mpc_detect_01_detect_start_pos_mm
4244,D664,D,664,int32,plc_setting_data,0.01,0,,,,,setting_st06_mpc_detect_01_detect_end_pos_mm
4245,D680,D,680,int32,plc_setting_data,0.01,0,,,,,setting_st06_mpc_detect_02_origin_position_mm
4246,D682,D,682,int32,plc_setting_data,0.01,0,,,,,setting_st06_mpc_detect_02_detect_start_pos_mm
4247,D684,D,684,int32,plc_setting_data,0.01,0,,,,,setting_st06_mpc_detect_02_detect_end_pos_mm
4248,D700,D,700,int32,plc_setting_data,0.01,0,,,,,setting_st06_mpc_detect_03_origin_position_mm
4249,D702,D,702,int32,plc_setting_data,0.01,0,,,,,setting_st06_mpc_detect_03_detect_start_pos_mm
4250,D704,D,704,int32,plc_setting_data,0.01,0,,,,,setting_st06_mpc_detect_03_detect_end_pos_mm
4251,D720,D,720,int32,plc_setting_data,0.01,0,,,,,setting_st06_mpc_detect_04_origin_position_mm
4252,D722,D,722,int32,plc_setting_data,0.01,0,,,,,setting_st06_mpc_detect_04_detect_start_pos_mm
4253,D724,D,724,int32,plc_setting_data,0.01,0,,,,,setting_st06_mpc_detect_04_detect_end_pos_mm
4254,D1166,D,1166,int32,plc_product_data,0.01,0,,5,,,measurement_st06_mpc_detect_01_act_current_pos_mm
4255,D1172,D,1172,uint32,plc_setting_data,0.01,0,,,,,setting_st06_mpc_01_r_detect_speed
4256,D1186,D,1186,int32,plc_product_data,0.01,0,,5,,,measurement_st06_mpc_detect_02_act_current_pos_mm
4257,D1192,D,1192,uint32,plc_setting_data,0.01,0,,,,,setting_st06_mpc_02_r_detect_speed
4258,D1206,D,1206,int32,plc_product_data,0.01,0,,5,,,measurement_st06_mpc_detect_03_act_current_pos_mm
4259,D1212,D,1212,uint32,plc_setting_data,0.01,0,,,,,setting_st06_mpc_03_r_detect_speed
4260,D1226,D,1226,int32,plc_product_data,0.01,0,,5,,,measurement_st06_mpc_detect_04_act_current_pos_mm
4261,D1232,D,1232,uint32,plc_setting_data,0.01,0,,,,,setting_st06_mpc_04_r_detect_speed
4262,D2630,D,2630,uint16,plc_setting_data,0.01,0,,,,,setting_st06_mpc_r_collision_detection
4263,D2650,D,2650,float32,plc_setting_data,1,0,1,,,,setting_st06_mpc_r_upper
4264,D2652,D,2652,float32,plc_setting_data,1,0,1,,,,setting_st06_mpc_r_lower
4265,D2660,D,2660,float32,plc_setting_data,1,0,3,,,,setting_st06_mpc_01_r_compensation
4266,D2662,D,2662,float32,plc_setting_data,1,0,3,,,,setting_st06_mpc_02_r_compensation
4267,D2664,D,2664,float32,plc_setting_data,1,0,3,,,,setting_st06_mpc_03_r_compensation
4268,D2666,D,2666,float32,plc_setting_data,1,0,3,,,,setting_st06_mpc_04_r_compensation
4269,D2680,D,2680,float32,plc_product_data,1,0,,,,,measurement_st06_mpc_detect_01_r_result_pressure_g
4270,D2682,D,2682,float32,plc_product_data,1,0,,,,,measurement_st06_mpc_detect_02_r_result_pressure_g
4271,D2684,D,2684,float32,plc_product_data,1,0,,,,,measurement_st06_mpc_detect_03_r_result_pressure_g
4272,D2686,D,2686,float32,plc_product_data,1,0,,,,,measurement_st06_mpc_detect_04_r_result_pressure_g
4273,D2690,D,2690,uint32,plc_product_data,0.01,0,,,,,judgment_st06_mpc_detect_01_r_result_state
4274,D2692,D,2692,uint32,plc_product_data,0.01,0,,,,,judgment_st06_mpc_detect_02_r_result_state
4275,D2694,D,2694,uint32,plc_product_data,0.01,0,,,,,judgment_st06_mpc_detect_03_r_result_state
4276,D2696,D,2696,uint32,plc_product_data,0.01,0,,,,,judgment_st06_mpc_detect_04_r_result_state
4277,D2722,D,2722,uint32,plc_product_data,1,0,,6,,,counter_st06_mpc_detect_01_r_ng
4278,D2726,D,2726,uint32,plc_product_data,1,0,,6,,,counter_st06_mpc_detect_02_r_ng
4279,D2730,D,2730,uint32,plc_product_data,1,0,,6,,,counter_st06_mpc_detect_03_r_ng
4280,D2734,D,2734,uint32,plc_product_data,1,0,,6,,,counter_st06_mpc_detect_04_r_ng
4281,D3406,D,3406,uint16,plc_product_data,0.1,0,,2,,,status_st06_mpc_process_ct
4282,L106,L,106,bool,plc_product_data,1,0,,,,,status_st06_mpc_process_exception
4283,L126,L,126,bool,plc_product_data,1,0,,,,,status_st06_mpc_process_origin
4284,L146,L,146,bool,plc_product_data,1,0,,,,,status_st06_mpc_process_active
4285,L166,L,166,bool,plc_product_data,1,0,,,,,status_st06_mpc_process_empty
4286,D788,D,788,uint32,plc_product_data,1,0,,6,,,counter_st07_char_inspection_data_sync_time_total_ng_pcs
4287,D790,D,790,uint32,plc_product_data,1,0,,6,,,counter_st07_char_inspection_data_operating_lower_total_ng_pcs
4288,D792,D,792,uint32,plc_product_data,1,0,,6,,,counter_st07_char_inspection_data_reset_upper_total_ng_pcs
4289,D794,D,794,uint32,plc_product_data,1,0,,6,,,counter_st07_char_inspection_data_reset_lower_total_ng_pcs
4290,D812,D,812,uint32,plc_product_data,1,0,,6,,,counter_st07_char_inspection_data_operating_upper_total_ng_pcs
4291,D1512,D,1512,uint16,plc_setting_data,1,0,,,,,setting_st07_char_inspection_data_continuous_ng_alarm
4292,D1700,D,1700,uint32,plc_product_data,0.01,0,,,,,judgment_st07_char_inspection_data_01_l_operating_result_state
4293,D1702,D,1702,uint32,plc_product_data,0.01,0,,,,,judgment_st07_char_inspection_data_01_r_operating_result_state
4294,D1704,D,1704,uint32,plc_product_data,0.01,0,,,,,judgment_st07_char_inspection_data_01_l_reset_result_state
4295,D1706,D,1706,uint32,plc_product_data,0.01,0,,,,,judgment_st07_char_inspection_data_01_r_reset_result_state
4296,D1710,D,1710,uint32,plc_product_data,0.01,0,,,,,judgment_st07_char_inspection_data_02_l_operating_result_state
4297,D1712,D,1712,uint32,plc_product_data,0.01,0,,,,,judgment_st07_char_inspection_data_02_r_operating_result_state
4298,D1714,D,1714,uint32,plc_product_data,0.01,0,,,,,judgment_st07_char_inspection_data_02_l_reset_result_state
4299,D1716,D,1716,uint32,plc_product_data,0.01,0,,,,,judgment_st07_char_inspection_data_02_r_reset_result_state
4300,D1720,D,1720,uint32,plc_product_data,0.01,0,,,,,judgment_st07_char_inspection_data_03_l_operating_result_state
4301,D1722,D,1722,uint32,plc_product_data,0.01,0,,,,,judgment_st07_char_inspection_data_03_r_operating_result_state
4302,D1724,D,1724,uint32,plc_product_data,0.01,0,,,,,judgment_st07_char_inspection_data_03_l_reset_result_state
4303,D1726,D,1726,uint32,plc_product_data,0.01,0,,,,,judgment_st07_char_inspection_data_03_r_reset_result_state
4304,D1730,D,1730,uint32,plc_product_data,0.01,0,,,,,judgment_st07_char_inspection_data_04_l_operating_result_state
4305,D1732,D,1732,uint32,plc_product_data,0.01,0,,,,,judgment_st07_char_inspection_data_04_r_operating_result_state
4306,D1734,D,1734,uint32,plc_product_data,0.01,0,,,,,judgment_st07_char_inspection_data_04_l_reset_result_state
4307,D1736,D,1736,uint32,plc_product_data,0.01,0,,,,,judgment_st07_char_inspection_data_04_r_reset_result_state
4308,D2750,D,2750,float32,plc_setting_data,1,0,2,,,,setting_st07_char_inspection_data_01_operating_voltage_upper
4309,D2752,D,2752,float32,plc_setting_data,1,0,2,,,,setting_st07_char_inspection_data_01_operating_voltage_lower
4310,D2754,D,2754,float32,plc_setting_data,1,0,3,,,,setting_st07_char_inspection_data_01_l_operating_voltage_compensation
4311,D2758,D,2758,float32,plc_product_data,1,0,2,,,,measurement_st07_char_inspection_data_01_l_operating_voltage
4312,D2762,D,2762,float32,plc_setting_data,1,0,3,,,,setting_st07_char_inspection_data_01_r_operating_voltage_compensation
4313,D2766,D,2766,float32,plc_product_data,1,0,2,,,,measurement_st07_char_inspection_data_01_r_operating_voltage
4314,D2770,D,2770,float32,plc_setting_data,1,0,2,,,,setting_st07_char_inspection_data_01_reset_voltage_upper
4315,D2772,D,2772,float32,plc_setting_data,1,0,2,,,,setting_st07_char_inspection_data_01_reset_voltage_lower
4316,D2774,D,2774,float32,plc_setting_data,1,0,2,,,,setting_st07_char_inspection_data_01_l_reset_voltage_compensation
4317,D2778,D,2778,float32,plc_product_data,1,0,2,,,,measurement_st07_char_inspection_data_01_l_reset_voltage
4318,D2782,D,2782,float32,plc_setting_data,1,0,2,,,,setting_st07_char_inspection_data_01_r_reset_voltage_compensation
4319,D2786,D,2786,float32,plc_product_data,1,0,2,,,,measurement_st07_char_inspection_data_01_r_reset_voltage
4320,D2790,D,2790,float32,plc_setting_data,1,0,,,,,setting_st07_char_inspection_data_01_sync_time_upper
4321,D2794,D,2794,float32,plc_setting_data,1,0,3,,,,setting_st07_char_inspection_data_01_sync_time_compensation
4322,D2798,D,2798,float32,plc_product_data,1,0,,,,,measurement_st07_char_inspection_data_01_sync_time_us
4323,D2800,D,2800,uint32,plc_product_data,0.01,0,,,,,judgment_st07_char_inspection_data_01_sync_time_result_state
4324,D2808,D,2808,uint32,plc_product_data,1,0,,6,,,counter_st07_char_inspection_data_01_operation_pcs
4325,D2810,D,2810,uint32,plc_product_data,1,0,,6,,,counter_st07_char_inspection_data_01_non_operation_pcs
4326,D2812,D,2812,uint32,plc_product_data,1,0,,6,,,counter_st07_char_inspection_data_01_holding_pcs
4327,D2814,D,2814,uint32,plc_product_data,1,0,,6,,,counter_st07_char_inspection_data_01_rel_pcs
4328,D2816,D,2816,uint32,plc_product_data,1,0,,6,,,counter_st07_char_inspection_data_01_sync_time_ng_pcs
4329,D2820,D,2820,float32,plc_setting_data,1,0,2,,,,setting_st07_char_inspection_data_02_operating_voltage_upper
4330,D2822,D,2822,float32,plc_setting_data,1,0,2,,,,setting_st07_char_inspection_data_02_operating_voltage_lower
4331,D2824,D,2824,float32,plc_setting_data,1,0,3,,,,setting_st07_char_inspection_data_02_l_operating_voltage_compensation
4332,D2828,D,2828,float32,plc_product_data,1,0,2,,,,measurement_st07_char_inspection_data_02_l_operating_voltage
4333,D2832,D,2832,float32,plc_setting_data,1,0,3,,,,setting_st07_char_inspection_data_02_r_operating_voltage_compensation
4334,D2836,D,2836,float32,plc_product_data,1,0,2,,,,measurement_st07_char_inspection_data_02_r_operating_voltage
4335,D2840,D,2840,float32,plc_setting_data,1,0,2,,,,setting_st07_char_inspection_data_02_reset_voltage_upper
4336,D2842,D,2842,float32,plc_setting_data,1,0,2,,,,setting_st07_char_inspection_data_02_reset_voltage_lower
4337,D2844,D,2844,float32,plc_setting_data,1,0,2,,,,setting_st07_char_inspection_data_02_l_reset_voltage_compensation
4338,D2848,D,2848,float32,plc_product_data,1,0,2,,,,measurement_st07_char_inspection_data_02_l_reset_voltage
4339,D2852,D,2852,float32,plc_setting_data,1,0,2,,,,setting_st07_char_inspection_data_02_r_reset_voltage_compensation
4340,D2856,D,2856,float32,plc_product_data,1,0,2,,,,measurement_st07_char_inspection_data_02_r_reset_voltage
4341,D2860,D,2860,float32,plc_setting_data,1,0,,,,,setting_st07_char_inspection_data_02_sync_time_upper
4342,D2864,D,2864,float32,plc_setting_data,1,0,3,,,,setting_st07_char_inspection_data_02_sync_time_compensation
4343,D2868,D,2868,float32,plc_product_data,1,0,,,,,measurement_st07_char_inspection_data_02_sync_time_us
4344,D2870,D,2870,uint32,plc_product_data,0.01,0,,,,,judgment_st07_char_inspection_data_02_sync_time_result_state
4345,D2878,D,2878,uint32,plc_product_data,1,0,,6,,,counter_st07_char_inspection_data_02_operation_pcs
4346,D2880,D,2880,uint32,plc_product_data,1,0,,6,,,counter_st07_char_inspection_data_02_non_operation_pcs
4347,D2882,D,2882,uint32,plc_product_data,1,0,,6,,,counter_st07_char_inspection_data_02_holding_pcs
4348,D2884,D,2884,uint32,plc_product_data,1,0,,6,,,counter_st07_char_inspection_data_02_rel_pcs
4349,D2886,D,2886,uint32,plc_product_data,1,0,,6,,,counter_st07_char_inspection_data_02_sync_time_ng_pcs
4350,D2890,D,2890,float32,plc_setting_data,1,0,2,,,,setting_st07_char_inspection_data_03_operating_voltage_upper
4351,D2892,D,2892,float32,plc_setting_data,1,0,2,,,,setting_st07_char_inspection_data_03_operating_voltage_lower
4352,D2894,D,2894,float32,plc_setting_data,1,0,3,,,,setting_st07_char_inspection_data_03_l_operating_voltage_compensation
4353,D2898,D,2898,float32,plc_product_data,1,0,2,,,,measurement_st07_char_inspection_data_03_l_operating_voltage
4354,D2902,D,2902,float32,plc_setting_data,1,0,3,,,,setting_st07_char_inspection_data_03_r_operating_voltage_compensation
4355,D2906,D,2906,float32,plc_product_data,1,0,2,,,,measurement_st07_char_inspection_data_03_r_operating_voltage
4356,D2910,D,2910,float32,plc_setting_data,1,0,2,,,,setting_st07_char_inspection_data_03_reset_voltage_upper
4357,D2912,D,2912,float32,plc_setting_data,1,0,2,,,,setting_st07_char_inspection_data_03_reset_voltage_lower
4358,D2914,D,2914,float32,plc_setting_data,1,0,2,,,,setting_st07_char_inspection_data_03_l_reset_voltage_compensation
4359,D2918,D,2918,float32,plc_product_data,1,0,2,,,,measurement_st07_char_inspection_data_03_l_reset_voltage
4360,D2922,D,2922,float32,plc_setting_data,1,0,2,,,,setting_st07_char_inspection_data_03_r_reset_voltage_compensation
4361,D2926,D,2926,float32,plc_product_data,1,0,2,,,,measurement_st07_char_inspection_data_03_r_reset_voltage
4362,D2930,D,2930,float32,plc_setting_data,1,0,,,,,setting_st07_char_inspection_data_03_sync_time_upper
4363,D2934,D,2934,float32,plc_setting_data,1,0,3,,,,setting_st07_char_inspection_data_03_sync_time_compensation
4364,D2938,D,2938,float32,plc_product_data,1,0,,,,,measurement_st07_char_inspection_data_03_sync_time_us
4365,D2940,D,2940,uint32,plc_product_data,0.01,0,,,,,judgment_st07_char_inspection_data_03_sync_time_result_state
4366,D2948,D,2948,uint32,plc_product_data,1,0,,6,,,counter_st07_char_inspection_data_03_operation_pcs
4367,D2950,D,2950,uint32,plc_product_data,1,0,,6,,,counter_st07_char_inspection_data_03_non_operation_pcs
4368,D2952,D,2952,uint32,plc_product_data,1,0,,6,,,counter_st07_char_inspection_data_03_holding_pcs
4369,D2954,D,2954,uint32,plc_product_data,1,0,,6,,,counter_st07_char_inspection_data_03_rel_pcs
4370,D2956,D,2956,uint32,plc_product_data,1,0,,6,,,counter_st07_char_inspection_data_03_sync_time_ng_pcs
4371,D2960,D,2960,float32,plc_setting_data,1,0,2,,,,setting_st07_char_inspection_data_04_operating_voltage_upper
4372,D2962,D,2962,float32,plc_setting_data,1,0,2,,,,setting_st07_char_inspection_data_04_operating_voltage_lower
4373,D2964,D,2964,float32,plc_setting_data,1,0,3,,,,setting_st07_char_inspection_data_04_l_operating_voltage_compensation
4374,D2968,D,2968,float32,plc_product_data,1,0,2,,,,measurement_st07_char_inspection_data_04_l_operating_voltage
4375,D2972,D,2972,float32,plc_setting_data,1,0,3,,,,setting_st07_char_inspection_data_04_r_operating_voltage_compensation
4376,D2976,D,2976,float32,plc_product_data,1,0,2,,,,measurement_st07_char_inspection_data_04_r_operating_voltage
4377,D2980,D,2980,float32,plc_setting_data,1,0,2,,,,setting_st07_char_inspection_data_04_reset_voltage_upper
4378,D2982,D,2982,float32,plc_setting_data,1,0,2,,,,setting_st07_char_inspection_data_04_reset_voltage_lower
4379,D2984,D,2984,float32,plc_setting_data,1,0,2,,,,setting_st07_char_inspection_data_04_l_reset_voltage_compensation
4380,D2988,D,2988,float32,plc_product_data,1,0,2,,,,measurement_st07_char_inspection_data_04_l_reset_voltage
4381,D2992,D,2992,float32,plc_setting_data,1,0,2,,,,setting_st07_char_inspection_data_04_r_reset_voltage_compensation
4382,D2996,D,2996,float32,plc_product_data,1,0,2,,,,measurement_st07_char_inspection_data_04_r_reset_voltage
4383,D3000,D,3000,float32,plc_setting_data,1,0,,,,,setting_st07_char_inspection_data_04_sync_time_upper
4384,D3004,D,3004,float32,plc_setting_data,1,0,3,,,,setting_st07_char_inspection_data_04_sync_time_compensation
4385,D3008,D,3008,float32,plc_product_data,1,0,,,,,measurement_st07_char_inspection_data_04_sync_time_us
4386,D3010,D,3010,uint32,plc_product_data,0.01,0,,,,,judgment_st07_char_inspection_data_04_sync_time_result_state
4387,D3018,D,3018,uint32,plc_product_data,1,0,,6,,,counter_st07_char_inspection_data_04_operation_pcs
4388,D3020,D,3020,uint32,plc_product_data,1,0,,6,,,counter_st07_char_inspection_data_04_non_operation_pcs
4389,D3022,D,3022,uint32,plc_product_data,1,0,,6,,,counter_st07_char_inspection_data_04_holding_pcs
4390,D3024,D,3024,uint32,plc_product_data,1,0,,6,,,counter_st07_char_inspection_data_04_rel_pcs
4391,D3026,D,3026,uint32,plc_product_data,1,0,,6,,,counter_st07_char_inspection_data_04_sync_time_ng_pcs
4392,D3407,D,3407,uint16,plc_product_data,0.1,0,,2,,,status_st07_char_inspection_data_ct
4393,L107,L,107,bool,plc_product_data,1,0,,,,,status_st07_char_inspection_data_exception
4394,L127,L,127,bool,plc_product_data,1,0,,,,,status_st07_char_inspection_data_origin
4395,L147,L,147,bool,plc_product_data,1,0,,,,,status_st07_char_inspection_data_active
4396,L167,L,167,bool,plc_product_data,1,0,,,,,status_st07_char_inspection_data_empty
4397,D1514,D,1514,uint16,plc_setting_data,1,0,,,,,setting_st08_char_inspection_mass_continuous_ng_alarm
4398,D3030,D,3030,uint32,plc_product_data,0.01,0,,,,,judgment_st08_char_inspection_mass_01_result_state
4399,D3032,D,3032,uint32,plc_product_data,0.01,0,,,,,judgment_st08_char_inspection_mass_02_result_state
4400,D3034,D,3034,uint32,plc_product_data,0.01,0,,,,,judgment_st08_char_inspection_mass_03_result_state
4401,D3036,D,3036,uint32,plc_product_data,0.01,0,,,,,judgment_st08_char_inspection_mass_04_result_state
4402,D3408,D,3408,uint16,plc_product_data,0.1,0,,2,,,status_st08_char_inspection_mass_ct
4403,L108,L,108,bool,plc_product_data,1,0,,,,,status_st08_char_inspection_mass_exception
4404,L128,L,128,bool,plc_product_data,1,0,,,,,status_st08_char_inspection_mass_origin
4405,L148,L,148,bool,plc_product_data,1,0,,,,,status_st08_char_inspection_mass_active
4406,L168,L,168,bool,plc_product_data,1,0,,,,,status_st08_char_inspection_mass_empty
4407,M2000,M,2000,bool,plc_product_data,1,0,,,,,judgment_st08_char_inspection_mass_01_ok
4408,M2001,M,2001,bool,plc_product_data,1,0,,,,,judgment_st08_char_inspection_mass_01_rated
4409,M2002,M,2002,bool,plc_product_data,1,0,,,,,judgment_st08_char_inspection_mass_01_non_operation
4410,M2003,M,2003,bool,plc_product_data,1,0,,,,,judgment_st08_char_inspection_mass_01_operation
4411,M2004,M,2004,bool,plc_product_data,1,0,,,,,judgment_st08_char_inspection_mass_01_holding
4412,M2005,M,2005,bool,plc_product_data,1,0,,,,,judgment_st08_char_inspection_mass_01_rel
4413,M2010,M,2010,bool,plc_product_data,1,0,,,,,judgment_st08_char_inspection_mass_02_ok
4414,M2011,M,2011,bool,plc_product_data,1,0,,,,,judgment_st08_char_inspection_mass_02_rated
4415,M2012,M,2012,bool,plc_product_data,1,0,,,,,judgment_st08_char_inspection_mass_02_non_operation
4416,M2013,M,2013,bool,plc_product_data,1,0,,,,,judgment_st08_char_inspection_mass_02_operation
4417,M2014,M,2014,bool,plc_product_data,1,0,,,,,judgment_st08_char_inspection_mass_02_holding
4418,M2015,M,2015,bool,plc_product_data,1,0,,,,,judgment_st08_char_inspection_mass_02_rel
4419,M2020,M,2020,bool,plc_product_data,1,0,,,,,judgment_st08_char_inspection_mass_03_ok
4420,M2021,M,2021,bool,plc_product_data,1,0,,,,,judgment_st08_char_inspection_mass_03_rated
4421,M2022,M,2022,bool,plc_product_data,1,0,,,,,judgment_st08_char_inspection_mass_03_non_operation
4422,M2023,M,2023,bool,plc_product_data,1,0,,,,,judgment_st08_char_inspection_mass_03_operation
4423,M2024,M,2024,bool,plc_product_data,1,0,,,,,judgment_st08_char_inspection_mass_03_holding
4424,M2025,M,2025,bool,plc_product_data,1,0,,,,,judgment_st08_char_inspection_mass_03_rel
4425,M2030,M,2030,bool,plc_product_data,1,0,,,,,judgment_st08_char_inspection_mass_04_ok
4426,M2031,M,2031,bool,plc_product_data,1,0,,,,,judgment_st08_char_inspection_mass_04_rated
4427,M2032,M,2032,bool,plc_product_data,1,0,,,,,judgment_st08_char_inspection_mass_04_non_operation
4428,M2033,M,2033,bool,plc_product_data,1,0,,,,,judgment_st08_char_inspection_mass_04_operation
4429,M2034,M,2034,bool,plc_product_data,1,0,,,,,judgment_st08_char_inspection_mass_04_holding
4430,M2035,M,2035,bool,plc_product_data,1,0,,,,,judgment_st08_char_inspection_mass_04_rel
4431,D1516,D,1516,uint16,plc_setting_data,0.1,0,,,,,setting_st09_linear_feeder_sensor
4432,D3409,D,3409,uint16,plc_product_data,0.1,0,,2,,,status_st09_ng_sorting_ct
4433,L109,L,109,bool,plc_product_data,1,0,,,,,status_st09_ng_sorting_exception
4434,L129,L,129,bool,plc_product_data,1,0,,,,,status_st09_ng_sorting_origin
4435,L149,L,149,bool,plc_product_data,1,0,,,,,status_st09_ng_sorting_active
4436,L169,L,169,bool,plc_product_data,1,0,,,,,status_st09_ng_sorting_empty
4437,D740,D,740,int32,plc_setting_data,0.01,0,,,,,setting_st10_ng_pickup_pos
4438,D742,D,742,int32,plc_setting_data,0.01,0,,,,,setting_st10_ng_ccd_pos
4439,D744,D,744,int32,plc_setting_data,0.01,0,,,,,setting_st10_ng_aging_pos
4440,D746,D,746,int32,plc_setting_data,0.01,0,,,,,setting_st10_ng_bpc_gap_pos
4441,D748,D,748,int32,plc_setting_data,0.01,0,,,,,setting_st10_ng_mpc_pos
4442,D750,D,750,int32,plc_setting_data,0.01,0,,,,,setting_st10_ng_non_operation_pos
4443,D752,D,752,int32,plc_setting_data,0.01,0,,,,,setting_st10_ng_operation_pos
4444,D754,D,754,int32,plc_setting_data,0.01,0,,,,,setting_st10_ng_holding_pos
4445,D756,D,756,int32,plc_setting_data,0.01,0,,,,,setting_st10_ng_release_pos
4446,D1246,D,1246,int32,plc_product_data,0.01,0,,5,,,measurement_st10_ng_cut_act_current_pos_mm
4447,L110,L,110,bool,plc_product_data,1,0,,,,,status_st10_material_discharge_exception
4448,L130,L,130,bool,plc_product_data,1,0,,,,,status_st10_material_discharge_origin
4449,L150,L,150,bool,plc_product_data,1,0,,,,,status_st10_material_discharge_active
4450,L170,L,170,bool,plc_product_data,1,0,,,,,status_st10_material_discharge_empty
4451,D802,D,802,uint32,plc_product_data,1,0,,6,,,counter_gap_ccd_total_ng
4452,D804,D,804,uint32,plc_product_data,1,0,,6,,,counter_distance_total_ng
4453,D806,D,806,uint32,plc_product_data,1,0,,6,,,counter_forced_eject_total_ng
4454,D808,D,808,uint32,plc_product_data,1,0,,6,,,counter_pressure_l_total_ng
4455,D810,D,810,uint32,plc_product_data,1,0,,6,,,counter_pressure_r_total_ng
5000,D100,D,100,int16,plc_product_data,1,0,,4,,,status_line_current_model
5001,D3996,D,3996,int16,plc_product_data,1,0,,4,,,status_line_model_selection_serial
5002,D4010,D,4010,string,plc_setting_data,1,0,,10,,,setting_line_recipe_model_01_name
5003,D4020,D,4020,string,plc_setting_data,1,0,,10,,,setting_line_recipe_model_02_name
5004,D4030,D,4030,string,plc_setting_data,1,0,,10,,,setting_line_recipe_model_03_name
5005,D4040,D,4040,string,plc_setting_data,1,0,,10,,,setting_line_recipe_model_04_name
5006,M800,M,800,bool,plc_product_data,1,0,,,,,action_line_recipe_previous
5007,M801,M,801,bool,plc_product_data,1,0,,,,,action_line_recipe_next
5008,M802,M,802,bool,plc_product_data,1,0,,,,,action_line_recipe_save
5009,M803,M,803,bool,plc_product_data,1,0,,,,,status_line_recipe_change_flag
5010,M806,M,806,bool,plc_product_data,1,0,,,,,action_line_model_change_button
5011,L583,L,583,bool,plc_product_data,1,0,,,,,status_line_action_release_voltage_alarm
5012,L601,L,601,bool,plc_product_data,1,0,,,,,status_line_release_voltage_alarm
5013,L696,L,696,bool,plc_product_data,1,0,,,,,status_line_characteristic_inspection_data
5014,L697,L,697,bool,plc_product_data,1,0,,,,,status_line_characteristic_inspection_mass
5015,L698,L,698,bool,plc_product_data,1,0,,,,,status_line_characteristic_inspection_active
5016,X100,X,100,bool,plc_product_data,1,0,,,,,status_line_emergency_stop_01
5017,X101,X,101,bool,plc_product_data,1,0,,,,,status_line_auto_mode_select_button
5018,X102,X,102,bool,plc_product_data,1,0,,,,,status_line_manual_mode_select_button
5019,X103,X,103,bool,plc_product_data,1,0,,,,,status_line_auto_start_button
5020,X104,X,104,bool,plc_product_data,1,0,,,,,status_line_auto_stop_button
5021,X105,X,105,bool,plc_product_data,1,0,,,,,status_line_reset_button
5022,X106,X,106,bool,plc_product_data,1,0,,,,,status_line_alarm_clear_button
5023,X107,X,107,bool,plc_product_data,1,0,,,,,status_line_cycle_start_button
5024,X108,X,108,bool,plc_product_data,1,0,,,,,status_line_cylinder_action_button
5025,X109,X,109,bool,plc_product_data,1,0,,,,,status_line_cylinder_return_button
5026,X10A,X,10A,bool,plc_product_data,1,0,,,,,status_line_residue_handling_button
5027,X10B,X,10B,bool,plc_product_data,1,0,,,,,status_line_air_pressure_signal
5028,X10C,X,10C,bool,plc_product_data,1,0,,,,,status_line_emergency_stop_02
5029,X10F,X,10F,bool,plc_product_data,1,0,,,,,measurement_line_turntable_index_sensor
5030,Y459,Y,459,bool,plc_product_data,1,0,,,,,action_line_turntable_pulse_output
5032,L1206,L,1206,bool,plc_product_data,1,0,,,,,status_st00_ion_blower_misc
5033,X110,X,110,bool,plc_product_data,1,0,,,,,measurement_st00_ion_blower_misc
5034,Y410,Y,410,bool,plc_product_data,1,0,,,,,measurement_st00_ion_blower_ion
5035,L11,L,11,bool,plc_product_data,1,0,,,,,status_st01_product_loading_reset
5036,L51,L,51,bool,plc_product_data,1,0,,,,,status_st01_product_loading_reset_complete
5038,L721,L,721,bool,plc_product_data,1,0,,,,,status_st01_product_loading_detectx111
5039,L722,L,722,bool,plc_product_data,1,0,,,,,status_st01_product_loading_detectx112
5040,L723,L,723,bool,plc_product_data,1,0,,,,,status_st01_product_loading_detectx113
5041,L724,L,724,bool,plc_product_data,1,0,,,,,status_st01_product_loading_detectx114
5042,L725,L,725,bool,plc_product_data,1,0,,,,,status_st01_product_loading_material_in_01_missing
5043,L726,L,726,bool,plc_product_data,1,0,,,,,status_st01_product_loading_material_in_02_missing
5044,L727,L,727,bool,plc_product_data,1,0,,,,,status_st01_product_loading_material_in_03_missing
5045,L728,L,728,bool,plc_product_data,1,0,,,,,status_st01_product_loading_material_in_04_missing
5046,L792,L,792,bool,plc_product_data,1,0,,,,,status_st01_product_loading_cylinder_manual_not_returned
5047,L793,L,793,bool,plc_product_data,1,0,,,,,status_st01_product_loading_material_input_move_cylinder_manual_not_returned
5048,L794,L,794,bool,plc_product_data,1,0,,,,,status_st01_product_loading_material_input_cylinder_manual_not_returned
5049,L795,L,795,bool,plc_product_data,1,0,,,,,status_st01_product_loading_material_input_manual_not_returned
5050,L877,L,877,bool,plc_product_data,1,0,,,,,status_st01_product_loading_detectx111_01
5051,L878,L,878,bool,plc_product_data,1,0,,,,,status_st01_product_loading_detectx112_01
5052,L879,L,879,bool,plc_product_data,1,0,,,,,status_st01_product_loading_detectx113_01
5053,L880,L,880,bool,plc_product_data,1,0,,,,,status_st01_product_loading_detectx114_01
5054,L946,L,946,bool,plc_product_data,1,0,,,,,status_st01_product_loading_material_waiting
5055,L955,L,955,bool,plc_product_data,1,0,,,,,status_st01_product_loading_material
5056,L1101,L,1101,bool,plc_product_data,1,0,,,,,status_st01_product_loading_semi_auto
5057,L1200,L,1200,bool,plc_product_data,1,0,,,,,status_st01_product_loading_material_01
5058,L1201,L,1201,bool,plc_product_data,1,0,,,,,status_st01_product_loading_misc
5059,X111,X,111,bool,plc_product_data,1,0,,,,,measurement_st01_product_loading_material_in_01
5060,X112,X,112,bool,plc_product_data,1,0,,,,,measurement_st01_product_loading_material_in_02
5061,X113,X,113,bool,plc_product_data,1,0,,,,,measurement_st01_product_loading_material_in_03
5062,X114,X,114,bool,plc_product_data,1,0,,,,,measurement_st01_product_loading_material_in_04
5063,X117,X,117,bool,plc_product_data,1,0,,,,,measurement_st01_product_loading_01
5064,X118,X,118,bool,plc_product_data,1,0,,,,,measurement_st01_product_loading_02
5065,X162,X,162,bool,plc_product_data,1,0,,,,,measurement_st01_product_pressure_cylinder_origin
5066,X163,X,163,bool,plc_product_data,1,0,,,,,measurement_st01_product_pressure_cylinder_end
5067,X164,X,164,bool,plc_product_data,1,0,,,,,measurement_st01_product_material_cylinder_origin
5068,X165,X,165,bool,plc_product_data,1,0,,,,,measurement_st01_product_loading_material_cylinder
5069,X166,X,166,bool,plc_product_data,1,0,,,,,measurement_st01_product_material_cylinder_end
5070,X168,X,168,bool,plc_product_data,1,0,,,,,measurement_st01_product_loading_defective_material_cylinder_origin
5071,X169,X,169,bool,plc_product_data,1,0,,,,,measurement_st01_product_defective_material_cylinder_end
5072,X16A,X,16A,bool,plc_product_data,1,0,,,,,measurement_st01_product_loading_updown_cylinder_origin
5073,X16B,X,16B,bool,plc_product_data,1,0,,,,,measurement_st01_product_loading_updown_cylinder_end
5074,X16C,X,16C,bool,plc_product_data,1,0,,,,,measurement_st01_product_loading_traverse_cylinder_origin
5075,X16D,X,16D,bool,plc_product_data,1,0,,,,,measurement_st01_product_loading_traverse_cylinder_end
5076,X16E,X,16E,bool,plc_product_data,1,0,,,,,measurement_st01_product_rotary_cylinder_supply_origin
5077,X16F,X,16F,bool,plc_product_data,1,0,,,,,measurement_st01_product_loading_rotary_cylinder_end
5078,Y412,Y,412,bool,plc_product_data,1,0,,,,,measurement_st01_product_loading_pressure_cylinder
5079,Y413,Y,413,bool,plc_product_data,1,0,,,,,measurement_st01_product_loading_material_cylinder_01
5080,Y414,Y,414,bool,plc_product_data,1,0,,,,,measurement_st01_product_loading_cylinder_material
5081,Y415,Y,415,bool,plc_product_data,1,0,,,,,measurement_st01_product_loading_updown_cylinder
5082,Y416,Y,416,bool,plc_product_data,1,0,,,,,measurement_st01_product_loading_supply_cylinder
5083,Y417,Y,417,bool,plc_product_data,1,0,,,,,measurement_st01_product_loading_supply_rotary_cylinder
5084,Y418,Y,418,bool,plc_product_data,1,0,,,,,measurement_st01_product_loading_supply_clamp
5085,Y46D,Y,46D,bool,plc_product_data,1,0,,,,,measurement_st01_product_loading_misc
5086,D61,D,61,float32,plc_product_data,,0,,8,,,measurement_inspection_check_st02_aging_result
5087,D822,D,822,float32,plc_product_data,1,0,2,,,,judgment_st02_aging_defect_rate
5088,D1502,D,1502,int16,plc_setting_data,1,0,,4,,,setting_st02_aging_process_consecutive_ng_setting
5089,D3060,D,3060,uint32,plc_product_data,1,0,,6,,,counter_st02_aging_process_count_pcs_01
5090,D3080,D,3080,uint32,plc_setting_data,1,0,,6,,,setting_st02_aging_process_pin_setting
5091,D3720,D,3720,uint16,plc_product_data,1,0,,4,,,measurement_st02_aging_process_check1
5092,D3721,D,3721,uint16,plc_product_data,1,0,,4,,,measurement_st02_aging_process_ng1
5093,D3722,D,3722,uint16,plc_product_data,1,0,,4,,,measurement_st02_aging_process_ok2
5094,D3723,D,3723,uint16,plc_product_data,1,0,,4,,,measurement_st02_aging_process_ng2
5095,D3724,D,3724,uint16,plc_product_data,1,0,,4,,,measurement_st02_aging_process_ok3
5096,D3725,D,3725,uint16,plc_product_data,1,0,,4,,,measurement_st02_aging_process_ng3
5097,D3726,D,3726,uint16,plc_product_data,1,0,,4,,,measurement_st02_aging_process_ok4
5098,D3727,D,3727,uint16,plc_product_data,1,0,,4,,,measurement_st02_aging_process_ng4
5099,D3840,D,3840,int16,plc_product_data,1,0,,4,,,measurement_st02_aging_process_indicator_check
5100,M1001,M,1001,bool,plc_product_data,1,0,,,,,status_st02_aging_process_misc
5101,L12,L,12,bool,plc_product_data,1,0,,,,,status_st02_aging_process_reset
5102,L52,L,52,bool,plc_product_data,1,0,,,,,status_st02_aging_process_reset_complete
5103,L240,L,240,bool,plc_product_data,1,0,,,,,action_st02_aging_defect_clear
5104,L250,L,250,bool,plc_product_data,1,0,,,,,status_st02_aging_process_pin_reset
5105,L670,L,670,bool,plc_product_data,1,0,,,,,status_st02_aging_process_pin
5106,L729,L,729,bool,plc_product_data,1,0,,,,,status_st02_aging_process_consecutive_ng
5107,L796,L,796,bool,plc_product_data,1,0,,,,,status_st02_aging_process_ion_manual_not_returned
5108,L797,L,797,bool,plc_product_data,1,0,,,,,status_st02_aging_process_pin_updown_cylinder_manual_not_returned
5109,L798,L,798,bool,plc_product_data,1,0,,,,,status_st02_aging_process_updown_cylinder_manual_not_returned
5110,L1102,L,1102,bool,plc_product_data,1,0,,,,,status_st02_aging_process_semi_auto
5111,L1152,L,1152,bool,plc_product_data,1,0,,,,,status_st02_aging_process_misc_01
5112,X120,X,120,bool,plc_product_data,1,0,,,,,measurement_st02_aging_process_01_l
5113,X121,X,121,bool,plc_product_data,1,0,,,,,measurement_st02_aging_process_01_r
5114,X122,X,122,bool,plc_product_data,1,0,,,,,measurement_st02_aging_process_02_l
5115,X123,X,123,bool,plc_product_data,1,0,,,,,measurement_st02_aging_process_02_r
5116,X124,X,124,bool,plc_product_data,1,0,,,,,measurement_st02_aging_process_03_l
5117,X125,X,125,bool,plc_product_data,1,0,,,,,measurement_st02_aging_process_03_r
5118,X126,X,126,bool,plc_product_data,1,0,,,,,measurement_st02_aging_process_04_l
5119,X127,X,127,bool,plc_product_data,1,0,,,,,measurement_st02_aging_process_04_r
5120,X170,X,170,bool,plc_product_data,1,0,,,,,measurement_st02_aging_probe_updown_cylinder_origin
5121,X171,X,171,bool,plc_product_data,1,0,,,,,measurement_st02_aging_probe_updown_cylinder_end
5122,X172,X,172,bool,plc_product_data,1,0,,,,,measurement_st02_aging_updown_cylinder_origin
5123,X173,X,173,bool,plc_product_data,1,0,,,,,measurement_st02_aging_updown_cylinder_end
5124,Y419,Y,419,bool,plc_product_data,1,0,,,,,measurement_st02_aging_process_ion
5125,Y41A,Y,41A,bool,plc_product_data,1,0,,,,,measurement_st02_aging_process_probe_updown_cylinder
5126,Y41B,Y,41B,bool,plc_product_data,1,0,,,,,measurement_st02_aging_process_updown_cylinder
5127,Y41C,Y,41C,bool,plc_product_data,1,0,,,,,measurement_st02_aging_process_misc
5128,Y450,Y,450,bool,plc_product_data,1,0,,,,,measurement_st02_aging_process_01_start
5129,Y451,Y,451,bool,plc_product_data,1,0,,,,,measurement_st02_aging_process_02_start
5130,Y452,Y,452,bool,plc_product_data,1,0,,,,,measurement_st02_aging_process_03_start
5131,Y453,Y,453,bool,plc_product_data,1,0,,,,,measurement_st02_aging_process_04_start
5132,D1008,D,1008,uint16,plc_setting_data,1,0,,4,,,setting_st03_ccd_file_selection_01_origin
5133,D1028,D,1028,uint16,plc_setting_data,1,0,,4,,,setting_st03_ccd_file_selection_02_origin
5134,D2400,D,2400,float32,plc_product_data,,0,,8,,,measurement_st03_ccd_01_r_display_data
5135,D2402,D,2402,float32,plc_product_data,,0,,8,,,measurement_st03_ccd_01_l_display_data
5136,D2404,D,2404,float32,plc_product_data,,0,,8,,,measurement_st03_ccd_02_l_display_data
5137,D2406,D,2406,float32,plc_product_data,,0,,8,,,measurement_st03_ccd_02_r_display_data
5138,D3062,D,3062,uint32,plc_product_data,1,0,,6,,,counter_st03_ccd_file_selection_count_pcs_01
5139,D3082,D,3082,uint32,plc_setting_data,1,0,,6,,,setting_st03_ccd_file_selection_pin_setting
5140,D3608,D,3608,float32,plc_product_data,,0,,8,,,measurement_st03_ccd_01_distance_l
5141,D3610,D,3610,float32,plc_product_data,,0,,8,,,measurement_st03_ccd_01_distance_r
5142,D3628,D,3628,float32,plc_product_data,,0,,8,,,measurement_st03_ccd_02_distance_l
5143,D3630,D,3630,float32,plc_product_data,,0,,8,,,measurement_st03_ccd_02_distance_r
5144,M150,M,150,bool,plc_product_data,1,0,,,,,status_st03_ccd_file_selection_servo
5145,M193,M,193,bool,plc_product_data,1,0,,,,,status_st03_ccd_file_selection_start
5146,M220,M,220,bool,plc_product_data,1,0,,,,,judgment_st03_ccd_file_selection_ccd01_ok
5147,M221,M,221,bool,plc_product_data,1,0,,,,,judgment_st03_ccd_file_selection_ccd01_ng
5148,M222,M,222,bool,plc_product_data,1,0,,,,,judgment_st03_ccd_file_selection_ccd02_ok
5149,M223,M,223,bool,plc_product_data,1,0,,,,,judgment_st03_ccd_file_selection_ccd02_ng
5150,M230,M,230,bool,plc_product_data,1,0,,,,,measurement_st03_ccd_01_start_trigger
5151,M231,M,231,bool,plc_product_data,1,0,,,,,measurement_st03_ccd_02_start_trigger
5152,M500,M,500,bool,plc_product_data,1,0,,,,,status_st03_ccd_file_selection_01_positioning_origin
5153,M501,M,501,bool,plc_product_data,1,0,,,,,status_st03_ccd_file_selection_01_origin
5154,M502,M,502,bool,plc_product_data,1,0,,,,,status_st03_ccd_file_selection_01_start_positioning
5155,M503,M,503,bool,plc_product_data,1,0,,,,,status_st03_ccd_file_selection_01_start
5156,M504,M,504,bool,plc_product_data,1,0,,,,,status_st03_ccd_file_selection_01_positioning
5157,M505,M,505,bool,plc_product_data,1,0,,,,,status_st03_ccd_file_selection_01
5158,M506,M,506,bool,plc_product_data,1,0,,,,,status_st03_ccd_file_selection_01_detect_positioning
5159,M507,M,507,bool,plc_product_data,1,0,,,,,status_st03_ccd_file_selection_01_detect_complete
5160,M520,M,520,bool,plc_product_data,1,0,,,,,status_st03_ccd_file_selection_02_positioning_origin
5161,M521,M,521,bool,plc_product_data,1,0,,,,,status_st03_ccd_file_selection_updown_02_origin
5162,M522,M,522,bool,plc_product_data,1,0,,,,,status_st03_ccd_file_selection_02_start_positioning
5163,M523,M,523,bool,plc_product_data,1,0,,,,,status_st03_ccd_file_selection_02_start
5164,M524,M,524,bool,plc_product_data,1,0,,,,,status_st03_ccd_file_selection_02_positioning
5165,M525,M,525,bool,plc_product_data,1,0,,,,,status_st03_ccd_file_selection_02
5166,M526,M,526,bool,plc_product_data,1,0,,,,,status_st03_ccd_file_selection_02_detect_positioning
5167,M527,M,527,bool,plc_product_data,1,0,,,,,status_st03_ccd_file_selection_02_detect_complete
5168,M1002,M,1002,bool,plc_product_data,1,0,,,,,status_st03_ccd_file_selection_misc
5169,L13,L,13,bool,plc_product_data,1,0,,,,,status_st03_ccd_file_selection_reset
5170,L53,L,53,bool,plc_product_data,1,0,,,,,status_st03_ccd_file_selection_reset_complete
5171,L251,L,251,bool,plc_product_data,1,0,,,,,status_st03_ccd_file_selection_pin_reset
5172,L671,L,671,bool,plc_product_data,1,0,,,,,status_st03_ccd_file_selection_pin
5173,L701,L,701,bool,plc_product_data,1,0,,,,,status_st03_ccd_file_selection_updown_servo1_origin
5174,L702,L,702,bool,plc_product_data,1,0,,,,,status_st03_ccd_file_selection_updown_servo2_origin
5175,L714,L,714,bool,plc_product_data,1,0,,,,,status_st03_ccd_file_selection_ccd1
5176,L715,L,715,bool,plc_product_data,1,0,,,,,status_st03_ccd_file_selection_ccd2
5179,L733,L,733,bool,plc_product_data,1,0,,,,,status_st03_ccd_file_selection_ccd
5180,L735,L,735,bool,plc_product_data,1,0,,,,,status_st03_ccd_file_selection_consecutive_ng
5181,L784,L,784,bool,plc_product_data,1,0,,,,,status_st03_ccd_01_file_switch_failed
5182,L785,L,785,bool,plc_product_data,1,0,,,,,status_st03_ccd_02_file_switch_failed
5183,L857,L,857,bool,plc_product_data,1,0,,,,,status_st03_ccd_file_selection_updown_servo1_origin_01
5184,L858,L,858,bool,plc_product_data,1,0,,,,,status_st03_ccd_file_selection_updown_servo2_origin_01
5185,L995,L,995,bool,plc_product_data,1,0,,,,,status_st03_ccd_file_selection_misc_01
5186,L1103,L,1103,bool,plc_product_data,1,0,,,,,status_st03_ccd_file_selection_semi_auto
5187,L1153,L,1153,bool,plc_product_data,1,0,,,,,status_st03_ccd_file_selection_misc_02
5188,L1202,L,1202,bool,plc_product_data,1,0,,,,,status_st03_ccd_file_selection_pressure
5189,L1224,L,1224,bool,plc_product_data,1,0,,,,,status_st03_ccd_file_selection_misc_03
5190,X130,X,130,bool,plc_product_data,1,0,,,,,measurement_st03_ccd_file_selection_01_com
5191,X131,X,131,bool,plc_product_data,1,0,,,,,measurement_st03_ccd_file_selection_01_l
5192,X132,X,132,bool,plc_product_data,1,0,,,,,measurement_st03_ccd_file_selection_01_r
5193,X133,X,133,bool,plc_product_data,1,0,,,,,measurement_st03_ccd_file_selection_02_com
5194,X134,X,134,bool,plc_product_data,1,0,,,,,measurement_st03_ccd_file_selection_02_l
5195,X135,X,135,bool,plc_product_data,1,0,,,,,measurement_st03_ccd_file_selection_02_r
5196,X174,X,174,bool,plc_product_data,1,0,,,,,measurement_st03_ccd_probe_updown_cylinder_origin
5197,X175,X,175,bool,plc_product_data,1,0,,,,,measurement_st03_ccd_probe_updown_cylinder_end
5198,X176,X,176,bool,plc_product_data,1,0,,,,,measurement_st03_ccd_updown_cylinder_origin
5199,X177,X,177,bool,plc_product_data,1,0,,,,,measurement_st03_ccd_updown_cylinder_end
5200,X1B0,X,1B0,bool,plc_product_data,1,0,,,,,measurement_st03_ccd_file_selection_servo_01
5201,X1B1,X,1B1,bool,plc_product_data,1,0,,,,,measurement_st03_ccd_file_selection_servo_02
5202,Y41D,Y,41D,bool,plc_product_data,1,0,,,,,measurement_st03_ccd_file_selection_probe_updown_cylinder
5203,Y41E,Y,41E,bool,plc_product_data,1,0,,,,,measurement_st03_ccd_file_selection_updown_cylinder
5204,Y41F,Y,41F,bool,plc_product_data,1,0,,,,,measurement_st03_ccd_file_selection_misc
5205,Y45C,Y,45C,bool,plc_product_data,1,0,,,,,measurement_st03_ccd_file_selection_servo
5206,Y460,Y,460,bool,plc_product_data,1,0,,,,,measurement_st03_ccd_file_selection_servo_01_01
5207,Y461,Y,461,bool,plc_product_data,1,0,,,,,measurement_st03_ccd_file_selection_servo_02_01
5208,Y470,Y,470,bool,plc_product_data,1,0,,,,,measurement_st03_ccd_file_selection_01_pressure
5209,Y471,Y,471,bool,plc_product_data,1,0,,,,,measurement_st03_ccd_file_selection_02_pressure
5210,D1048,D,1048,uint16,plc_setting_data,1,0,,4,,,setting_st04_release_force_test_01_origin
5211,D1068,D,1068,uint16,plc_setting_data,1,0,,4,,,setting_st04_release_force_test_02_origin
5212,D2410,D,2410,float32,plc_product_data,,0,,8,,,measurement_st04_ccd_01_r_display_data
5213,D2412,D,2412,float32,plc_product_data,,0,,8,,,measurement_st04_ccd_01_l_display_data
5214,D2414,D,2414,float32,plc_product_data,,0,,8,,,measurement_st04_ccd_02_l_display_data
5215,D2416,D,2416,float32,plc_product_data,,0,,8,,,measurement_st04_ccd_02_r_display_data
5216,D3064,D,3064,uint32,plc_product_data,1,0,,6,,,counter_st04_release_force_test_count_pcs_01
5217,D3084,D,3084,uint32,plc_setting_data,1,0,,6,,,setting_st04_release_force_test_pin_setting
5218,D3648,D,3648,float32,plc_product_data,,0,,8,,,measurement_st04_ccd_01_distance_l
5219,D3650,D,3650,float32,plc_product_data,,0,,8,,,measurement_st04_ccd_01_distance_r
5220,D3668,D,3668,float32,plc_product_data,,0,,8,,,measurement_st04_ccd_02_distance_l
5221,D3670,D,3670,float32,plc_product_data,,0,,8,,,measurement_st04_ccd_02_distance_r
5222,M151,M,151,bool,plc_product_data,1,0,,,,,status_st04_release_force_test_servo
5223,M199,M,199,bool,plc_product_data,1,0,,,,,status_st04_release_force_test_start
5224,M224,M,224,bool,plc_product_data,1,0,,,,,judgment_st04_release_force_test_ccd01_ok
5225,M225,M,225,bool,plc_product_data,1,0,,,,,judgment_st04_release_force_test_ccd01_ng
5226,M226,M,226,bool,plc_product_data,1,0,,,,,judgment_st04_release_force_test_ccd02_ok
5227,M227,M,227,bool,plc_product_data,1,0,,,,,judgment_st04_release_force_test_ccd02_ng
5228,M232,M,232,bool,plc_product_data,1,0,,,,,measurement_st04_ccd_01_start_trigger
5229,M233,M,233,bool,plc_product_data,1,0,,,,,measurement_st04_ccd_02_start_trigger
5230,M540,M,540,bool,plc_product_data,1,0,,,,,status_st04_release_force_test_01_positioning_origin
5231,M541,M,541,bool,plc_product_data,1,0,,,,,status_st04_release_force_test_01_origin
5232,M542,M,542,bool,plc_product_data,1,0,,,,,status_st04_release_force_test_01_start_positioning
5233,M543,M,543,bool,plc_product_data,1,0,,,,,status_st04_release_force_test_01_start
5234,M544,M,544,bool,plc_product_data,1,0,,,,,status_st04_release_force_test_01_positioning_end
5235,M545,M,545,bool,plc_product_data,1,0,,,,,status_st04_release_force_test_01
5236,M546,M,546,bool,plc_product_data,1,0,,,,,status_st04_release_force_test_01_detect_positioning
5237,M547,M,547,bool,plc_product_data,1,0,,,,,status_st04_release_force_test_01_detect_complete
5238,M560,M,560,bool,plc_product_data,1,0,,,,,status_st04_release_force_test_02_positioning_origin
5239,M561,M,561,bool,plc_product_data,1,0,,,,,status_st04_release_force_test_updown_02_origin
5240,M562,M,562,bool,plc_product_data,1,0,,,,,status_st04_release_force_test_02_start_positioning
5241,M563,M,563,bool,plc_product_data,1,0,,,,,status_st04_release_force_test_02_start
5242,M564,M,564,bool,plc_product_data,1,0,,,,,status_st04_release_force_test_02_positioning
5243,M565,M,565,bool,plc_product_data,1,0,,,,,status_st04_release_force_test_02
5244,M566,M,566,bool,plc_product_data,1,0,,,,,status_st04_release_force_test_02_detect_positioning
5245,M567,M,567,bool,plc_product_data,1,0,,,,,status_st04_release_force_test_02_detect_complete
5246,M1003,M,1003,bool,plc_product_data,1,0,,,,,status_st04_release_force_test_misc
5247,L14,L,14,bool,plc_product_data,1,0,,,,,status_st04_release_force_test_reset
5248,L54,L,54,bool,plc_product_data,1,0,,,,,status_st04_release_force_test_reset_complete
5249,L252,L,252,bool,plc_product_data,1,0,,,,,status_st04_release_force_test_pin_reset
5250,L672,L,672,bool,plc_product_data,1,0,,,,,status_st04_release_force_test_pin
5251,L703,L,703,bool,plc_product_data,1,0,,,,,status_st04_release_force_test_updown_servo1_origin
5252,L704,L,704,bool,plc_product_data,1,0,,,,,status_st04_release_force_test_updown_servo2_origin
5253,L716,L,716,bool,plc_product_data,1,0,,,,,status_st04_release_force_test_ccd1
5254,L717,L,717,bool,plc_product_data,1,0,,,,,status_st04_release_force_test_ccd2
5255,L734,L,734,bool,plc_product_data,1,0,,,,,status_st04_release_force_test_ccd
5256,L736,L,736,bool,plc_product_data,1,0,,,,,status_st04_release_force_test_consecutive_ng
5257,L786,L,786,bool,plc_product_data,1,0,,,,,status_st04_ccd_01_file_switch_failed
5258,L787,L,787,bool,plc_product_data,1,0,,,,,status_st04_ccd_02_file_switch_failed
5259,L859,L,859,bool,plc_product_data,1,0,,,,,status_st04_release_force_test_updown_servo1_origin_01
5260,L996,L,996,bool,plc_product_data,1,0,,,,,status_st04_release_force_test_misc_01
5261,L1104,L,1104,bool,plc_product_data,1,0,,,,,status_st04_release_force_test_semi_auto
5262,L1154,L,1154,bool,plc_product_data,1,0,,,,,status_st04_release_force_test_misc_02
5263,L1205,L,1205,bool,plc_setting_data,1,0,,,,,setting_st04_ccd_mask
5264,X13A,X,13A,bool,plc_product_data,1,0,,,,,measurement_st04_release_force_test_01_com
5265,X13B,X,13B,bool,plc_product_data,1,0,,,,,measurement_st04_release_force_test_01_l
5266,X13C,X,13C,bool,plc_product_data,1,0,,,,,measurement_st04_release_force_test_01_r
5267,X13D,X,13D,bool,plc_product_data,1,0,,,,,measurement_st04_release_force_test_02_com
5268,X13E,X,13E,bool,plc_product_data,1,0,,,,,measurement_st04_release_force_test_02_l
5269,X13F,X,13F,bool,plc_product_data,1,0,,,,,measurement_st04_release_force_test_02_r
5270,X178,X,178,bool,plc_product_data,1,0,,,,,measurement_st04_release_probe_updown_cylinder_origin
5271,X179,X,179,bool,plc_product_data,1,0,,,,,measurement_st04_release_probe_updown_cylinder_end
5272,X17A,X,17A,bool,plc_product_data,1,0,,,,,measurement_st04_release_updown_cylinder_origin
5273,X17B,X,17B,bool,plc_product_data,1,0,,,,,measurement_st04_release_updown_cylinder_end
5274,X1B2,X,1B2,bool,plc_product_data,1,0,,,,,measurement_st04_release_force_test_servo_01
5275,X1B3,X,1B3,bool,plc_product_data,1,0,,,,,measurement_st04_release_force_test_servo_02
5276,Y420,Y,420,bool,plc_product_data,1,0,,,,,measurement_st04_release_force_test_probe_updown_cylinder
5277,Y421,Y,421,bool,plc_product_data,1,0,,,,,measurement_st04_release_force_test_updown_cylinder
5278,Y422,Y,422,bool,plc_product_data,1,0,,,,,measurement_st04_release_force_test_misc
5279,Y45D,Y,45D,bool,plc_product_data,1,0,,,,,measurement_st04_release_force_test_servo
5280,Y462,Y,462,bool,plc_product_data,1,0,,,,,measurement_st04_release_force_test_servo_01_01
5281,Y463,Y,463,bool,plc_product_data,1,0,,,,,measurement_st04_release_force_test_servo_02_01
5282,Y472,Y,472,bool,plc_product_data,1,0,,,,,measurement_st04_release_force_test_01_pressure
5283,Y473,Y,473,bool,plc_product_data,1,0,,,,,measurement_st04_release_force_test_02_pressure
5284,D3066,D,3066,uint32,plc_product_data,1,0,,6,,,counter_st05_mcp_process_01_count_pcs_01
5285,D3844,D,3844,int16,plc_product_data,1,0,,4,,,measurement_st05_mcp_process_01_pressure_l_indicator
5286,X140,X,140,bool,plc_product_data,1,0,,,,,measurement_st05_mpc_detect_01_l_contact_signal
5287,X141,X,141,bool,plc_product_data,1,0,,,,,measurement_st05_mpc_detect_02_l_contact_signal
5288,X142,X,142,bool,plc_product_data,1,0,,,,,measurement_st05_mpc_detect_03_l_contact_signal
5289,X143,X,143,bool,plc_product_data,1,0,,,,,measurement_st05_mpc_detect_04_l_contact_signal
5290,X17C,X,17C,bool,plc_product_data,1,0,,,,,measurement_st05_mcp_process_01_updown_cylinder_origin
5291,X17D,X,17D,bool,plc_product_data,1,0,,,,,measurement_st05_mcp_process_01_updown_cylinder_end
5292,X180,X,180,bool,plc_product_data,1,0,,,,,measurement_st05_mcp_process_01_cylinder_origin_01
5293,X181,X,181,bool,plc_product_data,1,0,,,,,measurement_st05_mcp_process_01_cylinder_01_end
5294,X182,X,182,bool,plc_product_data,1,0,,,,,measurement_st05_mcp_process_01_cylinder_02_origin
5295,X183,X,183,bool,plc_product_data,1,0,,,,,measurement_st05_mcp_process_01_cylinder_02_end
5296,X184,X,184,bool,plc_product_data,1,0,,,,,measurement_st05_mcp_process_01_cylinder_03_origin
5297,X185,X,185,bool,plc_product_data,1,0,,,,,measurement_st05_mcp_process_01_cylinder_03_end
5298,X186,X,186,bool,plc_product_data,1,0,,,,,measurement_st05_mcp_process_01_cylinder_04_origin
5299,X187,X,187,bool,plc_product_data,1,0,,,,,measurement_st05_mcp_process_01_cylinder_04_end
5300,X1AA,X,1AA,bool,plc_product_data,1,0,,,,,measurement_st05_mcp_process_01_probe_updown_cylinder_origin
5301,X1AB,X,1AB,bool,plc_product_data,1,0,,,,,measurement_st05_mcp_process_01_probe_updown_cylinder_end
5302,X1B4,X,1B4,bool,plc_product_data,1,0,,,,,measurement_st05_mcp_process_01_01_servo_alarm
5303,X1B5,X,1B5,bool,plc_product_data,1,0,,,,,measurement_st05_mcp_process_01_02_servo_alarm
5306,D3068,D,3068,uint32,plc_product_data,1,0,,6,,,counter_st06_mcp_process_02_count_pcs_01
5307,D3845,D,3845,int16,plc_product_data,1,0,,4,,,measurement_st06_mcp_process_02_pressure_r_indicator
5308,X145,X,145,bool,plc_product_data,1,0,,,,,measurement_st06_mpc_detect_01_r_contact_signal
5309,X146,X,146,bool,plc_product_data,1,0,,,,,measurement_st06_mpc_detect_02_r_contact_signal
5310,X147,X,147,bool,plc_product_data,1,0,,,,,measurement_st06_mpc_detect_03_r_contact_signal
5311,X148,X,148,bool,plc_product_data,1,0,,,,,measurement_st06_mpc_detect_04_r_contact_signal
5312,X188,X,188,bool,plc_product_data,1,0,,,,,measurement_st06_mcp_process_02_updown_cylinder_origin
5313,X189,X,189,bool,plc_product_data,1,0,,,,,measurement_st06_mcp_process_02_updown_cylinder_end
5314,X18A,X,18A,bool,plc_product_data,1,0,,,,,measurement_st06_mcp_process_02_cylinder_origin_01
5315,X18B,X,18B,bool,plc_product_data,1,0,,,,,measurement_st06_mcp_process_02_cylinder_01_end
5316,X18C,X,18C,bool,plc_product_data,1,0,,,,,measurement_st06_mcp_process_02_cylinder_02_origin
5317,X18D,X,18D,bool,plc_product_data,1,0,,,,,measurement_st06_mcp_process_02_cylinder_02_end
5318,X18E,X,18E,bool,plc_product_data,1,0,,,,,measurement_st06_mcp_process_02_cylinder_03_origin
5319,X18F,X,18F,bool,plc_product_data,1,0,,,,,measurement_st06_mcp_process_02_cylinder_03_end
5320,X190,X,190,bool,plc_product_data,1,0,,,,,measurement_st06_mcp_process_02_cylinder_04_origin
5321,X191,X,191,bool,plc_product_data,1,0,,,,,measurement_st06_mcp_process_02_cylinder_04_end
5322,X1AC,X,1AC,bool,plc_product_data,1,0,,,,,measurement_st06_mcp_process_02_probe_updown_cylinder_origin
5323,X1AD,X,1AD,bool,plc_product_data,1,0,,,,,measurement_st06_mcp_process_02_probe_updown_cylinder_end
5324,X1B8,X,1B8,bool,plc_product_data,1,0,,,,,measurement_st06_mcp_process_02_01_servo_alarm
5325,X1B9,X,1B9,bool,plc_product_data,1,0,,,,,measurement_st06_mcp_process_02_02_servo_alarm
5326,X1BA,X,1BA,bool,plc_product_data,1,0,,,,,measurement_st06_mcp_process_02_03_servo_alarm
5327,X1BB,X,1BB,bool,plc_product_data,1,0,,,,,measurement_st06_mcp_process_02_04_servo_alarm
5328,D67,D,67,float32,plc_product_data,,0,,8,,,measurement_inspection_check_st07_action_voltage_l
5329,D68,D,68,float32,plc_product_data,,0,,8,,,measurement_inspection_check_st07_action_voltage_r
5330,D69,D,69,float32,plc_product_data,,0,,8,,,measurement_inspection_check_st07_reset_voltage_l
5331,D70,D,70,float32,plc_product_data,,0,,8,,,measurement_inspection_check_st07_reset_voltage_r
5332,D71,D,71,float32,plc_product_data,,0,,8,,,measurement_inspection_check_st07_sync_time
5333,D834,D,834,float32,plc_setting_data,1,0,2,,,,setting_st07_char_inspection_data_upper_01
5334,D852,D,852,uint32,plc_setting_data,1,0,,6,,,setting_st07_char_inspection_data_upper_02
5335,D856,D,856,uint32,plc_setting_data,1,0,,6,,,setting_st07_char_inspection_data_lower_01
5336,D858,D,858,uint32,plc_setting_data,1,0,,6,,,setting_st07_char_inspection_data_upper_03
5337,D860,D,860,uint32,plc_setting_data,1,0,,6,,,setting_st07_char_inspection_data_lower_02
5338,D862,D,862,uint32,plc_setting_data,1,0,,6,,,setting_st07_char_inspection_data_duration_ms_01
5339,D870,D,870,float32,plc_setting_data,1,0,2,,,,setting_st07_char_inspection_data_lower_03
5340,D872,D,872,float32,plc_setting_data,1,0,2,,,,setting_st07_char_inspection_data_upper_04
5341,D874,D,874,float32,plc_setting_data,1,0,2,,,,setting_st07_char_inspection_data_lower_04
5342,D876,D,876,float32,plc_setting_data,1,0,2,,,,setting_st07_char_inspection_data_duration_ms_02
5343,D3070,D,3070,uint32,plc_product_data,1,0,,6,,,counter_st07_char_inspection_data_count_pcs_01
5344,D3090,D,3090,uint32,plc_setting_data,1,0,,6,,,setting_st07_char_inspection_data_pin_setting
5345,D3780,D,3780,uint16,plc_product_data,1,0,,4,,,measurement_st07_char_inspection_data_lok1
5346,D3781,D,3781,uint16,plc_product_data,1,0,,4,,,measurement_st07_char_inspection_data_lng1
5347,D3782,D,3782,uint16,plc_product_data,1,0,,4,,,measurement_st07_char_inspection_data_lok2
5348,D3783,D,3783,uint16,plc_product_data,1,0,,4,,,measurement_st07_char_inspection_data_lng2
5349,D3784,D,3784,uint16,plc_product_data,1,0,,4,,,measurement_st07_char_inspection_data_lok3
5350,D3785,D,3785,uint16,plc_product_data,1,0,,4,,,measurement_st07_char_inspection_data_lng3
5351,D3786,D,3786,uint16,plc_product_data,1,0,,4,,,measurement_st07_char_inspection_data_lok4
5352,D3787,D,3787,uint16,plc_product_data,1,0,,4,,,measurement_st07_char_inspection_data_lng4
5353,D3790,D,3790,uint16,plc_product_data,1,0,,4,,,measurement_st07_char_inspection_data_rok1
5354,D3791,D,3791,uint16,plc_product_data,1,0,,4,,,measurement_st07_char_inspection_data_rng1
5355,D3792,D,3792,uint16,plc_product_data,1,0,,4,,,measurement_st07_char_inspection_data_rok2
5356,D3793,D,3793,uint16,plc_product_data,1,0,,4,,,measurement_st07_char_inspection_data_rng2
5357,D3794,D,3794,uint16,plc_product_data,1,0,,4,,,measurement_st07_char_inspection_data_rok3
5358,D3795,D,3795,uint16,plc_product_data,1,0,,4,,,measurement_st07_char_inspection_data_rng3
5359,D3796,D,3796,uint16,plc_product_data,1,0,,4,,,measurement_st07_char_inspection_data_rok4
5360,D3797,D,3797,uint16,plc_product_data,1,0,,4,,,measurement_st07_char_inspection_data_rng4
5361,D3800,D,3800,uint16,plc_setting_data,1,0,,4,,,setting_st07_char_inspection_data_lok1_reset
5362,D3801,D,3801,uint16,plc_setting_data,1,0,,4,,,setting_st07_char_inspection_data_lng1_reset
5363,D3802,D,3802,uint16,plc_setting_data,1,0,,4,,,setting_st07_char_inspection_data_lok2_reset
5364,D3803,D,3803,uint16,plc_setting_data,1,0,,4,,,setting_st07_char_inspection_data_lng2_reset
5365,D3804,D,3804,uint16,plc_setting_data,1,0,,4,,,setting_st07_char_inspection_data_lok3_reset
5366,D3805,D,3805,uint16,plc_setting_data,1,0,,4,,,setting_st07_char_inspection_data_lng3_reset
5367,D3806,D,3806,uint16,plc_setting_data,1,0,,4,,,setting_st07_char_inspection_data_lok4_reset
5368,D3807,D,3807,uint16,plc_setting_data,1,0,,4,,,setting_st07_char_inspection_data_lng4_reset
5369,D3810,D,3810,uint16,plc_setting_data,1,0,,4,,,setting_st07_char_inspection_data_rok1_reset
5370,D3811,D,3811,uint16,plc_setting_data,1,0,,4,,,setting_st07_char_inspection_data_rng1_reset
5371,D3812,D,3812,uint16,plc_setting_data,1,0,,4,,,setting_st07_char_inspection_data_rok2_reset
5372,D3813,D,3813,uint16,plc_setting_data,1,0,,4,,,setting_st07_char_inspection_data_rng2_reset
5373,D3814,D,3814,uint16,plc_setting_data,1,0,,4,,,setting_st07_char_inspection_data_rok3_reset
5374,D3815,D,3815,uint16,plc_setting_data,1,0,,4,,,setting_st07_char_inspection_data_rng3_reset
5375,D3816,D,3816,uint16,plc_setting_data,1,0,,4,,,setting_st07_char_inspection_data_rok4_reset
5376,D3817,D,3817,uint16,plc_setting_data,1,0,,4,,,setting_st07_char_inspection_data_rng4_reset
5377,D3830,D,3830,uint16,plc_setting_data,1,0,,4,,,setting_st07_char_inspection_data_sync_time_ok1
5378,D3831,D,3831,uint16,plc_setting_data,1,0,,4,,,setting_st07_char_inspection_data_sync_time_ng1
5379,D3832,D,3832,uint16,plc_setting_data,1,0,,4,,,setting_st07_char_inspection_data_sync_time_ok2
5380,D3833,D,3833,uint16,plc_setting_data,1,0,,4,,,setting_st07_char_inspection_data_sync_time_ng2
5381,D3834,D,3834,uint16,plc_setting_data,1,0,,4,,,setting_st07_char_inspection_data_sync_time_ok3
5382,D3835,D,3835,uint16,plc_setting_data,1,0,,4,,,setting_st07_char_inspection_data_sync_time_ng3
5383,D3836,D,3836,uint16,plc_setting_data,1,0,,4,,,setting_st07_char_inspection_data_sync_time_ok4
5384,D3837,D,3837,uint16,plc_setting_data,1,0,,4,,,setting_st07_char_inspection_data_sync_time_ng4
5385,D3846,D,3846,int16,plc_setting_data,1,0,,4,,,setting_st07_char_inspection_data_upper_05
5386,D3847,D,3847,int16,plc_setting_data,1,0,,4,,,setting_st07_char_inspection_data_lower_05
5387,D3848,D,3848,int16,plc_setting_data,1,0,,4,,,setting_st07_char_inspection_data_upper_06
5388,D3849,D,3849,int16,plc_setting_data,1,0,,4,,,setting_st07_char_inspection_data_lower_06
5389,D3850,D,3850,int16,plc_setting_data,1,0,,4,,,setting_st07_char_inspection_data_duration_ms_03
5390,M1006,M,1006,bool,plc_product_data,1,0,,,,,status_st07_char_inspection_data_misc
5391,L17,L,17,bool,plc_product_data,1,0,,,,,status_st07_char_inspection_data_reset
5392,L57,L,57,bool,plc_product_data,1,0,,,,,status_st07_char_inspection_data_reset_complete
5393,L235,L,235,bool,plc_product_data,1,0,,,,,status_st07_char_inspection_data_sync_time_ng_reset
5394,L236,L,236,bool,plc_product_data,1,0,,,,,status_st07_char_inspection_data_lower_ng_reset
5395,L237,L,237,bool,plc_product_data,1,0,,,,,status_st07_char_inspection_data_reset_upper_ng_reset
5396,L238,L,238,bool,plc_product_data,1,0,,,,,status_st07_char_inspection_data_reset_lower_reset_ng
5397,L246,L,246,bool,plc_product_data,1,0,,,,,status_st07_char_inspection_data_upper_reset
5398,L255,L,255,bool,plc_product_data,1,0,,,,,status_st07_char_inspection_data_pin_reset
5399,L675,L,675,bool,plc_product_data,1,0,,,,,status_st07_char_inspection_data_pin
5400,L683,L,683,bool,plc_product_data,1,0,,,,,status_st07_char_inspection_data_misc_01
5401,L699,L,699,bool,plc_product_data,1,0,,,,,status_st07_characteristic_inspection_data_running
5403,L781,L,781,bool,plc_product_data,1,0,,,,,status_st07_char_inspection_data_consecutive_ng
5406,L937,L,937,bool,plc_product_data,1,0,,,,,status_st07_char_inspection_data_consecutive_ng_01
5408,L979,L,979,bool,plc_product_data,1,0,,,,,status_st07_char_inspection_data_01
5409,L980,L,980,bool,plc_product_data,1,0,,,,,status_st07_char_inspection_data_02
5410,L981,L,981,bool,plc_product_data,1,0,,,,,status_st07_char_inspection_data_03
5411,L982,L,982,bool,plc_product_data,1,0,,,,,status_st07_char_inspection_data_04
5420,L1107,L,1107,bool,plc_product_data,1,0,,,,,status_st07_char_inspection_data_semi_auto
5421,L1157,L,1157,bool,plc_product_data,1,0,,,,,status_st07_char_inspection_data_misc_02
5422,X192,X,192,bool,plc_product_data,1,0,,,,,measurement_st07_char_probe_updown_cylinder_origin
5423,X193,X,193,bool,plc_product_data,1,0,,,,,measurement_st07_char_probe_updown_cylinder_end
5424,X194,X,194,bool,plc_product_data,1,0,,,,,measurement_st07_char_updown_cylinder_origin
5425,X195,X,195,bool,plc_product_data,1,0,,,,,measurement_st07_char_updown_cylinder_end
5426,X308,X,308,bool,plc_product_data,1,0,,,,,judgment_st07_char_inspection_data_01_ok
5427,X309,X,309,bool,plc_product_data,1,0,,,,,judgment_st07_char_inspection_data_01_ng
5428,X30A,X,30A,bool,plc_product_data,1,0,,,,,judgment_st07_char_inspection_data_02_ok
5429,X30B,X,30B,bool,plc_product_data,1,0,,,,,judgment_st07_char_inspection_data_02_ng
5430,X30C,X,30C,bool,plc_product_data,1,0,,,,,judgment_st07_char_inspection_data_03_ok
5431,X30D,X,30D,bool,plc_product_data,1,0,,,,,judgment_st07_char_inspection_data_03_ng
5432,X30E,X,30E,bool,plc_product_data,1,0,,,,,judgment_st07_char_inspection_data_04_ok
5433,X30F,X,30F,bool,plc_product_data,1,0,,,,,judgment_st07_char_inspection_data_04_ng
5434,Y300,Y,300,bool,plc_product_data,1,0,,,,,measurement_st07_char_inspection_data_01_start
5435,Y301,Y,301,bool,plc_product_data,1,0,,,,,measurement_st07_char_inspection_data_02_start
5436,Y302,Y,302,bool,plc_product_data,1,0,,,,,measurement_st07_char_inspection_data_03_start
5437,Y303,Y,303,bool,plc_product_data,1,0,,,,,measurement_st07_char_inspection_data_04_start
5438,Y42F,Y,42F,bool,plc_product_data,1,0,,,,,measurement_st07_char_inspection_data_probe_updown_cylinder
5439,Y430,Y,430,bool,plc_product_data,1,0,,,,,measurement_st07_char_inspection_data_updown_cylinder
5440,Y431,Y,431,bool,plc_product_data,1,0,,,,,measurement_st07_char_inspection_data_misc
5441,D72,D,72,float32,plc_product_data,,0,,8,,,measurement_inspection_check_st08_action_reset_voltage
5442,D3072,D,3072,uint32,plc_product_data,1,0,,6,,,counter_st08_char_inspection_mass_count_pcs_01
5443,D3092,D,3092,uint32,plc_setting_data,1,0,,6,,,setting_st08_char_inspection_mass_pin_setting
5444,D3460,D,3460,uint32,plc_setting_data,1,0,,6,,,setting_st08_char_inspection_mass_upper_01
5445,D3462,D,3462,uint32,plc_setting_data,1,0,,6,,,setting_st08_char_inspection_mass_lower_01
5446,D3464,D,3464,uint32,plc_setting_data,1,0,,6,,,setting_st08_char_inspection_mass_upper_02
5447,D3466,D,3466,uint32,plc_setting_data,1,0,,6,,,setting_st08_char_inspection_mass_lower_02
5448,D3470,D,3470,float32,plc_setting_data,1,0,2,,,,setting_st08_char_inspection_mass_upper_03
5449,D3472,D,3472,float32,plc_setting_data,1,0,2,,,,setting_st08_char_inspection_mass_lower_03
5450,D3474,D,3474,float32,plc_setting_data,1,0,2,,,,setting_st08_char_inspection_mass_upper_04
5451,D3476,D,3476,float32,plc_setting_data,1,0,2,,,,setting_st08_char_inspection_mass_lower_04
5452,D3820,D,3820,uint16,plc_product_data,1,0,,4,,,measurement_st08_char_inspection_mass_ok1
5453,D3821,D,3821,uint16,plc_product_data,1,0,,4,,,measurement_st08_char_inspection_mass_ng1
5454,D3822,D,3822,uint16,plc_product_data,1,0,,4,,,measurement_st08_char_inspection_mass_ok2
5455,D3823,D,3823,uint16,plc_product_data,1,0,,4,,,measurement_st08_char_inspection_mass_ng2
5456,D3824,D,3824,uint16,plc_product_data,1,0,,4,,,measurement_st08_char_inspection_mass_ok3
5457,D3825,D,3825,uint16,plc_product_data,1,0,,4,,,measurement_st08_char_inspection_mass_ng3
5458,D3826,D,3826,uint16,plc_product_data,1,0,,4,,,measurement_st08_char_inspection_mass_ok4
5459,D3827,D,3827,uint16,plc_product_data,1,0,,4,,,measurement_st08_char_inspection_mass_ng4
5460,D3851,D,3851,int16,plc_product_data,1,0,,4,,,measurement_st08_char_sensor
5461,M1007,M,1007,bool,plc_product_data,1,0,,,,,status_st08_char_inspection_mass_misc
5462,L18,L,18,bool,plc_product_data,1,0,,,,,status_st08_char_inspection_mass_reset
5463,L58,L,58,bool,plc_product_data,1,0,,,,,status_st08_char_inspection_mass_reset_complete
5464,L256,L,256,bool,plc_product_data,1,0,,,,,status_st08_char_inspection_mass_pin
5465,L676,L,676,bool,plc_product_data,1,0,,,,,status_st08_char_inspection_mass_pin_01
5466,L687,L,687,bool,plc_product_data,1,0,,,,,status_st08_char_inspection_mass_misc_01
5468,L782,L,782,bool,plc_product_data,1,0,,,,,status_st08_char_inspection_mass_consecutive_ng
5470,L938,L,938,bool,plc_product_data,1,0,,,,,status_st08_char_inspection_mass_consecutive_ng_01
5471,L1108,L,1108,bool,plc_product_data,1,0,,,,,status_st08_char_inspection_mass_semi_auto
5472,L1158,L,1158,bool,plc_product_data,1,0,,,,,status_st08_char_inspection_mass_misc_02
5473,X196,X,196,bool,plc_product_data,1,0,,,,,measurement_st08_char_probe_updown_cylinder_origin
5474,X197,X,197,bool,plc_product_data,1,0,,,,,measurement_st08_char_probe_updown_cylinder_end
5475,X198,X,198,bool,plc_product_data,1,0,,,,,measurement_st08_char_updown_cylinder_origin
5476,X199,X,199,bool,plc_product_data,1,0,,,,,measurement_st08_char_updown_cylinder_end
5477,X300,X,300,bool,plc_product_data,1,0,,,,,measurement_st08_char_inspection_mass_01_signal_0
5478,X301,X,301,bool,plc_product_data,1,0,,,,,measurement_st08_char_inspection_mass_01_signal_01
5479,X302,X,302,bool,plc_product_data,1,0,,,,,measurement_st08_char_inspection_mass_02_signal_0
5480,X303,X,303,bool,plc_product_data,1,0,,,,,measurement_st08_char_inspection_mass_02_signal_01
5481,X304,X,304,bool,plc_product_data,1,0,,,,,measurement_st08_char_inspection_mass_03_signal_0
5482,X305,X,305,bool,plc_product_data,1,0,,,,,measurement_st08_char_inspection_mass_03_signal_01
5483,X306,X,306,bool,plc_product_data,1,0,,,,,measurement_st08_char_inspection_mass_04_signal_0
5484,X307,X,307,bool,plc_product_data,1,0,,,,,measurement_st08_char_inspection_mass_04_signal_01
5485,X310,X,310,bool,plc_product_data,1,0,,,,,measurement_st08_char_inspection_mass_01_signal_02
5486,X311,X,311,bool,plc_product_data,1,0,,,,,measurement_st08_char_inspection_mass_01_signal_03
5487,X312,X,312,bool,plc_product_data,1,0,,,,,measurement_st08_char_inspection_mass_02_signal_02
5488,X313,X,313,bool,plc_product_data,1,0,,,,,measurement_st08_char_inspection_mass_02_signal_03
5489,X314,X,314,bool,plc_product_data,1,0,,,,,measurement_st08_char_inspection_mass_03_signal_02
5490,X315,X,315,bool,plc_product_data,1,0,,,,,measurement_st08_char_inspection_mass_03_signal_03
5491,X316,X,316,bool,plc_product_data,1,0,,,,,measurement_st08_char_inspection_mass_04_signal_02
5492,X317,X,317,bool,plc_product_data,1,0,,,,,measurement_st08_char_inspection_mass_04_signal_03
5493,Y432,Y,432,bool,plc_product_data,1,0,,,,,measurement_st08_char_inspection_mass_probe_updown_cylinder
5494,Y433,Y,433,bool,plc_product_data,1,0,,,,,measurement_st08_char_inspection_mass_updown_cylinder
5495,Y434,Y,434,bool,plc_product_data,1,0,,,,,measurement_st08_char_inspection_mass_misc
5496,Y44A,Y,44A,bool,plc_product_data,1,0,,,,,measurement_st08_char_inspection_mass_01_start
5497,Y44B,Y,44B,bool,plc_product_data,1,0,,,,,measurement_st08_char_inspection_mass_02_start
5498,Y44C,Y,44C,bool,plc_product_data,1,0,,,,,measurement_st08_char_inspection_mass_03_start
5499,Y44D,Y,44D,bool,plc_product_data,1,0,,,,,measurement_st08_char_inspection_mass_04_start
5500,L19,L,19,bool,plc_product_data,1,0,,,,,status_st09_ng_sorting_reset
5501,L59,L,59,bool,plc_product_data,1,0,,,,,status_st09_ng_sorting_reset_complete
5502,L936,L,936,bool,plc_product_data,1,0,,,,,status_st09_ng_sorting_straight_pit_material_full
5503,L944,L,944,bool,plc_product_data,1,0,,,,,status_st09_ng_sorting_straight_full
5504,L1109,L,1109,bool,plc_product_data,1,0,,,,,status_st09_ng_sorting_semi_auto
5505,L1159,L,1159,bool,plc_product_data,1,0,,,,,status_st09_ng_sorting_misc
5506,L1211,L,1211,bool,plc_product_data,1,0,,,,,status_st09_ng_sorting_misc_01
5507,X115,X,115,bool,plc_product_data,1,0,,,,,measurement_st09_ng_sorting_misc
5508,X14C,X,14C,bool,plc_product_data,1,0,,,,,measurement_st09_ng_sorting_misc_01
5509,X14D,X,14D,bool,plc_product_data,1,0,,,,,measurement_st09_ng_sorting_01
5510,X14E,X,14E,bool,plc_product_data,1,0,,,,,measurement_st09_ng_sorting_02
5511,X19A,X,19A,bool,plc_product_data,1,0,,,,,measurement_st09_ng_updown_cylinder_origin
5512,X19B,X,19B,bool,plc_product_data,1,0,,,,,measurement_st09_ng_updown_cylinder_end
5513,X19C,X,19C,bool,plc_product_data,1,0,,,,,measurement_st09_ng_traverse_cylinder_origin
5514,X19D,X,19D,bool,plc_product_data,1,0,,,,,measurement_st09_ng_cylinder_end
5515,X19E,X,19E,bool,plc_product_data,1,0,,,,,measurement_st09_ng_rotary_cylinder
5516,X19F,X,19F,bool,plc_product_data,1,0,,,,,measurement_st09_ng_rotary_cylinder_end
5517,X1A0,X,1A0,bool,plc_product_data,1,0,,,,,measurement_st09_ng_material_cylinder_origin
5518,X1A1,X,1A1,bool,plc_product_data,1,0,,,,,measurement_st09_ng_material_cylinder_end
5519,X1A2,X,1A2,bool,plc_product_data,1,0,,,,,measurement_st09_ng_direct_vibration_updown_cylinder_origin
5520,X1A3,X,1A3,bool,plc_product_data,1,0,,,,,measurement_st09_ng_direct_vibration_updown_cylinder_end
5521,X1A4,X,1A4,bool,plc_product_data,1,0,,,,,measurement_st09_ng_direct_vibration_cylinder_origin
5522,X1A5,X,1A5,bool,plc_product_data,1,0,,,,,measurement_st09_ng_cylinder_end_01
5523,Y435,Y,435,bool,plc_product_data,1,0,,,,,measurement_st09_ng_sorting_updown_cylinder
5524,Y436,Y,436,bool,plc_product_data,1,0,,,,,measurement_st09_ng_sorting_cylinder
5525,Y437,Y,437,bool,plc_product_data,1,0,,,,,measurement_st09_ng_sorting_rotary_cylinder
5526,Y438,Y,438,bool,plc_product_data,1,0,,,,,measurement_st09_ng_sorting_01_01
5527,Y439,Y,439,bool,plc_product_data,1,0,,,,,measurement_st09_ng_sorting_02_01
5528,Y43A,Y,43A,bool,plc_product_data,1,0,,,,,measurement_st09_ng_sorting_03
5529,Y43B,Y,43B,bool,plc_product_data,1,0,,,,,measurement_st09_ng_sorting_04
5530,Y43C,Y,43C,bool,plc_product_data,1,0,,,,,measurement_st09_ng_sorting_material_cylinder
5531,Y43D,Y,43D,bool,plc_product_data,1,0,,,,,measurement_st09_ng_sorting_updown_cylinder_01
5532,Y43E,Y,43E,bool,plc_product_data,1,0,,,,,measurement_st09_ng_sorting_cylinder_01
5533,Y46E,Y,46E,bool,plc_product_data,1,0,,,,,measurement_st09_ng_sorting_misc_02
5534,D1240,D,1240,uint32,plc_setting_data,1,0,,6,,,setting_st10_material_discharge_ng
5535,D1242,D,1242,uint32,plc_setting_data,1,0,,6,,,setting_st10_material_discharge_ng_manual_speed
5536,D1248,D,1248,uint16,plc_setting_data,1,0,,4,,,setting_st10_material_discharge_ng_origin
5537,M139,M,139,bool,plc_product_data,1,0,,,,,judgment_st10_material_discharge_ng_01
5538,M740,M,740,bool,plc_product_data,1,0,,,,,judgment_st10_material_discharge_ng_02
5539,M741,M,741,bool,plc_product_data,1,0,,,,,judgment_st10_material_discharge_ng_03
5540,M742,M,742,bool,plc_product_data,1,0,,,,,judgment_st10_material_discharge_ng_04
5541,M743,M,743,bool,plc_product_data,1,0,,,,,judgment_st10_material_discharge_ng_05
5542,M744,M,744,bool,plc_product_data,1,0,,,,,status_st10_ng_aging_positioning
5543,M745,M,745,bool,plc_product_data,1,0,,,,,status_st10_ng_aging_applied
5544,M746,M,746,bool,plc_product_data,1,0,,,,,judgment_st10_material_discharge_ng_06
5545,M747,M,747,bool,plc_product_data,1,0,,,,,judgment_st10_material_discharge_ng_07
5546,M748,M,748,bool,plc_product_data,1,0,,,,,judgment_st10_material_discharge_ng_08
5547,M749,M,749,bool,plc_product_data,1,0,,,,,judgment_st10_material_discharge_ng_09
5548,M750,M,750,bool,plc_product_data,1,0,,,,,judgment_st10_material_discharge_ng_10
5549,M751,M,751,bool,plc_product_data,1,0,,,,,judgment_st10_material_discharge_ng_11
5550,M752,M,752,bool,plc_product_data,1,0,,,,,judgment_st10_material_discharge_ng_12
5551,M753,M,753,bool,plc_product_data,1,0,,,,,judgment_st10_material_discharge_ng_13
5552,M754,M,754,bool,plc_product_data,1,0,,,,,judgment_st10_material_discharge_ng_14
5553,M755,M,755,bool,plc_product_data,1,0,,,,,judgment_st10_material_discharge_ng_15
5554,M756,M,756,bool,plc_product_data,1,0,,,,,status_st10_ng_reset_voltage_positioning
5555,M757,M,757,bool,plc_product_data,1,0,,,,,status_st10_ng_reset_voltage_in_place
5556,L20,L,20,bool,plc_product_data,1,0,,,,,status_st10_material_discharge_reset
5557,L60,L,60,bool,plc_product_data,1,0,,,,,status_st10_material_discharge_reset_complete
5560,L771,L,771,bool,plc_product_data,1,0,,,,,status_st10_material_discharge_01_detect
5561,L772,L,772,bool,plc_product_data,1,0,,,,,status_st10_material_discharge_02_detect
5562,L773,L,773,bool,plc_product_data,1,0,,,,,status_st10_material_discharge_03_detect
5563,L774,L,774,bool,plc_product_data,1,0,,,,,status_st10_material_discharge_04_detect
5564,L775,L,775,bool,plc_product_data,1,0,,,,,status_st10_material_discharge_05_detect
5565,L776,L,776,bool,plc_product_data,1,0,,,,,status_st10_material_discharge_06_detect
5566,L777,L,777,bool,plc_product_data,1,0,,,,,status_st10_material_discharge_07_detect
5567,L778,L,778,bool,plc_product_data,1,0,,,,,status_st10_material_discharge_08_detect
5568,L927,L,927,bool,plc_product_data,1,0,,,,,status_st10_material_discharge_01_detect_01
5569,L928,L,928,bool,plc_product_data,1,0,,,,,status_st10_material_discharge_02_detect_01
5570,L929,L,929,bool,plc_product_data,1,0,,,,,status_st10_material_discharge_03_detect_01
5571,L930,L,930,bool,plc_product_data,1,0,,,,,status_st10_material_discharge_04_detect_01
5572,L931,L,931,bool,plc_product_data,1,0,,,,,status_st10_material_discharge_05_detect_01
5573,L932,L,932,bool,plc_product_data,1,0,,,,,status_st10_material_discharge_06_detect_01
5574,L933,L,933,bool,plc_product_data,1,0,,,,,status_st10_material_discharge_07_detect_01
5575,L934,L,934,bool,plc_product_data,1,0,,,,,status_st10_material_discharge_08_detect_01
5576,L945,L,945,bool,plc_product_data,1,0,,,,,status_st10_material_discharge_material_short
5577,L1110,L,1110,bool,plc_product_data,1,0,,,,,status_st10_material_discharge_semi_auto
5578,L1160,L,1160,bool,plc_product_data,1,0,,,,,status_st10_material_discharge_misc
5579,L1212,L,1212,bool,plc_product_data,1,0,,,,,status_st10_material_discharge_material
5580,X154,X,154,bool,plc_product_data,1,0,,,,,measurement_st10_material_discharge_misc
5581,X155,X,155,bool,plc_product_data,1,0,,,,,measurement_st10_material_discharge_misc_01
5582,X156,X,156,bool,plc_product_data,1,0,,,,,measurement_st10_material_discharge_material_01
5583,X157,X,157,bool,plc_product_data,1,0,,,,,measurement_st10_material_discharge_material_02
5584,X158,X,158,bool,plc_product_data,1,0,,,,,measurement_st10_material_discharge_material_03
5585,X159,X,159,bool,plc_product_data,1,0,,,,,measurement_st10_material_discharge_material_04
5586,X15A,X,15A,bool,plc_product_data,1,0,,,,,measurement_st10_material_discharge_material_05
5587,X15B,X,15B,bool,plc_product_data,1,0,,,,,measurement_st10_material_discharge_material_06
5588,X15C,X,15C,bool,plc_product_data,1,0,,,,,measurement_st10_material_discharge_material_07
5589,X15D,X,15D,bool,plc_product_data,1,0,,,,,measurement_st10_material_discharge_material_08
5590,X1A6,X,1A6,bool,plc_product_data,1,0,,,,,measurement_st10_material_updown_cylinder_origin
5591,X1A7,X,1A7,bool,plc_product_data,1,0,,,,,measurement_st10_material_updown_cylinder_end
5592,X1A8,X,1A8,bool,plc_product_data,1,0,,,,,measurement_st10_material_cylinder_origin
5593,X1A9,X,1A9,bool,plc_product_data,1,0,,,,,measurement_st10_material_cylinder_end
5594,X1BC,X,1BC,bool,plc_product_data,1,0,,,,,measurement_st10_material_discharge_ng_servo_alarm
5595,Y440,Y,440,bool,plc_product_data,1,0,,,,,measurement_st10_material_discharge_updown_cylinder
5596,Y441,Y,441,bool,plc_product_data,1,0,,,,,measurement_st10_material_discharge_01
5597,Y442,Y,442,bool,plc_product_data,1,0,,,,,measurement_st10_material_discharge_02
5598,Y443,Y,443,bool,plc_product_data,1,0,,,,,measurement_st10_material_discharge_03
5599,Y444,Y,444,bool,plc_product_data,1,0,,,,,measurement_st10_material_discharge_04
5600,Y445,Y,445,bool,plc_product_data,1,0,,,,,measurement_st10_material_discharge_cylinder
5601,Y46C,Y,46C,bool,plc_product_data,1,0,,,,,measurement_st10_material_discharge_ng_servo
5602,L151,L,151,bool,plc_product_data,1,0,,,,,status_st11_active
5603,L152,L,152,bool,plc_product_data,1,0,,,,,status_st12_active
5604,D62,D,62,float32,plc_product_data,,0,,8,,,measurement_inspection_check_st0304_ccd
5605,D63,D,63,float32,plc_product_data,,0,,8,,,measurement_inspection_check_st0304_distance
5606,D64,D,64,float32,plc_product_data,,0,,8,,,measurement_inspection_check_st0304_release_force
5607,D65,D,65,float32,plc_product_data,,0,,8,,,measurement_inspection_check_st0304_pressure_l
5608,D66,D,66,float32,plc_product_data,,0,,8,,,measurement_inspection_check_st0304_pressure_r
5609,D3730,D,3730,uint32,plc_product_data,1,0,,6,,,judgment_st0304_ccd_01_ok
5610,D3731,D,3731,uint32,plc_product_data,1,0,,6,,,judgment_st0304_ccd_01_ng
5611,D3732,D,3732,uint32,plc_product_data,1,0,,6,,,judgment_st0304_ccd_02_ok
5612,D3733,D,3733,uint32,plc_product_data,1,0,,6,,,judgment_st0304_ccd_02_ng
5613,D3734,D,3734,uint32,plc_product_data,1,0,,6,,,judgment_st0304_ccd_03_ok
5614,D3735,D,3735,uint32,plc_product_data,1,0,,6,,,judgment_st0304_ccd_03_ng
5615,D3736,D,3736,uint32,plc_product_data,1,0,,6,,,judgment_st0304_ccd_04_ok
5616,D3737,D,3737,uint32,plc_product_data,1,0,,6,,,judgment_st0304_ccd_04_ng
5617,D3841,D,3841,uint16,plc_product_data,1,0,,4,,,measurement_inspection_check_st0304_ccd_indicator
5618,L1204,L,1204,bool,plc_setting_data,1,0,,,,,setting_st0304_ccd_mask
5620,D2,D,2,uint16,plc_product_data,1,0,,4,,,status_auto
5621,D8,D,8,uint16,plc_product_data,1,0,,4,,,measurement_status
5622,D10,D,10,uint16,plc_product_data,1,0,,4,,,measurement_status
5623,D16,D,16,uint16,plc_product_data,1,0,,4,,,measurement_recipe
5624,D30,D,30,uint16,plc_product_data,1,0,,4,,,measurement_jig_01_l
5625,D31,D,31,uint16,plc_product_data,1,0,,4,,,measurement_jig_02_l
5634,D136,D,136,int16,plc_product_data,1,0,,4,,,measurement_l
5642,D218,D,218,uint32,plc_product_data,1,0,,6,,,measurement_current_cycle
5643,D266,D,266,uint32,plc_product_data,1,0,,6,,,judgment_st02_detect
5644,D286,D,286,uint16,plc_product_data,1,0,,4,,,measurement_test
5645,D300,D,300,uint16,plc_product_data,1,0,,4,,,measurement_st03_jig_01
5646,D302,D,302,uint16,plc_product_data,1,0,,4,,,measurement_st03_jig_02
5647,D304,D,304,uint16,plc_product_data,1,0,,4,,,measurement_st04_jig_01
5648,D306,D,306,uint16,plc_product_data,1,0,,4,,,measurement_st04_jig_02
5649,D308,D,308,uint16,plc_product_data,1,0,,4,,,measurement_st05_jig_01
5650,D310,D,310,uint16,plc_product_data,1,0,,4,,,measurement_st05_jig_02
5651,D312,D,312,uint16,plc_product_data,1,0,,4,,,measurement_st05_jig_03
5652,D314,D,314,uint16,plc_product_data,1,0,,4,,,measurement_st05_jig_04
5653,D316,D,316,uint16,plc_product_data,1,0,,4,,,measurement_st06_jig_01
5654,D318,D,318,uint16,plc_product_data,1,0,,4,,,measurement_st06_jig_02
5655,D320,D,320,uint16,plc_product_data,1,0,,4,,,measurement_st06_jig_03
5656,D322,D,322,uint16,plc_product_data,1,0,,4,,,measurement_st06_jig_04
5657,D330,D,330,uint16,plc_product_data,1,0,,4,,,measurement_st03_pressure_jig_01
5658,D332,D,332,uint16,plc_product_data,1,0,,4,,,measurement_st03_pressure_jig_02
5659,D334,D,334,uint16,plc_product_data,1,0,,4,,,measurement_st04_pressure_jig_01
5660,D336,D,336,uint16,plc_product_data,1,0,,4,,,measurement_st04_pressure_jig_02
5661,D338,D,338,uint16,plc_product_data,1,0,,4,,,measurement_st05_pressure_jig_01
5662,D340,D,340,uint16,plc_product_data,1,0,,4,,,measurement_st05_pressure_jig_02
5663,D342,D,342,uint16,plc_product_data,1,0,,4,,,measurement_st05_pressure_jig_03
5664,D344,D,344,uint16,plc_product_data,1,0,,4,,,measurement_st05_pressure_jig_04
5665,D346,D,346,uint16,plc_product_data,1,0,,4,,,measurement_st06_pressure_jig_01
5666,D348,D,348,uint16,plc_product_data,1,0,,4,,,measurement_st06_pressure_jig_02
5667,D350,D,350,uint16,plc_product_data,1,0,,4,,,measurement_st06_pressure_jig_03
5668,D352,D,352,uint16,plc_product_data,1,0,,4,,,measurement_st06_pressure_jig_04
5669,D370,D,370,float32,plc_product_data,,0,,8,,,counter_count_count
5670,D372,D,372,float32,plc_product_data,,0,,8,,,counter_count_count
5671,D374,D,374,uint16,plc_product_data,1,0,,4,,,counter_count_count
5672,D376,D,376,uint16,plc_product_data,1,0,,4,,,counter_count_count
5673,D378,D,378,uint16,plc_product_data,1,0,,4,,,counter_count_count
5674,D380,D,380,uint16,plc_product_data,1,0,,4,,,measurement_hi_hour
5675,D381,D,381,uint16,plc_product_data,1,0,,4,,,measurement_hi_inute
5676,D382,D,382,uint16,plc_product_data,1,0,,4,,,measurement_hi_second
5677,D384,D,384,uint16,plc_product_data,1,0,,4,,,measurement_save
5678,D430,D,430,uint32,plc_setting_data,1,0,,6,,,setting_st03_updown_jig_01
5679,D432,D,432,uint16,plc_setting_data,1,0,,4,,,setting_st03_updown_jig_02
5680,D434,D,434,uint16,plc_setting_data,1,0,,4,,,setting_st04_updown_jig_01
5681,D436,D,436,uint16,plc_setting_data,1,0,,4,,,setting_st04_updown_jig_02
5682,D440,D,440,uint16,plc_product_data,1,0,,4,,,measurement_st03_updown_jig_01
5683,D442,D,442,uint16,plc_product_data,1,0,,4,,,measurement_st03_updown_jig_02
5684,D444,D,444,uint16,plc_product_data,1,0,,4,,,measurement_st04_updown_jig_01
5685,D446,D,446,uint16,plc_product_data,1,0,,4,,,measurement_st04_updown_jig_02
5686,D450,D,450,uint16,plc_product_data,1,0,,4,,,measurement_st03_updown_jig_01
5687,D452,D,452,uint16,plc_product_data,1,0,,4,,,measurement_st03_updown_jig_02
5688,D454,D,454,uint16,plc_product_data,1,0,,4,,,measurement_st04_updown_jig_01
5689,D456,D,456,uint16,plc_product_data,1,0,,4,,,measurement_st04_updown_jig_02
5690,D460,D,460,uint16,plc_product_data,1,0,,4,,,measurement_st03_updown_jig_01
5691,D462,D,462,uint16,plc_product_data,1,0,,4,,,measurement_st03_updown_jig_02
5692,D464,D,464,uint16,plc_product_data,1,0,,4,,,measurement_st04_updown_jig_01
5693,D466,D,466,uint16,plc_product_data,1,0,,4,,,measurement_st04_updown_jig_02
5694,D480,D,480,uint16,plc_product_data,1,0,,4,,,measurement_st03_updown_jig_01
5695,D482,D,482,uint16,plc_product_data,1,0,,4,,,measurement_st03_updown_jig_02
5696,D484,D,484,uint16,plc_product_data,1,0,,4,,,measurement_st04_updown_jig_01
5697,D486,D,486,uint16,plc_product_data,1,0,,4,,,measurement_st04_updown_jig_02
5698,D490,D,490,uint16,plc_product_data,1,0,,4,,,measurement_st03_pressure_jig_01
5699,D492,D,492,uint16,plc_product_data,1,0,,4,,,measurement_st03_pressure_jig_02
5700,D494,D,494,uint16,plc_product_data,1,0,,4,,,measurement_st04_pressure_jig_01
5701,D496,D,496,int32,plc_product_data,1,0,,8,,,measurement_st04_pressure_jig_02
5702,D508,D,508,int32,plc_setting_data,1,0,,8,,,setting_st03_updown_jig_01
5703,D510,D,510,int32,plc_setting_data,1,0,,8,,,setting_st03_updown_jig_01
5704,D528,D,528,int32,plc_setting_data,1,0,,8,,,setting_st03_updown_jig_02
5705,D530,D,530,int32,plc_setting_data,1,0,,8,,,setting_st03_updown_jig_02
5706,D548,D,548,int32,plc_setting_data,1,0,,8,,,setting_st04_updown_jig_01
5707,D550,D,550,int32,plc_setting_data,1,0,,8,,,setting_st04_updown_jig_01
5708,D568,D,568,int32,plc_setting_data,1,0,,8,,,setting_st04_updown_jig_02
5709,D570,D,570,int32,plc_setting_data,1,0,,8,,,setting_st04_updown_jig_02
5710,D586,D,586,int32,plc_setting_data,1,0,,8,,,setting_st05_detect
5711,D588,D,588,int32,plc_product_data,1,0,,8,,,judgment_st05_detect_positioning
5712,D590,D,590,uint16,plc_setting_data,1,0,,4,,,setting_st05_detect
5713,D606,D,606,int32,plc_setting_data,1,0,,8,,,setting_st05_detect
5714,D608,D,608,int32,plc_product_data,1,0,,8,,,judgment_st05_detect_positioning
5715,D610,D,610,uint16,plc_setting_data,1,0,,4,,,setting_st05_detect
5716,D626,D,626,int32,plc_setting_data,1,0,,8,,,setting_st05_detect
5717,D628,D,628,int32,plc_product_data,1,0,,8,,,judgment_st05_detect_positioning
5718,D630,D,630,uint16,plc_setting_data,1,0,,4,,,setting_st05_detect
5719,D646,D,646,int32,plc_setting_data,1,0,,8,,,setting_st05_detect
5720,D648,D,648,int32,plc_product_data,1,0,,8,,,judgment_st05_detect_positioning
5721,D650,D,650,uint16,plc_setting_data,1,0,,4,,,setting_st05_detect
5722,D666,D,666,int32,plc_setting_data,1,0,,8,,,setting_st06_detect
5723,D668,D,668,int32,plc_product_data,1,0,,8,,,judgment_st06_detect_positioning
5724,D670,D,670,uint16,plc_setting_data,1,0,,4,,,setting_st06_detect
5725,D686,D,686,int32,plc_setting_data,1,0,,8,,,setting_st06_detect
5726,D688,D,688,int32,plc_product_data,1,0,,8,,,judgment_st06_detect_positioning
5727,D690,D,690,uint16,plc_setting_data,1,0,,4,,,setting_st06_detect
5728,D706,D,706,int32,plc_setting_data,1,0,,8,,,setting_st06_detect
5729,D708,D,708,int32,plc_product_data,1,0,,8,,,judgment_st06_detect_positioning
5730,D710,D,710,uint16,plc_setting_data,1,0,,4,,,setting_st06_detect
5731,D726,D,726,int32,plc_setting_data,1,0,,8,,,setting_st06_detect
5732,D728,D,728,int32,plc_product_data,1,0,,8,,,judgment_st06_detect_positioning
5733,D730,D,730,uint16,plc_setting_data,1,0,,4,,,setting_st06_detect
5734,D814,D,814,uint32,plc_product_data,1,0,,6,,,counter_st08_count
5735,D818,D,818,uint32,plc_product_data,1,0,,6,,,counter_total
5741,D836,D,836,float32,plc_product_data,,0,,8,,,measurement_st08_defect
5749,D901,D,901,string,plc_product_data,1,0,,4,,,measurement_model
5750,D902,D,902,string,plc_product_data,1,0,,4,,,measurement_model
5751,D903,D,903,uint16,plc_product_data,1,0,,4,,,measurement_model
5752,D904,D,904,string,plc_product_data,1,0,,4,,,measurement_model
5753,D905,D,905,uint16,plc_product_data,1,0,,4,,,measurement_model
5754,D906,D,906,uint16,plc_product_data,1,0,,4,,,measurement_model
5755,D907,D,907,uint16,plc_product_data,1,0,,4,,,measurement_model
5756,D908,D,908,uint16,plc_product_data,1,0,,4,,,measurement_model
5757,D909,D,909,uint16,plc_product_data,1,0,,4,,,measurement_model
5758,D1000,D,1000,uint32,plc_setting_data,1,0,,6,,,setting_st03_updown_auto
5760,D1004,D,1004,uint32,plc_product_data,1,0,,6,,,measurement_st03_updown
5762,D1020,D,1020,uint32,plc_setting_data,1,0,,6,,,setting_st03_updown_auto
5764,D1024,D,1024,uint32,plc_product_data,1,0,,6,,,measurement_st03_updown
5766,D1040,D,1040,uint32,plc_setting_data,1,0,,6,,,setting_st04_updown_auto
5768,D1044,D,1044,uint32,plc_product_data,1,0,,6,,,measurement_st04_updown
5770,D1060,D,1060,uint32,plc_setting_data,1,0,,6,,,setting_st04_updown_auto
5772,D1064,D,1064,uint32,plc_product_data,1,0,,6,,,measurement_st04_updown
5774,D1080,D,1080,uint32,plc_setting_data,1,0,,6,,,setting_st05_detect_auto
5776,D1084,D,1084,uint32,plc_product_data,1,0,,6,,,judgment_st05_detect
5779,D1100,D,1100,uint32,plc_setting_data,1,0,,6,,,setting_st05_detect_auto
5781,D1104,D,1104,uint32,plc_product_data,1,0,,6,,,judgment_st05_detect
5784,D1120,D,1120,uint32,plc_setting_data,1,0,,6,,,setting_st05_detect_auto
5786,D1124,D,1124,uint32,plc_product_data,1,0,,6,,,judgment_st05_detect
5789,D1140,D,1140,uint32,plc_setting_data,1,0,,6,,,setting_st05_detect_auto
5791,D1144,D,1144,uint32,plc_product_data,1,0,,6,,,judgment_st05_detect
5794,D1160,D,1160,uint32,plc_setting_data,1,0,,6,,,setting_st06_detect_auto
5796,D1164,D,1164,uint32,plc_product_data,1,0,,6,,,judgment_st06_detect
5799,D1180,D,1180,uint32,plc_setting_data,1,0,,6,,,setting_st06_detect_auto
5801,D1184,D,1184,uint32,plc_product_data,1,0,,6,,,judgment_st06_detect
5804,D1200,D,1200,uint32,plc_setting_data,1,0,,6,,,setting_st06_detect_auto
5806,D1204,D,1204,uint32,plc_product_data,1,0,,6,,,judgment_st06_detect
5809,D1220,D,1220,uint32,plc_setting_data,1,0,,6,,,setting_st06_detect_auto
5811,D1224,D,1224,uint32,plc_product_data,1,0,,6,,,judgment_st06_detect
5814,D1244,D,1244,uint32,plc_product_data,1,0,,6,,,judgment_st10_ng
5815,D1506,D,1506,int16,plc_setting_data,1,0,,4,,,setting_st04_ng
5817,D1510,D,1510,uint16,plc_setting_data,1,0,,4,,,setting_st06_ng
5818,D2000,D,2000,uint16,plc_product_data,1,0,,4,,,measurement_st03_updown
5819,D2001,D,2001,uint16,plc_product_data,1,0,,4,,,measurement_st03_updown
5820,D2002,D,2002,uint16,plc_product_data,1,0,,4,,,measurement_st03_updown
5821,D2004,D,2004,uint16,plc_product_data,1,0,,4,,,measurement_st03_pressure
5822,D2005,D,2005,uint16,plc_product_data,1,0,,4,,,measurement_st03_pressure
5823,D2006,D,2006,uint16,plc_product_data,1,0,,4,,,measurement_st03_pressure
5824,D2010,D,2010,uint16,plc_product_data,1,0,,4,,,measurement_st03_updown
5825,D2011,D,2011,uint16,plc_product_data,1,0,,4,,,measurement_st03_updown
5826,D2012,D,2012,uint16,plc_product_data,1,0,,4,,,measurement_st03_updown
5827,D2014,D,2014,uint16,plc_product_data,1,0,,4,,,measurement_st03_pressure
5828,D2015,D,2015,uint16,plc_product_data,1,0,,4,,,measurement_st03_pressure
5829,D2016,D,2016,uint16,plc_product_data,1,0,,4,,,measurement_st03_pressure
5830,D2020,D,2020,uint16,plc_product_data,1,0,,4,,,measurement_st04_updown
5831,D2021,D,2021,uint16,plc_product_data,1,0,,4,,,measurement_st04_updown
5832,D2022,D,2022,uint16,plc_product_data,1,0,,4,,,measurement_st04_updown
5833,D2024,D,2024,uint16,plc_product_data,1,0,,4,,,measurement_st04_pressure
5834,D2025,D,2025,uint16,plc_product_data,1,0,,4,,,measurement_st04_pressure
5835,D2026,D,2026,uint16,plc_product_data,1,0,,4,,,measurement_st04_pressure
5836,D2030,D,2030,uint16,plc_product_data,1,0,,4,,,measurement_st04_updown
5837,D2031,D,2031,uint16,plc_product_data,1,0,,4,,,measurement_st04_updown
5838,D2032,D,2032,uint16,plc_product_data,1,0,,4,,,measurement_st04_updown
5839,D2034,D,2034,uint16,plc_product_data,1,0,,4,,,measurement_st04_pressure
5840,D2035,D,2035,uint16,plc_product_data,1,0,,4,,,measurement_st04_pressure
5841,D2036,D,2036,uint16,plc_product_data,1,0,,4,,,measurement_st04_pressure
5842,D2040,D,2040,uint16,plc_product_data,1,0,,4,,,measurement_st03_ng_jig_01_r
5843,D2050,D,2050,uint16,plc_product_data,1,0,,4,,,measurement_st03_ng_jig_02_r
5844,D2060,D,2060,uint16,plc_product_data,1,0,,4,,,measurement_st04_ng_jig_01_r
5845,D2070,D,2070,uint16,plc_product_data,1,0,,4,,,measurement_st04_ng_jig_02_r
5846,D2080,D,2080,uint16,plc_product_data,1,0,,4,,,measurement_st03_pressure_jig_01_r
5847,D2090,D,2090,uint16,plc_product_data,1,0,,4,,,measurement_st03_pressure_jig_02_r
5848,D2100,D,2100,uint16,plc_product_data,1,0,,4,,,measurement_st04_pressure_jig_01_r
5849,D2110,D,2110,uint16,plc_product_data,1,0,,4,,,measurement_st04_pressure_jig_02_r
5850,D2120,D,2120,uint16,plc_product_data,1,0,,4,,,measurement_st03_ng_jig_01_r
5851,D2130,D,2130,uint16,plc_product_data,1,0,,4,,,measurement_st03_ng_jig_02_r
5852,D2140,D,2140,uint16,plc_product_data,1,0,,4,,,measurement_st04_ng_jig_01_r
5853,D2150,D,2150,uint16,plc_product_data,1,0,,4,,,measurement_st04_ng_jig_02_r
5854,D2160,D,2160,uint16,plc_product_data,1,0,,4,,,measurement_st03_pressure_jig_01_r
5855,D2170,D,2170,uint16,plc_product_data,1,0,,4,,,measurement_st03_pressure_jig_02_r
5856,D2180,D,2180,uint16,plc_product_data,1,0,,4,,,measurement_st04_pressure_jig_01_r
5857,D2190,D,2190,uint16,plc_product_data,1,0,,4,,,measurement_st04_pressure_jig_02_r
5858,D2216,D,2216,float32,plc_product_data,,0,,8,,,measurement_st03_jig_01_l_actual
5859,D2220,D,2220,float32,plc_product_data,,0,,8,,,measurement_st03_jig_01_r_actual
5860,D2224,D,2224,float32,plc_product_data,,0,,8,,,measurement_st03_pressure_jig_01_l_actual
5861,D2228,D,2228,float32,plc_product_data,,0,,8,,,measurement_st03_pressure_jig_01_r_actual
5862,D2256,D,2256,float32,plc_product_data,,0,,8,,,measurement_st03_jig_02_l_actual
5863,D2260,D,2260,float32,plc_product_data,,0,,8,,,measurement_st03_jig_02_r_actual
5864,D2264,D,2264,float32,plc_product_data,,0,,8,,,measurement_st03_pressure_jig_02_l_actual
5865,D2268,D,2268,float32,plc_product_data,,0,,8,,,measurement_st03_pressure_jig_02_r_actual
5866,D2282,D,2282,uint16,plc_product_data,1,0,,4,,,measurement_st03_pressure_jig_02
5867,D2284,D,2284,uint16,plc_product_data,1,0,,4,,,measurement_st03_jig_01_l
5868,D2286,D,2286,uint16,plc_product_data,1,0,,4,,,measurement_st03_jig_01_r
5869,D2288,D,2288,uint16,plc_product_data,1,0,,4,,,measurement_st03_jig_02_l
5870,D2290,D,2290,uint16,plc_product_data,1,0,,4,,,measurement_st03_jig_02_r
5871,D2292,D,2292,uint16,plc_setting_data,1,0,,4,,,setting_st03_setting
5872,D2294,D,2294,uint16,plc_setting_data,1,0,,4,,,setting_st03_setting
5873,D2316,D,2316,float32,plc_product_data,,0,,8,,,measurement_st04_jig_01_l_actual
5874,D2320,D,2320,float32,plc_product_data,,0,,8,,,measurement_st04_jig_01_r_actual
5875,D2324,D,2324,float32,plc_product_data,,0,,8,,,measurement_st04_pressure_jig_01_l_actual
5876,D2328,D,2328,float32,plc_product_data,,0,,8,,,measurement_st04_pressure_jig_01_r_actual
5877,D2356,D,2356,float32,plc_product_data,,0,,8,,,measurement_st04_jig_02_l_actual
5878,D2360,D,2360,float32,plc_product_data,,0,,8,,,measurement_st04_jig_02_r_actual
5879,D2364,D,2364,float32,plc_product_data,,0,,8,,,measurement_st04_pressure_jig_02_l_actual
5880,D2368,D,2368,float32,plc_product_data,,0,,8,,,measurement_st04_pressure_jig_02_r_actual
5881,D2384,D,2384,uint16,plc_product_data,1,0,,4,,,measurement_st04_jig_01_l
5882,D2386,D,2386,uint16,plc_product_data,1,0,,4,,,measurement_st04_jig_01_r
5883,D2388,D,2388,uint16,plc_product_data,1,0,,4,,,measurement_st04_jig_02_l
5884,D2390,D,2390,uint16,plc_product_data,1,0,,4,,,measurement_st04_jig_02_r
5885,D2392,D,2392,uint16,plc_setting_data,1,0,,4,,,setting_st04_setting
5886,D2394,D,2394,uint16,plc_setting_data,1,0,,4,,,setting_st04_setting
5887,D2490,D,2490,float32,plc_product_data,,0,,8,,,measurement_st05_pressure
5888,D2492,D,2492,uint16,plc_product_data,1,0,,4,,,measurement_st05_pressure
5889,D2494,D,2494,uint16,plc_product_data,1,0,,4,,,measurement_st05_pressure
5890,D2496,D,2496,float32,plc_product_data,,0,,8,,,measurement_st05_pressure
5891,D2622,D,2622,uint16,plc_product_data,1,0,,4,,,measurement_st05_pressure_jig_02
5892,D2624,D,2624,uint16,plc_product_data,1,0,,4,,,measurement_st05_pressure_jig_03
5893,D2626,D,2626,uint16,plc_product_data,1,0,,4,,,measurement_st05_pressure_jig_04
5894,D2632,D,2632,uint16,plc_product_data,1,0,,4,,,measurement_st06_pressure_jig_02
5895,D2634,D,2634,uint16,plc_product_data,1,0,,4,,,measurement_st06_pressure_jig_03
5896,D2636,D,2636,uint16,plc_product_data,1,0,,4,,,measurement_st06_pressure_jig_04
5897,D2670,D,2670,float32,plc_product_data,,0,,8,,,measurement_st06_pressure
5898,D2672,D,2672,uint16,plc_product_data,1,0,,4,,,measurement_st06_pressure
5899,D2674,D,2674,uint16,plc_product_data,1,0,,4,,,measurement_st06_pressure
5900,D2676,D,2676,float32,plc_product_data,,0,,8,,,measurement_st06_pressure
5901,D2756,D,2756,float32,plc_product_data,,0,,8,,,measurement_st07_op_voltage_jig_01_l_actual
5902,D2760,D,2760,float32,plc_product_data,,0,,8,,,measurement_st07_op_voltage_jig_01_status
5903,D2764,D,2764,float32,plc_product_data,,0,,8,,,measurement_st07_op_voltage_jig_01_r_actual
5904,D2776,D,2776,float32,plc_product_data,,0,,8,,,measurement_st07_rel_voltage_jig_01_l_actual
5905,D2780,D,2780,float32,plc_product_data,,0,,8,,,measurement_st07_rel_voltage_jig_01_status
5906,D2784,D,2784,float32,plc_product_data,,0,,8,,,measurement_st07_rel_voltage_jig_01_r_actual
5907,D2796,D,2796,float32,plc_setting_data,,0,,8,,,setting_st07_sync_time_jig_01_actual
5908,D2826,D,2826,float32,plc_product_data,,0,,8,,,measurement_st07_op_voltage_jig_02_l_actual
5909,D2830,D,2830,float32,plc_product_data,,0,,8,,,measurement_st07_op_voltage_jig_02_status
5910,D2834,D,2834,float32,plc_product_data,,0,,8,,,measurement_st07_op_voltage_jig_02_r_actual
5911,D2846,D,2846,float32,plc_product_data,,0,,8,,,measurement_st07_rel_voltage_jig_02_l_actual
5912,D2850,D,2850,float32,plc_product_data,,0,,8,,,measurement_st07_rel_voltage_jig_02_status
5913,D2854,D,2854,float32,plc_product_data,,0,,8,,,measurement_st07_rel_voltage_jig_02_r_actual
5914,D2866,D,2866,float32,plc_setting_data,,0,,8,,,setting_st07_sync_time_jig_02_actual
5915,D2896,D,2896,float32,plc_product_data,,0,,8,,,measurement_st07_op_voltage_jig_03_l_actual
5916,D2900,D,2900,float32,plc_product_data,,0,,8,,,measurement_st07_op_voltage_jig_03_status
5917,D2904,D,2904,float32,plc_product_data,,0,,8,,,measurement_st07_op_voltage_jig_03_r_actual
5918,D2916,D,2916,float32,plc_product_data,,0,,8,,,measurement_st07_rel_voltage_jig_03_l_actual
5919,D2920,D,2920,float32,plc_product_data,,0,,8,,,measurement_st07_rel_voltage_jig_03_status
5920,D2924,D,2924,float32,plc_product_data,,0,,8,,,measurement_st07_rel_voltage_jig_03_r_actual
5921,D2936,D,2936,float32,plc_setting_data,,0,,8,,,setting_st07_sync_time_jig_03_actual
5922,D2966,D,2966,float32,plc_product_data,,0,,8,,,measurement_st07_op_voltage_jig_04_l_actual
5923,D2970,D,2970,float32,plc_product_data,,0,,8,,,measurement_st07_op_voltage_jig_04_status
5924,D2974,D,2974,float32,plc_product_data,,0,,8,,,measurement_st07_op_voltage_jig_04_r_actual
5925,D2986,D,2986,float32,plc_product_data,,0,,8,,,measurement_st07_rel_voltage_jig_04_l_actual
5926,D2990,D,2990,float32,plc_product_data,,0,,8,,,measurement_st07_rel_voltage_jig_04_status
5927,D2994,D,2994,float32,plc_product_data,,0,,8,,,measurement_st07_rel_voltage_jig_04_r_actual
5928,D3006,D,3006,float32,plc_setting_data,,0,,8,,,setting_st07_sync_time_jig_04_actual
5931,D3100,D,3100,int32,plc_product_data,1,0,,,,,status_ascll_total_status
5932,D3102,D,3102,int32,plc_product_data,1,0,,8,,,measurement_l_status
5933,D3104,D,3104,int32,plc_product_data,1,0,,8,,,measurement_l
5934,D3106,D,3106,uint16,plc_product_data,1,0,,4,,,measurement_l
5935,D3108,D,3108,uint16,plc_product_data,1,0,,4,,,measurement_test_002_coil_resistance_on_r_intrlag_save
5936,D3110,D,3110,uint16,plc_product_data,1,0,,4,,,measurement_test_002_coil_resistance_off_r_intrlag_save
5937,D3112,D,3112,uint16,plc_product_data,1,0,,4,,,measurement_l_status
5938,D3114,D,3114,uint16,plc_product_data,1,0,,4,,,measurement_l_status
5939,D3116,D,3116,uint16,plc_product_data,1,0,,4,,,measurement_pressure
5940,D3118,D,3118,uint16,plc_product_data,1,0,,4,,,measurement_pressure
5941,D3120,D,3120,uint16,plc_product_data,1,0,,4,,,measurement_l_status
5942,D3122,D,3122,uint16,plc_product_data,1,0,,4,,,measurement_test_003_height_l_real_distancelag_save
5943,D3124,D,3124,uint16,plc_product_data,1,0,,4,,,measurement_test_003_height_r_real_distancelag_save
5944,D3126,D,3126,uint16,plc_product_data,1,0,,4,,,measurement_ccd_l_status
5945,D3128,D,3128,uint16,plc_product_data,1,0,,4,,,measurement_ccd_l_status
5946,D3130,D,3130,uint16,plc_product_data,1,0,,4,,,measurement_ccd
5947,D3132,D,3132,uint16,plc_product_data,1,0,,4,,,measurement_ccd
5948,D3134,D,3134,uint16,plc_product_data,1,0,,4,,,measurement_l_status
5949,D3136,D,3136,uint16,plc_product_data,1,0,,4,,,measurement_pressure
5950,D3138,D,3138,uint16,plc_product_data,1,0,,4,,,measurement_l_status
5951,D3140,D,3140,uint16,plc_product_data,1,0,,4,,,measurement_pressure
5952,D3142,D,3142,uint16,plc_product_data,1,0,,4,,,measurement_l_status
5953,D3144,D,3144,uint16,plc_product_data,1,0,,4,,,measurement_l_status
5954,D3146,D,3146,uint16,plc_product_data,1,0,,4,,,measurement_op_voltage
5955,D3148,D,3148,uint16,plc_product_data,1,0,,4,,,measurement_op_voltage
5956,D3150,D,3150,uint16,plc_product_data,1,0,,4,,,measurement_status
5957,D3152,D,3152,uint16,plc_product_data,1,0,,4,,,measurement_op_voltage
5958,D3154,D,3154,uint16,plc_product_data,1,0,,4,,,measurement_op_voltage
5959,D3156,D,3156,uint16,plc_product_data,1,0,,4,,,measurement_l_status
5960,D3158,D,3158,uint16,plc_setting_data,1,0,,4,,,setting_sync_time
5961,D3160,D,3160,uint16,plc_product_data,1,0,,4,,,measurement_l_status
5962,D3200,D,3200,uint16,plc_product_data,1,0,,4,,,measurement_l_status
5963,D3202,D,3202,uint16,plc_product_data,1,0,,4,,,measurement_l_status
5964,D3204,D,3204,uint16,plc_product_data,1,0,,4,,,measurement_l
5965,D3206,D,3206,uint16,plc_product_data,1,0,,4,,,measurement_l
5966,D3208,D,3208,uint16,plc_product_data,1,0,,4,,,measurement_test_002_coil_resistance_on_r_intrlag_save
5967,D3210,D,3210,uint16,plc_product_data,1,0,,4,,,measurement_test_002_coil_resistance_off_r_intrlag_save
5968,D3212,D,3212,uint16,plc_product_data,1,0,,4,,,measurement_l_status
5969,D3214,D,3214,uint16,plc_product_data,1,0,,4,,,measurement_l_status
5970,D3216,D,3216,uint16,plc_product_data,1,0,,4,,,measurement_pressure
5971,D3218,D,3218,uint16,plc_product_data,1,0,,4,,,measurement_pressure
5972,D3220,D,3220,uint16,plc_product_data,1,0,,4,,,measurement_l_status
5973,D3222,D,3222,uint16,plc_product_data,1,0,,4,,,measurement_test_003_height_l_real_distancelag_save
5974,D3224,D,3224,uint16,plc_product_data,1,0,,4,,,measurement_test_003_height_r_real_distancelag_save
5975,D3226,D,3226,uint16,plc_product_data,1,0,,4,,,measurement_ccd_l_status
5976,D3228,D,3228,uint16,plc_product_data,1,0,,4,,,measurement_ccd_l_status
5977,D3230,D,3230,uint16,plc_product_data,1,0,,4,,,measurement_ccd
5978,D3232,D,3232,uint16,plc_product_data,1,0,,4,,,measurement_ccd
5979,D3234,D,3234,uint16,plc_product_data,1,0,,4,,,measurement_l_status
5980,D3236,D,3236,uint16,plc_product_data,1,0,,4,,,measurement_pressure
5981,D3238,D,3238,uint16,plc_product_data,1,0,,4,,,measurement_l_status
5982,D3240,D,3240,uint16,plc_product_data,1,0,,4,,,measurement_pressure
5983,D3242,D,3242,uint16,plc_product_data,1,0,,4,,,measurement_l_status
5984,D3244,D,3244,uint16,plc_product_data,1,0,,4,,,measurement_l_status
5985,D3246,D,3246,uint16,plc_product_data,1,0,,4,,,measurement_op_voltage
5986,D3248,D,3248,uint16,plc_product_data,1,0,,4,,,measurement_op_voltage
5987,D3250,D,3250,uint16,plc_product_data,1,0,,4,,,measurement_status
5988,D3252,D,3252,uint16,plc_product_data,1,0,,4,,,measurement_op_voltage
5989,D3254,D,3254,uint16,plc_product_data,1,0,,4,,,measurement_op_voltage
5990,D3256,D,3256,uint16,plc_product_data,1,0,,4,,,measurement_l_status
5991,D3258,D,3258,uint16,plc_setting_data,1,0,,4,,,setting_sync_time
5992,D3260,D,3260,uint16,plc_product_data,1,0,,4,,,measurement_l_status
5997,D3410,D,3410,uint16,plc_product_data,1,0,,4,,,measurement_ct10
5998,D3411,D,3411,uint16,plc_product_data,1,0,,4,,,measurement_ct11
5999,D3412,D,3412,uint16,plc_product_data,1,0,,4,,,measurement_ct12
6000,D3413,D,3413,uint16,plc_product_data,1,0,,4,,,measurement_ct13
6001,D3414,D,3414,uint16,plc_product_data,1,0,,4,,,measurement_ct14
6002,D3415,D,3415,uint16,plc_product_data,1,0,,4,,,measurement_ct15
6003,D3416,D,3416,uint32,plc_product_data,1,0,,6,,,measurement_ct16
6024,D3500,D,3500,uint16,plc_product_data,1,0,,4,,,measurement_001_job_idswitch_address
6025,D3520,D,3520,uint16,plc_product_data,1,0,,4,,,measurement_002_job_idswitch_address
6026,D3540,D,3540,uint16,plc_product_data,1,0,,4,,,measurement_003_job_idswitch_address
6027,D3560,D,3560,uint16,plc_product_data,1,0,,4,,,measurement_004_job_idswitch_address
6028,D3600,D,3600,uint16,plc_product_data,1,0,,4,,,measurement_001_job_iddisplay
6029,D3606,D,3606,float32,plc_product_data,,0,,8,,,measurement_001photoreceive
6030,D3607,D,3607,float32,plc_product_data,,0,,8,,,measurement_1ok2ng
6031,D3620,D,3620,uint16,plc_product_data,1,0,,4,,,measurement_002_job_iddisplay
6032,D3626,D,3626,float32,plc_product_data,,0,,8,,,measurement_002photoreceive
6033,D3627,D,3627,float32,plc_product_data,,0,,8,,,measurement_1ok2ng
6034,D3640,D,3640,uint16,plc_product_data,1,0,,4,,,measurement_003_job_iddisplay
6035,D3646,D,3646,float32,plc_product_data,,0,,8,,,measurement_003photoreceive
6036,D3647,D,3647,float32,plc_product_data,,0,,8,,,measurement_1ok2ng
6037,D3660,D,3660,uint16,plc_product_data,1,0,,4,,,measurement_004_job_iddisplay
6038,D3666,D,3666,float32,plc_product_data,,0,,8,,,measurement_004photoreceive
6039,D3667,D,3667,float32,plc_product_data,,0,,8,,,measurement_1ok2ng
6074,D3998,D,3998,int16,plc_product_data,1,0,,4,,,measurement_recipe
6075,D4011,D,4011,string,plc_product_data,1,0,,4,,,measurement_model_jig_01
6076,D4012,D,4012,string,plc_product_data,1,0,,4,,,measurement_model_jig_01
6077,D4013,D,4013,uint16,plc_product_data,1,0,,4,,,measurement_model_jig_01
6078,D4014,D,4014,string,plc_product_data,1,0,,4,,,measurement_model_jig_01
6079,D4015,D,4015,uint16,plc_product_data,1,0,,4,,,measurement_model_jig_01
6080,D4016,D,4016,string,plc_product_data,1,0,,4,,,measurement_model_jig_01
6081,D4017,D,4017,uint16,plc_product_data,1,0,,4,,,measurement_model_jig_01
6082,D4018,D,4018,string,plc_product_data,1,0,,4,,,measurement_model_jig_01
6083,D4019,D,4019,string,plc_product_data,1,0,,4,,,measurement_model_jig_01
6084,D4021,D,4021,string,plc_product_data,1,0,,4,,,measurement_model_jig_02
6085,D4022,D,4022,string,plc_product_data,1,0,,4,,,measurement_model_jig_02
6086,D4023,D,4023,uint16,plc_product_data,1,0,,4,,,measurement_model_jig_02
6087,D4024,D,4024,string,plc_product_data,1,0,,4,,,measurement_model_jig_02
6088,D4025,D,4025,uint16,plc_product_data,1,0,,4,,,measurement_model_jig_02
6089,D4026,D,4026,string,plc_product_data,1,0,,4,,,measurement_model_jig_02
6090,D4027,D,4027,uint16,plc_product_data,1,0,,4,,,measurement_model_jig_02
6091,D4028,D,4028,string,plc_product_data,1,0,,4,,,measurement_model_jig_02
6092,D4029,D,4029,string,plc_product_data,1,0,,4,,,measurement_model_jig_02
6093,D4031,D,4031,string,plc_product_data,1,0,,4,,,measurement_model_jig_03
6094,D4032,D,4032,string,plc_product_data,1,0,,4,,,measurement_model_jig_03
6095,D4033,D,4033,uint16,plc_product_data,1,0,,4,,,measurement_model_jig_03
6096,D4034,D,4034,string,plc_product_data,1,0,,4,,,measurement_model_jig_03
6097,D4035,D,4035,uint16,plc_product_data,1,0,,4,,,measurement_model_jig_03
6098,D4036,D,4036,string,plc_product_data,1,0,,4,,,measurement_model_jig_03
6099,D4037,D,4037,uint16,plc_product_data,1,0,,4,,,measurement_model_jig_03
6100,D4038,D,4038,string,plc_product_data,1,0,,4,,,measurement_model_jig_03
6101,D4039,D,4039,string,plc_product_data,1,0,,4,,,measurement_model_jig_03
6102,D4041,D,4041,string,plc_product_data,1,0,,4,,,measurement_model_jig_04
6103,D4042,D,4042,string,plc_product_data,1,0,,4,,,measurement_model_jig_04
6104,D4043,D,4043,uint16,plc_product_data,1,0,,4,,,measurement_model_jig_04
6105,D4044,D,4044,string,plc_product_data,1,0,,4,,,measurement_model_jig_04
6106,D4045,D,4045,uint16,plc_product_data,1,0,,4,,,measurement_model_jig_04
6107,D4046,D,4046,uint16,plc_product_data,1,0,,4,,,measurement_model_jig_04
6108,D4047,D,4047,uint16,plc_product_data,1,0,,4,,,measurement_model_jig_04
6109,D4048,D,4048,uint16,plc_product_data,1,0,,4,,,measurement_model_jig_04
6110,D4049,D,4049,uint16,plc_product_data,1,0,,4,,,measurement_model_jig_04
6111,D5000,D,5000,uint16,plc_setting_data,1,0,,4,,,setting_st03_updown_save
6112,D6000,D,6000,uint16,plc_setting_data,1,0,,4,,,setting_st03_pressure_save
6113,D7000,D,7000,uint16,plc_setting_data,1,0,,4,,,setting_st03_updown_save
6114,D8000,D,8000,uint16,plc_setting_data,1,0,,4,,,setting_st03_pressure_save
6115,D9000,D,9000,uint16,plc_setting_data,1,0,,4,,,setting_st04_updown_save
6116,D10000,D,10000,uint16,plc_setting_data,1,0,,4,,,setting_st04_pressure_save
6117,D11000,D,11000,uint16,plc_setting_data,1,0,,4,,,setting_st04_updown_save
6118,D12000,D,12000,uint16,plc_setting_data,1,0,,4,,,setting_st04_pressure_save
6119,D13000,D,13000,uint16,plc_product_data,1,0,,4,,,measurement_jig_01
6120,D13002,D,13002,uint16,plc_product_data,1,0,,4,,,measurement_jig_02
6121,D13004,D,13004,uint16,plc_product_data,1,0,,4,,,measurement_jig_03
6122,D13006,D,13006,uint16,plc_product_data,1,0,,4,,,measurement_jig_04
6123,D13010,D,13010,uint16,plc_product_data,1,0,,4,,,judgment_detect_l
6124,D13012,D,13012,uint16,plc_product_data,1,0,,4,,,judgment_detect_r
6125,D13014,D,13014,uint16,plc_product_data,1,0,,4,,,judgment_detect_l
6126,D13016,D,13016,uint16,plc_product_data,1,0,,4,,,judgment_detect_r
6127,D13018,D,13018,uint16,plc_product_data,1,0,,4,,,judgment_detect_l
6128,D13020,D,13020,uint16,plc_product_data,1,0,,4,,,judgment_detect_r
6129,D13022,D,13022,uint16,plc_product_data,1,0,,4,,,judgment_detect_l
6130,D13024,D,13024,uint16,plc_product_data,1,0,,4,,,judgment_detect_r
6131,D13100,D,13100,uint16,plc_product_data,1,0,,4,,,measurement_jig_01_l_done
6132,D13102,D,13102,uint16,plc_product_data,1,0,,4,,,measurement_jig_02_l_done
6133,D13104,D,13104,uint16,plc_product_data,1,0,,4,,,measurement_jig_03_l_done
6134,D13106,D,13106,uint16,plc_product_data,1,0,,4,,,measurement_jig_04_l_done
6139,M6,M,6,bool,plc_product_data,1,0,,,,,measurement_turntable
6140,M9,M,9,bool,plc_product_data,1,0,,,,,measurement_model
6141,M11,M,11,bool,plc_product_data,1,0,,,,,status_st03_origin
6142,M12,M,12,bool,plc_product_data,1,0,,,,,status_st03_origin_done
6145,M15,M,15,bool,plc_product_data,1,0,,,,,measurement_st03_stop_stop
6146,M16,M,16,bool,plc_product_data,1,0,,,,,measurement_st03_updown
6147,M17,M,17,bool,plc_product_data,1,0,,,,,status_st03_origin_indicator
6150,M21,M,21,bool,plc_product_data,1,0,,,,,status_st03_origin
6151,M22,M,22,bool,plc_product_data,1,0,,,,,status_st03_origin_done
6154,M25,M,25,bool,plc_product_data,1,0,,,,,measurement_st03_stop_stop
6155,M26,M,26,bool,plc_product_data,1,0,,,,,measurement_st03_updown
6156,M27,M,27,bool,plc_product_data,1,0,,,,,status_st03_origin_indicator
6159,M31,M,31,bool,plc_product_data,1,0,,,,,status_st04_origin
6160,M32,M,32,bool,plc_product_data,1,0,,,,,status_st04_origin_done
6163,M35,M,35,bool,plc_product_data,1,0,,,,,measurement_st04_stop_stop
6164,M36,M,36,bool,plc_product_data,1,0,,,,,measurement_st04_updown
6165,M37,M,37,bool,plc_product_data,1,0,,,,,status_st04_origin_indicator
6168,M41,M,41,bool,plc_product_data,1,0,,,,,status_st04_origin
6169,M42,M,42,bool,plc_product_data,1,0,,,,,status_st04_origin_done
6172,M45,M,45,bool,plc_product_data,1,0,,,,,measurement_st04_stop_stop
6173,M46,M,46,bool,plc_product_data,1,0,,,,,measurement_st04_updown
6174,M47,M,47,bool,plc_product_data,1,0,,,,,status_st04_origin_indicator
6177,M51,M,51,bool,plc_product_data,1,0,,,,,judgment_st05_origin
6178,M52,M,52,bool,plc_product_data,1,0,,,,,judgment_st05_origin_done
6181,M55,M,55,bool,plc_product_data,1,0,,,,,judgment_st05_stop_stop
6182,M56,M,56,bool,plc_product_data,1,0,,,,,judgment_st05_servo
6183,M57,M,57,bool,plc_product_data,1,0,,,,,judgment_st05_origin_indicator
6186,M61,M,61,bool,plc_product_data,1,0,,,,,judgment_st05_origin
6187,M62,M,62,bool,plc_product_data,1,0,,,,,judgment_st05_origin_done
6190,M65,M,65,bool,plc_product_data,1,0,,,,,judgment_st05_stop_stop
6191,M66,M,66,bool,plc_product_data,1,0,,,,,judgment_st05_detect
6192,M67,M,67,bool,plc_product_data,1,0,,,,,judgment_st05_origin_indicator
6195,M71,M,71,bool,plc_product_data,1,0,,,,,judgment_st05_origin
6196,M72,M,72,bool,plc_product_data,1,0,,,,,judgment_st05_origin_done
6199,M75,M,75,bool,plc_product_data,1,0,,,,,judgment_st05_stop_stop
6200,M76,M,76,bool,plc_product_data,1,0,,,,,judgment_st05_detect
6201,M77,M,77,bool,plc_product_data,1,0,,,,,judgment_st05_origin_indicator
6204,M81,M,81,bool,plc_product_data,1,0,,,,,judgment_st05_origin
6205,M82,M,82,bool,plc_product_data,1,0,,,,,judgment_st05_origin_done
6208,M85,M,85,bool,plc_product_data,1,0,,,,,judgment_st05_stop_stop
6209,M86,M,86,bool,plc_product_data,1,0,,,,,judgment_st05_detect
6210,M87,M,87,bool,plc_product_data,1,0,,,,,judgment_st05_origin_indicator
6213,M91,M,91,bool,plc_product_data,1,0,,,,,judgment_st06_origin
6214,M92,M,92,bool,plc_product_data,1,0,,,,,judgment_st06_origin_done
6217,M95,M,95,bool,plc_product_data,1,0,,,,,judgment_st06_stop_stop
6218,M96,M,96,bool,plc_product_data,1,0,,,,,judgment_st06_detect
6219,M97,M,97,bool,plc_product_data,1,0,,,,,judgment_st06_origin_indicator
6222,M101,M,101,bool,plc_product_data,1,0,,,,,judgment_st06_origin
6223,M102,M,102,bool,plc_product_data,1,0,,,,,judgment_st06_origin_done
6226,M105,M,105,bool,plc_product_data,1,0,,,,,judgment_st06_stop_stop
6227,M106,M,106,bool,plc_product_data,1,0,,,,,judgment_st06_detect
6228,M107,M,107,bool,plc_product_data,1,0,,,,,judgment_st06_origin_indicator
6231,M111,M,111,bool,plc_product_data,1,0,,,,,judgment_st06_origin
6232,M112,M,112,bool,plc_product_data,1,0,,,,,judgment_st06_servo_done
6235,M115,M,115,bool,plc_product_data,1,0,,,,,judgment_st06_stop_stop
6236,M116,M,116,bool,plc_product_data,1,0,,,,,judgment_st06_servo
6237,M117,M,117,bool,plc_product_data,1,0,,,,,judgment_st06_origin_indicator
6240,M121,M,121,bool,plc_product_data,1,0,,,,,judgment_st06_origin
6241,M122,M,122,bool,plc_product_data,1,0,,,,,judgment_st06_origin_done
6244,M125,M,125,bool,plc_product_data,1,0,,,,,judgment_st06_stop_stop
6245,M126,M,126,bool,plc_product_data,1,0,,,,,judgment_st06_detect
6246,M127,M,127,bool,plc_product_data,1,0,,,,,judgment_st06_origin_indicator
6249,M131,M,131,bool,plc_product_data,1,0,,,,,judgment_st10_ng
6250,M132,M,132,bool,plc_product_data,1,0,,,,,judgment_st10_ng_done
6253,M135,M,135,bool,plc_product_data,1,0,,,,,judgment_st10_ng_stop
6254,M136,M,136,bool,plc_product_data,1,0,,,,,judgment_st10_ng
6255,M137,M,137,bool,plc_product_data,1,0,,,,,judgment_st10_ng_indicator
6262,M184,M,184,bool,plc_product_data,1,0,,,,,judgment_ng_log
6263,M185,M,185,bool,plc_product_data,1,0,,,,,judgment_ng_log
6264,M186,M,186,bool,plc_product_data,1,0,,,,,judgment_ng_log
6265,M187,M,187,bool,plc_product_data,1,0,,,,,judgment_ng_log
6270,M195,M,195,bool,log,1,0,,,,,log_5_start
6271,M196,M,196,bool,log,1,0,,,,,log_6_start
6272,M200,M,200,bool,plc_product_data,1,0,,,,,measurement_turntable
6273,M201,M,201,bool,plc_product_data,1,0,,,,,measurement_turntable
6274,M202,M,202,bool,plc_product_data,1,0,,,,,status_reset_done
6275,M205,M,205,bool,plc_product_data,1,0,,,,,measurement_start_save
6276,M210,M,210,bool,plc_product_data,1,0,,,,,measurement_start_save
6277,M211,M,211,bool,plc_product_data,1,0,,,,,measurement_start
6278,M212,M,212,bool,plc_product_data,1,0,,,,,measurement_start
6279,M250,M,250,bool,plc_product_data,1,0,,,,,measurement_recipe
6280,M251,M,251,bool,plc_product_data,1,0,,,,,measurement_recipe_done
6281,M321,M,321,bool,plc_product_data,1,0,,,,,measurement_st07_op_voltage
6282,M322,M,322,bool,plc_product_data,1,0,,,,,measurement_st07_op_voltage
6283,M323,M,323,bool,plc_product_data,1,0,,,,,measurement_st07_op_voltage
6284,M324,M,324,bool,plc_product_data,1,0,,,,,measurement_st07_op_voltage
6285,M325,M,325,bool,plc_product_data,1,0,,,,,measurement_close_005
6286,M326,M,326,bool,plc_product_data,1,0,,,,,measurement_close_006
6287,M327,M,327,bool,plc_product_data,1,0,,,,,measurement_close_007
6288,M328,M,328,bool,plc_product_data,1,0,,,,,measurement_close_008
6289,M329,M,329,bool,plc_product_data,1,0,,,,,measurement_close_009
6290,M330,M,330,bool,plc_product_data,1,0,,,,,measurement_close_001_00
6291,M331,M,331,bool,plc_product_data,1,0,,,,,measurement_close_001_001
6292,M332,M,332,bool,plc_product_data,1,0,,,,,measurement_close_001_002
6293,M333,M,333,bool,plc_product_data,1,0,,,,,measurement_close_001_003
6294,M334,M,334,bool,plc_product_data,1,0,,,,,measurement_close_001_004
6295,M335,M,335,bool,plc_product_data,1,0,,,,,measurement_close_001_005
6296,M336,M,336,bool,plc_product_data,1,0,,,,,measurement_close_001_006
6297,M341,M,341,bool,plc_product_data,1,0,,,,,measurement_send_data_001
6298,M342,M,342,bool,plc_product_data,1,0,,,,,measurement_send_data_002
6299,M343,M,343,bool,plc_product_data,1,0,,,,,measurement_send_data_003
6300,M344,M,344,bool,plc_product_data,1,0,,,,,measurement_send_data_004
6301,M345,M,345,bool,plc_product_data,1,0,,,,,measurement_send_data_005
6302,M346,M,346,bool,plc_product_data,1,0,,,,,measurement_send_data_006
6303,M347,M,347,bool,plc_product_data,1,0,,,,,measurement_send_data_007
6304,M348,M,348,bool,plc_product_data,1,0,,,,,measurement_send_data_008
6305,M349,M,349,bool,plc_product_data,1,0,,,,,measurement_send_data_009
6306,M350,M,350,bool,plc_product_data,1,0,,,,,measurement_send_data_001_00
6307,M351,M,351,bool,plc_product_data,1,0,,,,,measurement_send_data_001_001
6308,M352,M,352,bool,plc_product_data,1,0,,,,,measurement_send_data_001_002
6309,M353,M,353,bool,plc_product_data,1,0,,,,,measurement_send_data_001_003
6310,M354,M,354,bool,plc_product_data,1,0,,,,,measurement_send_data_001_004
6311,M355,M,355,bool,plc_product_data,1,0,,,,,measurement_send_data_001_005
6312,M356,M,356,bool,plc_product_data,1,0,,,,,measurement_send_data_001_006
6313,M357,M,357,bool,plc_product_data,1,0,,,,,measurement_send_data_001_007
6314,M400,M,400,bool,plc_product_data,1,0,,,,,measurement_st02_inspect
6315,M401,M,401,bool,plc_product_data,1,0,,,,,measurement_st03_inspect
6316,M402,M,402,bool,plc_product_data,1,0,,,,,measurement_st04_inspect
6317,M403,M,403,bool,plc_product_data,1,0,,,,,measurement_st05_inspect
6318,M404,M,404,bool,plc_product_data,1,0,,,,,measurement_st06_inspect
6319,M405,M,405,bool,plc_product_data,1,0,,,,,measurement_st07_inspect
6320,M406,M,406,bool,plc_product_data,1,0,,,,,measurement_st08_inspect
6322,M508,M,508,bool,plc_setting_data,1,0,,,,,setting_st03_updown_positioning
6323,M509,M,509,bool,plc_setting_data,1,0,,,,,setting_st03_updown_arrived
6324,M510,M,510,bool,plc_setting_data,1,0,,,,,setting_st03_updown_positioning
6325,M511,M,511,bool,plc_setting_data,1,0,,,,,setting_st03_updown_arrived
6326,M528,M,528,bool,plc_setting_data,1,0,,,,,setting_st03_updown_positioning
6327,M529,M,529,bool,plc_setting_data,1,0,,,,,setting_st03_updown_arrived
6328,M530,M,530,bool,plc_setting_data,1,0,,,,,setting_st03_updown_positioning
6329,M531,M,531,bool,plc_setting_data,1,0,,,,,setting_st03_updown_arrived
6330,M548,M,548,bool,plc_setting_data,1,0,,,,,setting_st04_updown_positioning
6331,M549,M,549,bool,plc_setting_data,1,0,,,,,setting_st04_updown_arrived
6332,M550,M,550,bool,plc_setting_data,1,0,,,,,setting_st04_updown_positioning
6333,M551,M,551,bool,plc_setting_data,1,0,,,,,setting_st04_updown_arrived
6334,M568,M,568,bool,plc_setting_data,1,0,,,,,setting_st04_updown_positioning
6335,M569,M,569,bool,plc_setting_data,1,0,,,,,setting_st04_updown_arrived
6336,M570,M,570,bool,plc_setting_data,1,0,,,,,setting_st04_updown_positioning
6337,M571,M,571,bool,plc_setting_data,1,0,,,,,setting_st04_updown_arrived
6344,M586,M,586,bool,plc_setting_data,1,0,,,,,setting_st05_jig_01_positioning
6345,M587,M,587,bool,plc_setting_data,1,0,,,,,setting_st05_jig_01_arrived
6346,M588,M,588,bool,plc_setting_data,1,0,,,,,setting_st05_jig_01_positioning
6347,M589,M,589,bool,plc_product_data,1,0,,,,,judgment_st05_detect_jig_01_arrived
6348,M590,M,590,bool,plc_setting_data,1,0,,,,,setting_st05_jig_01_positioning
6349,M591,M,591,bool,plc_setting_data,1,0,,,,,setting_st05_jig_01_arrived
6356,M606,M,606,bool,plc_setting_data,1,0,,,,,setting_st05_jig_02_positioning
6357,M607,M,607,bool,plc_setting_data,1,0,,,,,setting_st05_jig_02_arrived
6358,M608,M,608,bool,plc_setting_data,1,0,,,,,setting_st05_jig_02_positioning
6359,M609,M,609,bool,plc_product_data,1,0,,,,,judgment_st05_detect_arrived
6360,M610,M,610,bool,plc_setting_data,1,0,,,,,setting_st05_jig_02_positioning
6361,M611,M,611,bool,plc_setting_data,1,0,,,,,setting_st05_jig_02_arrived
6368,M626,M,626,bool,plc_setting_data,1,0,,,,,setting_st05_jig_03_positioning
6369,M627,M,627,bool,plc_setting_data,1,0,,,,,setting_st05_jig_03_arrived
6370,M628,M,628,bool,plc_setting_data,1,0,,,,,setting_st05_jig_03_positioning
6371,M629,M,629,bool,plc_product_data,1,0,,,,,judgment_st05_detect_arrived
6372,M630,M,630,bool,plc_setting_data,1,0,,,,,setting_st05_jig_03_positioning
6373,M631,M,631,bool,plc_setting_data,1,0,,,,,setting_st05_jig_03_arrived
6380,M646,M,646,bool,plc_setting_data,1,0,,,,,setting_st05_jig_04_positioning
6381,M647,M,647,bool,plc_setting_data,1,0,,,,,setting_st05_jig_04_arrived
6382,M648,M,648,bool,plc_setting_data,1,0,,,,,setting_st05_jig_04_positioning
6383,M649,M,649,bool,plc_product_data,1,0,,,,,judgment_st05_detect_arrived
6384,M650,M,650,bool,plc_setting_data,1,0,,,,,setting_st05_jig_04_positioning
6385,M651,M,651,bool,plc_setting_data,1,0,,,,,setting_st05_jig_04_arrived
6392,M666,M,666,bool,plc_setting_data,1,0,,,,,setting_st06_jig_01_positioning
6393,M667,M,667,bool,plc_setting_data,1,0,,,,,setting_st06_jig_01_arrived
6394,M668,M,668,bool,plc_setting_data,1,0,,,,,setting_st06_jig_01_positioning
6395,M669,M,669,bool,plc_product_data,1,0,,,,,judgment_st06_detect_arrived
6396,M670,M,670,bool,plc_setting_data,1,0,,,,,setting_st06_jig_01_positioning
6397,M671,M,671,bool,plc_setting_data,1,0,,,,,setting_st06_jig_01_arrived
6404,M686,M,686,bool,plc_setting_data,1,0,,,,,setting_st06_jig_02_positioning
6405,M687,M,687,bool,plc_setting_data,1,0,,,,,setting_st06_jig_02_arrived
6406,M688,M,688,bool,plc_setting_data,1,0,,,,,setting_st06_jig_02_positioning
6407,M689,M,689,bool,plc_product_data,1,0,,,,,judgment_st06_detect_arrived
6408,M690,M,690,bool,plc_setting_data,1,0,,,,,setting_st06_jig_02_positioning
6409,M691,M,691,bool,plc_setting_data,1,0,,,,,setting_st06_jig_02_arrived
6416,M706,M,706,bool,plc_setting_data,1,0,,,,,setting_st06_jig_03_positioning
6417,M707,M,707,bool,plc_setting_data,1,0,,,,,setting_st06_jig_03_arrived
6418,M708,M,708,bool,plc_product_data,1,0,,,,,judgment_st06_detect_positioning
6419,M709,M,709,bool,plc_product_data,1,0,,,,,judgment_st06_detect_arrived
6420,M710,M,710,bool,plc_setting_data,1,0,,,,,setting_st06_jig_03_positioning
6421,M711,M,711,bool,plc_setting_data,1,0,,,,,setting_st06_jig_03_arrived
6428,M726,M,726,bool,plc_setting_data,1,0,,,,,setting_st06_jig_04_positioning
6429,M727,M,727,bool,plc_setting_data,1,0,,,,,setting_st06_jig_04_arrived
6430,M728,M,728,bool,plc_setting_data,1,0,,,,,setting_st06_jig_04_positioning
6431,M729,M,729,bool,plc_product_data,1,0,,,,,judgment_st06_detect_arrived
6432,M730,M,730,bool,plc_setting_data,1,0,,,,,setting_st06_jig_04_positioning
6433,M731,M,731,bool,plc_setting_data,1,0,,,,,setting_st06_jig_04_arrived
6464,M1008,M,1008,bool,plc_product_data,1,0,,,,,measurement_st09_test
6465,M3000,M,3000,bool,plc_product_data,1,0,,,,,measurement_001
6466,M3001,M,3001,bool,plc_product_data,1,0,,,,,measurement_001
6467,M3002,M,3002,bool,plc_product_data,1,0,,,,,measurement_001
6468,M3003,M,3003,bool,plc_product_data,1,0,,,,,measurement_001
6469,M3004,M,3004,bool,plc_product_data,1,0,,,,,measurement_001
6470,M3007,M,3007,bool,plc_setting_data,1,0,,,,,setting_001_set
6471,M3016,M,3016,bool,plc_setting_data,1,0,,,,,setting_001_setdata
6473,M3019,M,3019,bool,plc_product_data,1,0,,,,,measurement_001photo
6474,M3024,M,3024,bool,plc_product_data,1,0,,,,,measurement_001_00
6475,M3040,M,3040,bool,plc_product_data,1,0,,,,,measurement_002
6476,M3041,M,3041,bool,plc_product_data,1,0,,,,,measurement_002
6477,M3042,M,3042,bool,plc_product_data,1,0,,,,,measurement_002
6478,M3043,M,3043,bool,plc_product_data,1,0,,,,,measurement_002
6479,M3044,M,3044,bool,plc_product_data,1,0,,,,,measurement_002
6480,M3047,M,3047,bool,plc_setting_data,1,0,,,,,setting_002_set
6481,M3056,M,3056,bool,plc_setting_data,1,0,,,,,setting_002_setdata
6483,M3059,M,3059,bool,plc_product_data,1,0,,,,,measurement_002photo
6484,M3064,M,3064,bool,plc_product_data,1,0,,,,,measurement_002_00
6485,M3100,M,3100,bool,plc_product_data,1,0,,,,,measurement_003
6486,M3101,M,3101,bool,plc_product_data,1,0,,,,,measurement_003
6487,M3102,M,3102,bool,plc_product_data,1,0,,,,,measurement_003
6488,M3103,M,3103,bool,plc_product_data,1,0,,,,,measurement_003
6489,M3104,M,3104,bool,plc_product_data,1,0,,,,,measurement_003
6490,M3107,M,3107,bool,plc_setting_data,1,0,,,,,setting_003_set
6491,M3116,M,3116,bool,plc_setting_data,1,0,,,,,setting_003_setdata
6493,M3119,M,3119,bool,plc_product_data,1,0,,,,,measurement_003photo
6494,M3124,M,3124,bool,plc_product_data,1,0,,,,,measurement_003_00
6495,M3140,M,3140,bool,plc_product_data,1,0,,,,,measurement_004
6496,M3141,M,3141,bool,plc_product_data,1,0,,,,,measurement_004
6497,M3142,M,3142,bool,plc_product_data,1,0,,,,,measurement_004
6498,M3143,M,3143,bool,plc_product_data,1,0,,,,,measurement_004
6499,M3144,M,3144,bool,plc_product_data,1,0,,,,,measurement_004
6500,M3147,M,3147,bool,plc_setting_data,1,0,,,,,setting_004_set
6501,M3156,M,3156,bool,plc_setting_data,1,0,,,,,setting_004_setdata
6503,M3159,M,3159,bool,plc_product_data,1,0,,,,,measurement_004photo
6504,M3164,M,3164,bool,plc_product_data,1,0,,,,,measurement_004_00
6505,M3200,M,3200,bool,plc_product_data,1,0,,,,,measurement_status
6506,M3201,M,3201,bool,plc_product_data,1,0,,,,,measurement_status
6507,M3203,M,3203,bool,plc_product_data,1,0,,,,,measurement_status
6508,M3207,M,3207,bool,plc_product_data,1,0,,,,,measurement_status
6509,M3209,M,3209,bool,plc_product_data,1,0,,,,,judgment_detect_status
6510,M3211,M,3211,bool,plc_product_data,1,0,,,,,measurement_status
6511,M3212,M,3212,bool,plc_product_data,1,0,,,,,measurement_status
6512,M3213,M,3213,bool,plc_product_data,1,0,,,,,measurement_status
6513,M3214,M,3214,bool,plc_product_data,1,0,,,,,measurement_status
6515,M3216,M,3216,bool,plc_setting_data,1,0,,,,,setting_status
6516,M3219,M,3219,bool,plc_product_data,1,0,,,,,measurement_status
6517,M3240,M,3240,bool,plc_product_data,1,0,,,,,measurement_status
6518,M3241,M,3241,bool,plc_product_data,1,0,,,,,measurement_status
6519,M3243,M,3243,bool,plc_product_data,1,0,,,,,measurement_status
6520,M3247,M,3247,bool,plc_product_data,1,0,,,,,measurement_status
6521,M3249,M,3249,bool,plc_product_data,1,0,,,,,judgment_detect_status
6522,M3251,M,3251,bool,plc_product_data,1,0,,,,,measurement_status
6523,M3252,M,3252,bool,plc_product_data,1,0,,,,,measurement_status
6524,M3253,M,3253,bool,plc_product_data,1,0,,,,,measurement_status
6525,M3254,M,3254,bool,plc_product_data,1,0,,,,,measurement_status
6527,M3256,M,3256,bool,plc_setting_data,1,0,,,,,setting_status
6528,M3259,M,3259,bool,plc_product_data,1,0,,,,,measurement_status
6529,M3300,M,3300,bool,plc_product_data,1,0,,,,,measurement_status
6530,M3301,M,3301,bool,plc_product_data,1,0,,,,,measurement_status
6531,M3303,M,3303,bool,plc_product_data,1,0,,,,,measurement_status
6532,M3307,M,3307,bool,plc_product_data,1,0,,,,,measurement_status
6533,M3309,M,3309,bool,plc_product_data,1,0,,,,,judgment_detect_status
6534,M3311,M,3311,bool,plc_product_data,1,0,,,,,measurement_status
6535,M3312,M,3312,bool,plc_product_data,1,0,,,,,measurement_status
6536,M3313,M,3313,bool,plc_product_data,1,0,,,,,measurement_status
6537,M3314,M,3314,bool,plc_product_data,1,0,,,,,measurement_status
6539,M3316,M,3316,bool,plc_setting_data,1,0,,,,,setting_status
6540,M3319,M,3319,bool,plc_product_data,1,0,,,,,measurement_status
6541,M3340,M,3340,bool,plc_product_data,1,0,,,,,measurement_status
6542,M3341,M,3341,bool,plc_product_data,1,0,,,,,measurement_status
6543,M3343,M,3343,bool,plc_product_data,1,0,,,,,measurement_status
6544,M3347,M,3347,bool,plc_product_data,1,0,,,,,measurement_status
6545,M3349,M,3349,bool,plc_product_data,1,0,,,,,judgment_detect_status
6546,M3351,M,3351,bool,plc_product_data,1,0,,,,,measurement_status
6547,M3352,M,3352,bool,plc_product_data,1,0,,,,,measurement_status
6548,M3353,M,3353,bool,plc_product_data,1,0,,,,,measurement_status
6549,M3354,M,3354,bool,plc_product_data,1,0,,,,,measurement_status
6551,M3356,M,3356,bool,plc_setting_data,1,0,,,,,setting_status
6552,M3359,M,3359,bool,plc_product_data,1,0,,,,,measurement_status
6553,L0,L,0,bool,plc_product_data,1,0,,,,,measurement_st09
6555,L10,L,10,bool,plc_product_data,1,0,,,,,measurement_reset
6558,L21,L,21,bool,plc_product_data,1,0,,,,,measurement_st11_reset
6559,L22,L,22,bool,plc_product_data,1,0,,,,,measurement_st12_reset
6560,L23,L,23,bool,plc_product_data,1,0,,,,,measurement_st13_reset
6561,L24,L,24,bool,plc_product_data,1,0,,,,,measurement_st14_reset
6562,L25,L,25,bool,plc_product_data,1,0,,,,,measurement_st15_reset
6563,L26,L,26,bool,plc_product_data,1,0,,,,,measurement_st16_reset
6564,L27,L,27,bool,plc_product_data,1,0,,,,,measurement_st17_reset
6565,L28,L,28,bool,plc_product_data,1,0,,,,,measurement_st18_reset
6566,L29,L,29,bool,plc_product_data,1,0,,,,,measurement_st19_reset
6567,L50,L,50,bool,plc_product_data,1,0,,,,,action_reset_done
6570,L61,L,61,bool,plc_product_data,1,0,,,,,action_st11_reset_done
6571,L62,L,62,bool,plc_product_data,1,0,,,,,action_st12_reset_done
6572,L63,L,63,bool,plc_product_data,1,0,,,,,action_st13_reset_done
6573,L64,L,64,bool,plc_product_data,1,0,,,,,action_st14_reset_done
6574,L65,L,65,bool,plc_product_data,1,0,,,,,action_st15_reset_done
6575,L66,L,66,bool,plc_product_data,1,0,,,,,action_st16_reset_done
6576,L67,L,67,bool,plc_product_data,1,0,,,,,action_st17_reset_done
6577,L68,L,68,bool,plc_product_data,1,0,,,,,action_st18_reset_done
6578,L69,L,69,bool,plc_product_data,1,0,,,,,action_st19_reset_done
6588,L131,L,131,bool,plc_product_data,1,0,,,,,status_st11_origin
6589,L132,L,132,bool,plc_product_data,1,0,,,,,status_st12_origin
6590,L133,L,133,bool,plc_product_data,1,0,,,,,status_st13_origin
6591,L134,L,134,bool,plc_product_data,1,0,,,,,status_st14_origin
6592,L135,L,135,bool,plc_product_data,1,0,,,,,status_st15_origin
6593,L136,L,136,bool,plc_product_data,1,0,,,,,status_st16_origin
6594,L137,L,137,bool,plc_product_data,1,0,,,,,status_st17_origin
6595,L138,L,138,bool,plc_product_data,1,0,,,,,status_st18_origin
6596,L139,L,139,bool,plc_product_data,1,0,,,,,status_st19_origin
6597,L153,L,153,bool,plc_product_data,1,0,,,,,status_st13_active
6598,L154,L,154,bool,plc_product_data,1,0,,,,,status_st14_active
6599,L155,L,155,bool,plc_product_data,1,0,,,,,status_st15_active
6600,L156,L,156,bool,plc_product_data,1,0,,,,,status_st16_active
6601,L157,L,157,bool,plc_product_data,1,0,,,,,status_st17_active
6602,L158,L,158,bool,plc_product_data,1,0,,,,,status_st18_active
6603,L159,L,159,bool,plc_product_data,1,0,,,,,status_st19_active
6604,L171,L,171,bool,plc_product_data,1,0,,,,,status_st11
6605,L172,L,172,bool,plc_product_data,1,0,,,,,status_st12
6606,L173,L,173,bool,plc_product_data,1,0,,,,,status_st13
6607,L174,L,174,bool,plc_product_data,1,0,,,,,status_st14
6608,L175,L,175,bool,plc_product_data,1,0,,,,,status_st15
6609,L176,L,176,bool,plc_product_data,1,0,,,,,status_st16
6610,L177,L,177,bool,plc_product_data,1,0,,,,,status_st17
6611,L178,L,178,bool,plc_product_data,1,0,,,,,status_st18
6612,L179,L,179,bool,plc_product_data,1,0,,,,,status_st19
6644,L401,L,401,bool,plc_product_data,1,0,,,,,measurement_00
6645,L403,L,403,bool,plc_product_data,1,0,,,,,measurement_st01_cylinder
6646,L404,L,404,bool,plc_product_data,1,0,,,,,measurement_st01_cylinder
6647,L405,L,405,bool,plc_product_data,1,0,,,,,measurement_st01_cylinder
6648,L406,L,406,bool,plc_product_data,1,0,,,,,measurement_st01_cylinder
6649,L407,L,407,bool,plc_product_data,1,0,,,,,measurement_st01_cylinder
6650,L408,L,408,bool,plc_product_data,1,0,,,,,measurement_st01_cylinder
6651,L409,L,409,bool,plc_product_data,1,0,,,,,measurement_st01_clamp
6652,L410,L,410,bool,plc_product_data,1,0,,,,,measurement_st02
6653,L411,L,411,bool,plc_product_data,1,0,,,,,measurement_st02_cylinder
6654,L412,L,412,bool,plc_product_data,1,0,,,,,measurement_st02_cylinder
6655,L413,L,413,bool,plc_product_data,1,0,,,,,measurement_st02_clamp
6656,L414,L,414,bool,plc_product_data,1,0,,,,,measurement_st03_cylinder
6657,L415,L,415,bool,plc_product_data,1,0,,,,,measurement_st03_cylinder
6658,L416,L,416,bool,plc_product_data,1,0,,,,,measurement_st03_clamp
6659,L417,L,417,bool,plc_product_data,1,0,,,,,measurement_st04_cylinder
6660,L418,L,418,bool,plc_product_data,1,0,,,,,measurement_st04_cylinder
6661,L419,L,419,bool,plc_product_data,1,0,,,,,measurement_st04_clamp
6662,L420,L,420,bool,plc_product_data,1,0,,,,,measurement_st05_cylinder
6663,L421,L,421,bool,plc_product_data,1,0,,,,,measurement_st05_clamp
6664,L422,L,422,bool,plc_product_data,1,0,,,,,judgment_st05_cylinder
6665,L423,L,423,bool,plc_product_data,1,0,,,,,judgment_st05_cylinder
6666,L424,L,424,bool,plc_product_data,1,0,,,,,judgment_st05_cylinder
6667,L425,L,425,bool,plc_product_data,1,0,,,,,judgment_st05_cylinder
6668,L426,L,426,bool,plc_product_data,1,0,,,,,measurement_st06_cylinder
6669,L427,L,427,bool,plc_product_data,1,0,,,,,measurement_st06_clamp
6670,L428,L,428,bool,plc_product_data,1,0,,,,,judgment_st06_cylinder
6671,L429,L,429,bool,plc_product_data,1,0,,,,,judgment_st06_cylinder
6672,L430,L,430,bool,plc_product_data,1,0,,,,,judgment_st06_cylinder
6673,L431,L,431,bool,plc_product_data,1,0,,,,,judgment_st06_cylinder
6674,L432,L,432,bool,plc_product_data,1,0,,,,,measurement_st07_cylinder
6675,L433,L,433,bool,plc_product_data,1,0,,,,,measurement_st07_cylinder
6676,L434,L,434,bool,plc_product_data,1,0,,,,,measurement_st07_clamp
6677,L435,L,435,bool,plc_product_data,1,0,,,,,measurement_st08_cylinder
6678,L436,L,436,bool,plc_product_data,1,0,,,,,measurement_st08_cylinder
6679,L437,L,437,bool,plc_product_data,1,0,,,,,measurement_st08_clamp
6680,L438,L,438,bool,plc_product_data,1,0,,,,,measurement_st09_cylinder
6681,L439,L,439,bool,plc_product_data,1,0,,,,,measurement_st09_cylinder
6682,L440,L,440,bool,plc_product_data,1,0,,,,,measurement_st09_cylinder
6683,L441,L,441,bool,plc_product_data,1,0,,,,,measurement_st09_clamp_jig_01
6684,L442,L,442,bool,plc_product_data,1,0,,,,,measurement_st09_clamp_jig_02
6685,L443,L,443,bool,plc_product_data,1,0,,,,,measurement_st09_clamp_jig_03
6686,L444,L,444,bool,plc_product_data,1,0,,,,,measurement_st09_clamp_jig_04
6687,L445,L,445,bool,plc_product_data,1,0,,,,,measurement_st09_distribute
6688,L446,L,446,bool,plc_product_data,1,0,,,,,measurement_st09_cylinder
6689,L447,L,447,bool,plc_product_data,1,0,,,,,measurement_st09_push
6690,L449,L,449,bool,plc_product_data,1,0,,,,,measurement_st10_cylinder
6691,L450,L,450,bool,plc_product_data,1,0,,,,,measurement_st10_clamp_jig_01
6692,L451,L,451,bool,plc_product_data,1,0,,,,,measurement_st10_clamp_jig_02
6693,L452,L,452,bool,plc_product_data,1,0,,,,,measurement_st10_clamp_jig_03
6694,L453,L,453,bool,plc_product_data,1,0,,,,,measurement_st10_clamp_jig_04
6695,L454,L,454,bool,plc_product_data,1,0,,,,,measurement_st10_push
6696,L455,L,455,bool,plc_product_data,1,0,,,,,measurement_st05_cylinder
6697,L456,L,456,bool,plc_product_data,1,0,,,,,measurement_st06_cylinder
6893,L1000,L,1000,bool,plc_product_data,1,0,,,,,measurement_auto
6894,L1001,L,1001,bool,plc_product_data,1,0,,,,,measurement_point
6895,L1002,L,1002,bool,plc_product_data,1,0,,,,,measurement_reset
6896,L1003,L,1003,bool,plc_product_data,1,0,,,,,measurement_end
6898,L1005,L,1005,bool,plc_product_data,1,0,,,,,measurement_auto
6899,L1007,L,1007,bool,plc_product_data,1,0,,,,,status_start_auto
6901,L1009,L,1009,bool,plc_product_data,1,0,,,,,measurement_reset
6903,L1100,L,1100,bool,plc_product_data,1,0,,,,,status_auto
6906,L1111,L,1111,bool,plc_product_data,1,0,,,,,status_st11_auto
6907,L1112,L,1112,bool,plc_product_data,1,0,,,,,status_st12_auto
6908,L1113,L,1113,bool,plc_product_data,1,0,,,,,status_st13_auto
6909,L1114,L,1114,bool,plc_product_data,1,0,,,,,status_st14_auto
6910,L1115,L,1115,bool,plc_product_data,1,0,,,,,status_st15_auto
6911,L1116,L,1116,bool,plc_product_data,1,0,,,,,status_st16_auto
6912,L1117,L,1117,bool,plc_product_data,1,0,,,,,status_st17_auto
6913,L1118,L,1118,bool,plc_product_data,1,0,,,,,status_st18_auto
6914,L1119,L,1119,bool,plc_product_data,1,0,,,,,status_st19_auto
6915,L1120,L,1120,bool,plc_product_data,1,0,,,,,status_st20_auto
6916,L1121,L,1121,bool,plc_product_data,1,0,,,,,status_st21_auto
6917,L1122,L,1122,bool,plc_product_data,1,0,,,,,status_st22_auto
6918,L1123,L,1123,bool,plc_product_data,1,0,,,,,status_st23_auto
6919,L1124,L,1124,bool,plc_product_data,1,0,,,,,status_st24_auto
6920,L1125,L,1125,bool,plc_product_data,1,0,,,,,status_st25_auto
6921,L1126,L,1126,bool,plc_product_data,1,0,,,,,status_st26_auto
6922,L1127,L,1127,bool,plc_product_data,1,0,,,,,status_st27_auto
6923,L1128,L,1128,bool,plc_product_data,1,0,,,,,status_st28_auto
6924,L1129,L,1129,bool,plc_product_data,1,0,,,,,status_st29_auto
6925,L1130,L,1130,bool,plc_product_data,1,0,,,,,status_st30_auto
6926,L1131,L,1131,bool,plc_product_data,1,0,,,,,status_st31_auto
6927,L1151,L,1151,bool,plc_product_data,1,0,,,,,status_st01_mask
6930,L1203,L,1203,bool,plc_product_data,1,0,,,,,measurement_st04_pressure_mask
6931,L1210,L,1210,bool,plc_product_data,1,0,,,,,measurement_st09_sensor_mask
6932,L1213,L,1213,bool,plc_product_data,1,0,,,,,measurement_st03_mask
6933,L1214,L,1214,bool,plc_product_data,1,0,,,,,measurement_st04_mask
6934,L1215,L,1215,bool,plc_product_data,1,0,,,,,measurement_st05_mask
6935,L1216,L,1216,bool,plc_product_data,1,0,,,,,measurement_st06_mask
6936,L1223,L,1223,bool,plc_product_data,1,0,,,,,measurement_st02_mask
6937,L1225,L,1225,bool,plc_product_data,1,0,,,,,measurement_st04_release_force_mask
6938,L1226,L,1226,bool,plc_product_data,1,0,,,,,measurement_st05_pressure_mask
6939,L1227,L,1227,bool,plc_product_data,1,0,,,,,measurement_st06_pressure_mask
6940,L1230,L,1230,bool,plc_product_data,1,0,,,,,measurement_st07_op_voltage_mask
6941,L1231,L,1231,bool,plc_product_data,1,0,,,,,measurement_st07_op_voltage_mask
6942,L1232,L,1232,bool,plc_product_data,1,0,,,,,measurement_st07_op_voltage_mask
6943,L1233,L,1233,bool,plc_product_data,1,0,,,,,measurement_st07_op_voltage_mask
6944,L1234,L,1234,bool,plc_product_data,1,0,,,,,measurement_st08_op_voltage_mask
6945,L1235,L,1235,bool,plc_product_data,1,0,,,,,measurement_st08_op_voltage_mask
6946,L1236,L,1236,bool,plc_product_data,1,0,,,,,measurement_st08_op_voltage_mask
6947,L1237,L,1237,bool,plc_product_data,1,0,,,,,measurement_st08_op_voltage_mask
6952,L1254,L,1254,bool,plc_product_data,1,0,,,,,measurement_safety_door_mask
