tag_id,tag_name,memory,address,data_type,collection_group,scale,offset,decimals,word_length,format,unit,description
104,D210,D,210,uint32,plc_data,1,0,,10,,,총 생산량(E)
120,D240,D,240,uint32,plc_data,1,0,,10,,,총 생산량(FG)
103,D200,D,230,uint32,plc_data,1,0,,8,,,생산수량(E)
121,D230,D,230,uint32,plc_data,1,0,,8,,,생산수량(FG)
105,D202,D,232,uint32,plc_data,1,0,,8,,,OK 수량_PCS(E)
122,D232,D,232,uint32,plc_data,1,0,,8,,,OK 수량_PCS(FG)
123,D204,D,204,uint32,plc_data,1,0,,8,,,NG 수량_PCS(E)
108,D246,D,246,uint32,plc_data,0.1,0,,5,,,사이클 시간(E)
124,D216,D,246,uint32,plc_data,0.1,0,,5,,,사이클 시간(FG)
1000,Y401,Y,401,bool,plc_data,1,0,,,,,자동 선택 표시 등(E)
1001,Y402,Y,402,bool,plc_data,1,0,,,,,표시등을 수동으로 선택(E)
1002,Y403,Y,403,bool,plc_data,1,0,,,,,자동 시작 표시등(E)
1003,Y404,Y,404,bool,plc_data,1,0,,,,,자동 정지 표시등(E)
1004,Y405,Y,405,bool,plc_data,1,0,,,,,재설정 표시등(E)
1005,Y406,Y,406,bool,plc_data,1,0,,,,,알람 해제 표시등(E)
1006,Y407,Y,407,bool,plc_data,1,0,,,,,사이클 시작 표시등(E)
1007,Y408,Y,408,bool,plc_data,1,0,,,,,실린더 작동 표시 등(E)
1008,Y409,Y,409,bool,plc_data,1,0,,,,,실린더 재설정 표시등(E)
1009,Y40A,Y,40A,bool,plc_data,1,0,,,,,잔여물 처리 표시등(E)
1010,Y40C,Y,40C,bool,tl_data,1,0,,,,,TL_RED
1011,Y40D,Y,40D,bool,tl_data,1,0,,,,,TL_Green
1012,Y40E,Y,40E,bool,tl_data,1,0,,,,,TL_Yellow
1013,Y481,Y,481,bool,plc_data,1,0,,,,,자동 선택 표시 등(FG)
1014,Y482,Y,482,bool,plc_data,1,0,,,,,표시등을 수동으로 선택(FG)
1015,Y483,Y,483,bool,plc_data,1,0,,,,,자동 시작 표시등(FG)
1016,Y484,Y,484,bool,plc_data,1,0,,,,,자동 정지 표시등(FG)
1017,Y485,Y,485,bool,plc_data,1,0,,,,,재설정 표시등(FG)
1018,Y486,Y,486,bool,plc_data,1,0,,,,,알람 해제 표시등(FG)
1019,Y487,Y,487,bool,plc_data,1,0,,,,,사이클 시작 표시등(FG)
1020,Y488,Y,488,bool,plc_data,1,0,,,,,실린더 작동 표시 등(FG)
1021,Y489,Y,489,bool,plc_data,1,0,,,,,실린더 재설정 표시등(FG)
1022,Y48A,Y,48A,bool,plc_data,1,0,,,,,잔여물 처리 표시등(FG)
3000,M188,M,188,bool,log,1,0,,,,,Log3(D360-D368)
3001,D360,D,360,uint32,log,1,0,0,,,,Number/h
3002,D362,D,362,uint32,log,1,0,0,,,,OK_Number/h
3003,D364,D,364,uint32,log,1,0,0,,,,NG_Number/h
3004,D366,D,366,float32,log,1,0,2,,,,OK/%
3005,D368,D,368,float32,log,1,0,2,,,,NG/%
2000,L2001,L,2001,bool,alm,1,0,,,,,0# 이온 송풍 전자 밸브 수동 미환원
2001,L2002,L,2002,bool,alm,1,0,,,,,1# 자재 투입 상하 1 실린더 수동 미환원
2002,L2003,L,2003,bool,alm,1,0,,,,,1# 자재 회전 수동 미환원
2003,L2004,L,2004,bool,alm,1,0,,,,,1# 자재 투입 그립퍼 1 수동 미환원
2004,L2005,L,2005,bool,alm,1,0,,,,,1# 자재 투입 그립퍼 2 수동 미환원
2005,L2006,L,2006,bool,alm,1,0,,,,,1# 자재 투입 그립퍼 3 수동 미환원
2006,L2007,L,2007,bool,alm,1,0,,,,,1# 자재 투입 그립퍼 4 수동 미환원
2007,L2008,L,2008,bool,alm,1,0,,,,,1# 자재 피킹 전후 수동 미환원
2008,L2009,L,2009,bool,alm,1,0,,,,,1# 자재 피킹 수동 미환원
2009,L2010,L,2010,bool,alm,1,0,,,,,2# 가림막 상하 수동 미환원
2010,L2011,L,2011,bool,alm,1,0,,,,,2# 집진 블로잉 수동 미환원
2011,L2012,L,2012,bool,alm,1,0,,,,,3# 가림막 상하 수동 미환원
2012,L2013,L,2013,bool,alm,1,0,,,,,3# 집진 블로잉 수동 미환원
2013,L2014,L,2014,bool,alm,1,0,,,,,4# 가림막 상하 수동 미환원
2014,L2015,L,2015,bool,alm,1,0,,,,,4# 집진 블로잉 수동 미환원
2015,L2016,L,2016,bool,alm,1,0,,,,,5# 자재분활 수동 미환원
2016,L2017,L,2017,bool,alm,1,0,,,,,5# 가림막 수동 미환원
2017,L2018,L,2018,bool,alm,1,0,,,,,5# 자재 밀기 1수동 미환원
2018,L2019,L,2019,bool,alm,1,0,,,,,5# 자재 밀기 2수동 미환원
2019,L2020,L,2020,bool,alm,1,0,,,,,5# 자재 밀기 3수동 미환원
2020,L2021,L,2021,bool,alm,1,0,,,,,5# 자재 밀기 4수동 미환원
2021,L2022,L,2022,bool,alm,1,0,,,,,5# 자재 피킹 전후 수동 미환원
2022,L2023,L,2023,bool,alm,1,0,,,,,5# 자재 피킹 가로 이동 수동 미환원
2023,L2024,L,2024,bool,alm,1,0,,,,,5# 위로 올리기 1 수동 미환원
2024,L2025,L,2025,bool,alm,1,0,,,,,5# 위로 올리기 2 수동 미환원
2025,L2026,L,2026,bool,alm,1,0,,,,,5# 위로 올리기 3 수동 미환원
2026,L2027,L,2027,bool,alm,1,0,,,,,5# 위로 올리기 4 수동 미환원
2027,L2028,L,2028,bool,alm,1,0,,,,,5# 회전 1 수동 미환원
2028,L2029,L,2029,bool,alm,1,0,,,,,5# 회전 2 수동 미환원
2029,L2030,L,2030,bool,alm,1,0,,,,,5# 회전 3 수동 미환원
2030,L2031,L,2031,bool,alm,1,0,,,,,5# 회전 4 수동 미환원
2031,L2032,L,2032,bool,alm,1,0,,,,,5# 자재 받기 전후 수동 미환원
2032,L2033,L,2033,bool,alm,1,0,,,,,5# 자재 받기 가로 이동 수동 미환원
2033,L2034,L,2034,bool,alm,1,0,,,,,5# 자재 받기 1 수동 미환원
2034,L2035,L,2035,bool,alm,1,0,,,,,5# 자재 받기 2 수동 미환원
2035,L2036,L,2036,bool,alm,1,0,,,,,5# 자재 받기 3 수동 미환원
2036,L2037,L,2037,bool,alm,1,0,,,,,5# 자재 받기 4 수동 미환원
2037,L2038,L,2038,bool,alm,1,0,,,,,5# 조립 위로 올리기 수동 미환원
2038,L2039,L,2039,bool,alm,1,0,,,,,5# 조립 가로이동 수동 미환원
2039,L2040,L,2040,bool,alm,1,0,,,,,5# 조립 상하 1 수동 미환원
2040,L2041,L,2041,bool,alm,1,0,,,,,5# 조립 진공 1 수동 미환원
2041,L2042,L,2042,bool,alm,1,0,,,,,5# 조립 진공 2 수동 미환원
2042,L2043,L,2043,bool,alm,1,0,,,,,5# 조립 진공 3 수동 미환원
2043,L2044,L,2044,bool,alm,1,0,,,,,5# 조립 진공 4 수동 미환원
2044,L2045,L,2045,bool,alm,1,0,,,,,수동 미환원
2045,L2046,L,2046,bool,alm,1,0,,,,,수동 미환원
2046,L2047,L,2047,bool,alm,1,0,,,,,수동 미환원
2047,L2048,L,2048,bool,alm,1,0,,,,,수동 미환원
2048,L2049,L,2049,bool,alm,1,0,,,,,5# 위지 지정 그립퍼 1 수동 미환원
2049,L2050,L,2050,bool,alm,1,0,,,,,5# 위지 지정 그립퍼 2 수동 미환원
2050,L2051,L,2051,bool,alm,1,0,,,,,5# 위지 지정 그립퍼 3 수동 미환원
2051,L2052,L,2052,bool,alm,1,0,,,,,5# 위지 지정 그립퍼 4 수동 미환원
2052,L2053,L,2053,bool,alm,1,0,,,,,6#자재 Pick up 가로이동 수동 미환원
2053,L2054,L,2054,bool,alm,1,0,,,,,6#자재 Pick up 상하 수동 미환원
2054,L2055,L,2055,bool,alm,1,0,,,,,6#자재 Pick up 그립퍼 1 수동 미환원
2055,L2056,L,2056,bool,alm,1,0,,,,,6#자재 Pick up 그립퍼 2 수동 미환원
2056,L2057,L,2057,bool,alm,1,0,,,,,6#자재 Pick up 그립퍼 3 수동 미환원
2057,L2058,L,2058,bool,alm,1,0,,,,,6#자재 Pick up 그립퍼 4 수동 미환원
2058,L2059,L,2059,bool,alm,1,0,,,,,6#자재 밀어내기 수동 미환원
2059,L2060,L,2060,bool,alm,1,0,,,,,6#불량 배출 1 수동 미환원
2060,L2061,L,2061,bool,alm,1,0,,,,,6#불량 배출 2 수동 미환원
2061,L2062,L,2062,bool,alm,1,0,,,,,6#불량 배출 3 수동 미환원
2062,L2063,L,2063,bool,alm,1,0,,,,,6#불량 배출 4 수동 미환원
2063,L2064,L,2064,bool,alm,1,0,,,,,6#플립 수동 미환원
2064,L2065,L,2065,bool,alm,1,0,,,,,6#플립 밀어내기 수동 미환원
2065,L2090,L,2090,bool,alm,1,0,,,,,1# 자재 투입 상하 2 수동 미환원
2066,L2091,L,2091,bool,alm,1,0,,,,,2# 자재 피킹 수동 미환원
2067,L2092,L,2092,bool,alm,1,0,,,,,2# 자재 피킹 전후 수동 미환원
2068,L2093,L,2093,bool,alm,1,0,,,,,2#상하 1 수동 미환원
2069,L2094,L,2094,bool,alm,1,0,,,,,2#상하 2 수동 미환원
2070,L2095,L,2095,bool,alm,1,0,,,,,2#상하 3 수동 미환원
2071,L2096,L,2096,bool,alm,1,0,,,,,2#상하 4 수동 미환원
2072,L2097,L,2097,bool,alm,1,0,,,,,5#조립상하 2 수동 미환원
2073,L3001,L,3001,bool,alm,1,0,,,,,0# 이온 송풍 전자 밸브 수동 이상
2074,L3002,L,3002,bool,alm,1,0,,,,,1# 자재 투입 상하 1 실린더 이상
2075,L3003,L,3003,bool,alm,1,0,,,,,1# 자재 투입 회전 실린더 이상
2076,L3004,L,3004,bool,alm,1,0,,,,,1# 자재 투입 그립퍼 1 이상
2077,L3005,L,3005,bool,alm,1,0,,,,,1# 자재 투입 그립퍼 2 이상
2078,L3006,L,3006,bool,alm,1,0,,,,,1# 자재 투입 그립퍼 3 이상
2079,L3007,L,3007,bool,alm,1,0,,,,,1# 자재 투입 그립퍼 4 이상
2080,L3008,L,3008,bool,alm,1,0,,,,,1# 자재 피킹 전후 실린더 이상
2081,L3009,L,3009,bool,alm,1,0,,,,,1# 자재 피킹 실린더 이상
2082,L3010,L,3010,bool,alm,1,0,,,,,2# 가림막 상하 실린더 이상
2083,L3011,L,3011,bool,alm,1,0,,,,,2# 집진 블로잉 이상
2084,L3012,L,3012,bool,alm,1,0,,,,,3# 가림막 상하 실린더 이상
2085,L3013,L,3013,bool,alm,1,0,,,,,3# 집진 블로잉 이상
2086,L3014,L,3014,bool,alm,1,0,,,,,4# 가림막 상하 실린더 이상
2087,L3015,L,3015,bool,alm,1,0,,,,,4# 집진 블로잉 이상
2088,L3016,L,3016,bool,alm,1,0,,,,,5# 자재 분활 실린더 이상
2089,L3017,L,3017,bool,alm,1,0,,,,,5# 자재 가림 실린더 이상
2090,L3018,L,3018,bool,alm,1,0,,,,,5# 자재 밀어내기 1 실린더 이상
2091,L3019,L,3019,bool,alm,1,0,,,,,5# 자재 밀어내기 2 실린더 이상
2092,L3020,L,3020,bool,alm,1,0,,,,,5# 자재 밀어내기 3 실린더 이상
2093,L3021,L,3021,bool,alm,1,0,,,,,5# 자재 밀어내기 4 실린더 이상
2094,L3022,L,3022,bool,alm,1,0,,,,,5# 자재 피킹 전후 실린더 이상
2095,L3023,L,3023,bool,alm,1,0,,,,,5# 자재 피킹 가로 이동 실린더 이상
2096,L3024,L,3024,bool,alm,1,0,,,,,5# 상부로 올리는 1 실린더 이상
2097,L3025,L,3025,bool,alm,1,0,,,,,5# 상부로 올리는 2 실린더 이상
2098,L3026,L,3026,bool,alm,1,0,,,,,5# 상부로 올리는 3 실린더 이상
2099,L3027,L,3027,bool,alm,1,0,,,,,5# 상부로 올리는 4 실린더 이상
2100,L3028,L,3028,bool,alm,1,0,,,,,5# 회전 1 실린더 이상
2101,L3029,L,3029,bool,alm,1,0,,,,,5# 회전 2 실린더 이상
2102,L3030,L,3030,bool,alm,1,0,,,,,5# 회전 3 실린더 이상
2103,L3031,L,3031,bool,alm,1,0,,,,,5# 회전 4 실린더 이상
2104,L3032,L,3032,bool,alm,1,0,,,,,5# 자재 받는 전후 실린더 이상
2105,L3033,L,3033,bool,alm,1,0,,,,,5# 자재 받고 가로이동 실린더 이상
2106,L3034,L,3034,bool,alm,1,0,,,,,5# 자재 받고 자재 밀어내기 1 실린더 이상
2107,L3035,L,3035,bool,alm,1,0,,,,,5# 자재 받고 자재 밀어내기 2 실린더 이상
2108,L3036,L,3036,bool,alm,1,0,,,,,5# 자재 받고 자재 밀어내기 3 실린더 이상
2109,L3037,L,3037,bool,alm,1,0,,,,,5# 자재 받고 자재 밀어내기 4 실린더 이상
2110,L3038,L,3038,bool,alm,1,0,,,,,5# 조립 상부 올리기 실린더 이상
2111,L3039,L,3039,bool,alm,1,0,,,,,5# 조립 가로 이동 실린더 이상
2112,L3040,L,3040,bool,alm,1,0,,,,,5# 조립 상하 1 실린더 이상
2113,L3041,L,3041,bool,alm,1,0,,,,,5# 조립 진공 1 이상
2114,L3042,L,3042,bool,alm,1,0,,,,,5# 조립 진공 2 이상
2115,L3043,L,3043,bool,alm,1,0,,,,,5# 조립 진공 3 이상
2116,L3044,L,3044,bool,alm,1,0,,,,,5# 조립 진공 4 이상
2117,L3045,L,3045,bool,alm,1,0,,,,,실린더 이상
2118,L3046,L,3046,bool,alm,1,0,,,,,이상 함
2119,L3047,L,3047,bool,alm,1,0,,,,,이상 함
2120,L3048,L,3048,bool,alm,1,0,,,,,실린더 이상
2121,L3049,L,3049,bool,alm,1,0,,,,,5# 위치 고정 그립퍼 1 이상
2122,L3050,L,3050,bool,alm,1,0,,,,,5# 위치 고정 그립퍼 2 이상
2123,L3051,L,3051,bool,alm,1,0,,,,,5# 위치 고정 그립퍼 3 이상
2124,L3052,L,3052,bool,alm,1,0,,,,,5# 위치 고정 그립퍼 4 이상
2125,L3053,L,3053,bool,alm,1,0,,,,,6#자재 Pick up 가로이동 실린더 이상
2126,L3054,L,3054,bool,alm,1,0,,,,,6#자재 Pick up 상하 실린더 이상
2127,L3055,L,3055,bool,alm,1,0,,,,,6#자재 Pick up 그립퍼 1 이상
2128,L3056,L,3056,bool,alm,1,0,,,,,6#자재 Pick up 그립퍼 2 이상
2129,L3057,L,3057,bool,alm,1,0,,,,,6#자재 Pick up 그립퍼 3 이상
2130,L3058,L,3058,bool,alm,1,0,,,,,6#자재 Pick up 그립퍼 4 이상
2131,L3059,L,3059,bool,alm,1,0,,,,,6#자재 밀기 그립퍼 이상
2132,L3060,L,3060,bool,alm,1,0,,,,,6#불량 배출 1 실린더 이상
2133,L3061,L,3061,bool,alm,1,0,,,,,6#불량 배출 2 실린더 이상
2134,L3062,L,3062,bool,alm,1,0,,,,,6#불량 배출 3 실린더 이상
2135,L3063,L,3063,bool,alm,1,0,,,,,6#불량 배출 4 실린더 이상
2136,L3064,L,3064,bool,alm,1,0,,,,,6# flip 실린더 이상
2137,L3065,L,3065,bool,alm,1,0,,,,,6# flip 밀어내기 실린더 이상
2138,L3090,L,3090,bool,alm,1,0,,,,,1# 자재 투입 상하 2 실린더 이상
2139,L3091,L,3091,bool,alm,1,0,,,,,2#자재 피킹  실린더 이상
2140,L3092,L,3092,bool,alm,1,0,,,,,2#자재 피킹 전후 실린더 이상
2141,L3093,L,3093,bool,alm,1,0,,,,,2#상하 1 실린더 이상
2142,L3094,L,3094,bool,alm,1,0,,,,,2#상하 2 실린더 이상
2143,L3095,L,3095,bool,alm,1,0,,,,,2#상하 3 실린더 이상
2144,L3096,L,3096,bool,alm,1,0,,,,,2#상하 4 실린더 이상
2145,L3097,L,3097,bool,alm,1,0,,,,,5#조립 상하 2 실린더 이상
2146,L800,L,800,bool,alm,1,0,,,,,리셋 시간 초과
2147,L801,L,801,bool,alm,1,0,,,,,턴테이블이 원점을 찾지 못해 알람이 울림
2148,L802,L,802,bool,alm,1,0,,,,,턴테이블 조건 부족(일시정지/안전문/급 정지)
2149,L816,L,816,bool,alm,1,0,,,,,5#조립에 자재가 부족하다-X178
2150,L817,L,817,bool,alm,1,0,,,,,5#조립에 자재가 부족하다-X179
2151,L818,L,818,bool,alm,1,0,,,,,5#조립에 자재가 부족하다-X17A
2152,L819,L,819,bool,alm,1,0,,,,,5#조립에 자재가 부족하다-X17B
2153,L821,L,821,bool,alm,1,0,,,,,ST19 턴테이블 조건이 부족합니다.
2154,L822,L,822,bool,alm,1,0,,,,,ST20 턴테이블 조건이 부족합니다.
2155,L823,L,823,bool,alm,1,0,,,,,위치 결정 모듈 1 고장
2156,L824,L,824,bool,alm,1,0,,,,,위치 결정 모듈 2 고장
2157,L825,L,825,bool,alm,1,0,,,,,위치 결정 모듈 3 고장
2158,L826,L,826,bool,alm,1,0,,,,,위치 결정 모듈 4 고장
2159,L827,L,827,bool,alm,1,0,,,,,위치 결정 모듈 5 고장
2160,L828,L,828,bool,alm,1,0,,,,,위치 결정 모듈 6 고장
2161,L829,L,829,bool,alm,1,0,,,,,위치 결정 모듈 7 고장
2162,L830,L,830,bool,alm,1,0,,,,,ST0 유닛 복귀 시간 초과
2163,L831,L,831,bool,alm,1,0,,,,,ST1 유닛 복귀 시간 초과
2164,L832,L,832,bool,alm,1,0,,,,,ST2 유닛 복귀 시간 초과
2165,L833,L,833,bool,alm,1,0,,,,,ST3 유닛 복귀 시간 초과
2166,L834,L,834,bool,alm,1,0,,,,,ST4 유닛 복귀 시간 초과
2167,L835,L,835,bool,alm,1,0,,,,,ST5 유닛 복귀 시간 초과
2168,L836,L,836,bool,alm,1,0,,,,,ST6 유닛 복귀 시간 초과
2169,L860,L,860,bool,alm,1,0,,,,,저기압 알람
2170,L991,L,991,bool,alm,1,0,,,,,급정지가 눌러져 있음
2171,L992,L,992,bool,alm,1,0,,,,,일시정지 버튼이 눌려져 있음
2172,L993,L,993,bool,alm,1,0,,,,,안전문이 이미 열렸습니다.
2173,L994,L,994,bool,alm,1,0,,,,,에어 공급원  열리지 않음
2174,L2066,L,2066,bool,alm,1,0,,,,,7#자재 피킹 전후 수동 미환원
2175,L2067,L,2067,bool,alm,1,0,,,,,7#자재 피킹 가로 이동1 수동 미환원
2176,L2068,L,2068,bool,alm,1,0,,,,,7#자재 피킹 가로 이동2 수동 미환원
2177,L2069,L,2069,bool,alm,1,0,,,,,8#자재 피킹 전후 수동 미환원
2178,L2070,L,2070,bool,alm,1,0,,,,,8#자재 피킹 가로 이동 수동 미환원
2179,L2071,L,2071,bool,alm,1,0,,,,,8#씰제 받기전후 수동 미환원
2180,L2072,L,2072,bool,alm,1,0,,,,,9#자재 피킹 전후 수동 미환원
2181,L2073,L,2073,bool,alm,1,0,,,,,9#자재 피킹 가로이동 1 수동 미환원
2182,L2074,L,2074,bool,alm,1,0,,,,,9#자재 피킹 가로이동 2 수동 미환원
2183,L2075,L,2075,bool,alm,1,0,,,,,10#자재 밀어내기 수동 미환원
2184,L2076,L,2076,bool,alm,1,0,,,,,10# 가림막 상하 수동 미환원
2185,L2077,L,2077,bool,alm,1,0,,,,,10# 자재 돌림 1 수동 미환원
2186,L2078,L,2078,bool,alm,1,0,,,,,10# 자재 돌림 2 수동 미환원
2187,L2079,L,2079,bool,alm,1,0,,,,,10# 자재 돌림 3 수동 미환원
2188,L2080,L,2080,bool,alm,1,0,,,,,10# 자재 돌림 4 수동 미환원
2189,L2081,L,2081,bool,alm,1,0,,,,,10# 자재 돌림 5 수동 미환원
2190,L2082,L,2082,bool,alm,1,0,,,,,10# 자재 돌림 6 수동 미환원
2191,L2083,L,2083,bool,alm,1,0,,,,,10# 자재 돌림 7 수동 미환원
2192,L2084,L,2084,bool,alm,1,0,,,,,10# 자재 돌림 8 수동 미환원
2193,L2085,L,2085,bool,alm,1,0,,,,,11# 자재 피킹 전후 수동 미환원
2194,L2086,L,2086,bool,alm,1,0,,,,,11# 자재 피킹 가로 이동 1 수동 미환원
2195,L2087,L,2087,bool,alm,1,0,,,,,11# 자재 피킹 가로 이동 2 수동 미환원
2196,L2088,L,2088,bool,alm,1,0,,,,,12# 자재 피킹 전후 수동 미환원
2197,L2089,L,2089,bool,alm,1,0,,,,,12# 가림막 상하 수동 미환원
2198,L2100,L,2100,bool,alm,1,0,,,,,12# 오배료 수동 미환원
2199,L2101,L,2101,bool,alm,1,0,,,,,12# 배출 스토퍼 수동 미환원
2200,L2102,L,2102,bool,alm,1,0,,,,,12# 배출 및 푸셔 수동 미환원
2201,L2103,L,2103,bool,alm,1,0,,,,,12# 배출 위치 결정 수동 미환원
2202,L3066,L,3066,bool,alm,1,0,,,,,7#자재 피킹 전후 실린더 이상
2203,L3067,L,3067,bool,alm,1,0,,,,,7#자재 피킹 가로이동 1 실린더 이상
2204,L3068,L,3068,bool,alm,1,0,,,,,7#자재 피킹 가로이동 2 실린더 이상
2205,L3069,L,3069,bool,alm,1,0,,,,,7#자재 피킹 전후 실린더 이상
2206,L3070,L,3070,bool,alm,1,0,,,,,7#자재 피킹 가로이동 실린더 이상
2207,L3071,L,3071,bool,alm,1,0,,,,,8#씰제 받기 전후 실린더 이상
2208,L3072,L,3072,bool,alm,1,0,,,,,9#자재 피킹 전후 실린더 이상
2209,L3073,L,3073,bool,alm,1,0,,,,,9#자재 피킹 가로이동 1 실린더 이상
2210,L3074,L,3074,bool,alm,1,0,,,,,9#자재 피킹 가로이동 2 실린더 이상
2211,L3075,L,3075,bool,alm,1,0,,,,,10# 자재 밀어내기 실린더 이상
2212,L3076,L,3076,bool,alm,1,0,,,,,10# 자재 막기 실린더 이상
2213,L3077,L,3077,bool,alm,1,0,,,,,10# 자재 돌림 1 실린더 이상
2214,L3078,L,3078,bool,alm,1,0,,,,,10# 자재 돌림 2 실린더 이상
2215,L3079,L,3079,bool,alm,1,0,,,,,10# 자재 돌림 3 실린더 이상
2216,L3080,L,3080,bool,alm,1,0,,,,,10# 자재 돌림 4 실린더 이상
2217,L3081,L,3081,bool,alm,1,0,,,,,10# 자재 돌림 5 실린더 이상
2218,L3082,L,3082,bool,alm,1,0,,,,,10# 자재 돌림 6 실린더 이상
2219,L3083,L,3083,bool,alm,1,0,,,,,10# 자재 돌림 7 실린더 이상
2220,L3084,L,3084,bool,alm,1,0,,,,,10# 자재 돌림 8 실린더 이상
2221,L3085,L,3085,bool,alm,1,0,,,,,11#자재 피킹 전후 실린더 이상
2222,L3086,L,3086,bool,alm,1,0,,,,,11#자재 피킹 가로이동 1 실린더 이상
2223,L3087,L,3087,bool,alm,1,0,,,,,11#자재 피킹 가로이동 2 실린더 이상
2224,L3088,L,3088,bool,alm,1,0,,,,,12#자재 피킹 전후 실린더 이상
2225,L3089,L,3089,bool,alm,1,0,,,,,12# 자재 막기 실린더 이상
2226,L3100,L,3100,bool,alm,1,0,,,,,12# 디퍼렌셜 실린더 이상
2227,L3101,L,3101,bool,alm,1,0,,,,,12# 드레인 기어 실린더 이상
2228,L3102,L,3102,bool,alm,1,0,,,,,12# 드레인 푸시 실린더 이상
2229,L3103,L,3103,bool,alm,1,0,,,,,12# 드레인 위치 결정 실린더 이상
2230,L799,L,799,bool,alm,1,0,,,,,리셋 시간 초과
2231,L837,L,837,bool,alm,1,0,,,,,ST7 유닛 복귀 시간 초과
2232,L838,L,838,bool,alm,1,0,,,,,ST8 유닛 복귀 시간 초과
2233,L839,L,839,bool,alm,1,0,,,,,ST9 유닛 복귀 시간 초과
2234,L840,L,840,bool,alm,1,0,,,,,ST10 유닛 복귀 시간 초과
2235,L841,L,841,bool,alm,1,0,,,,,ST11 유닛 복귀 시간 초과
2236,L842,L,842,bool,alm,1,0,,,,,ST12 유닛 복귀 시간 초과
2237,L843,L,843,bool,alm,1,0,,,,,ST13 유닛 복귀 시간 초과
2238,L844,L,844,bool,alm,1,0,,,,,ST14 유닛 복귀 시간 초과
2239,L845,L,845,bool,alm,1,0,,,,,ST14 유닛 복귀 시간 초과
2240,L846,L,846,bool,alm,1,0,,,,,ST15 유닛 복귀 시간 초과
2241,L847,L,847,bool,alm,1,0,,,,,ST16 유닛 복귀 시간 초과
2242,L848,L,848,bool,alm,1,0,,,,,ST17 유닛 복귀 시간 초과
2243,L849,L,849,bool,alm,1,0,,,,,ST18 유닛 복귀 시간 초과
2244,L850,L,850,bool,alm,1,0,,,,,ST19 유닛 복귀 시간 초과
2245,L861,L,861,bool,alm,1,0,,,,,#8 본딩 서보 알람
2246,L863,L,863,bool,alm,1,0,,,,,12자재 피킹 서보 알람
2247,L864,L,864,bool,alm,1,0,,,,,12#자재 밀어내기 서보 알람
2248,L880,L,880,bool,alm,1,0,,,,,저기압 알람
2249,L881,L,881,bool,alm,1,0,,,,,8#본딩 마이너스 리미트 이상
2250,L883,L,883,bool,alm,1,0,,,,,12자재 피킹 마이너스 리미트 이상
2251,L884,L,884,bool,alm,1,0,,,,,12#자재 밀어내기 마이너스 리미트 이상
2252,L901,L,901,bool,alm,1,0,,,,,8#본딩 플러스 리미트 이상
2253,L903,L,903,bool,alm,1,0,,,,,12#자재 피킹 플러스 리미트 이상
2254,L904,L,904,bool,alm,1,0,,,,,12#자재 밀어내기 플러스 리미트 이상
2255,L995,L,995,bool,alm,1,0,,,,,급정지가 눌러져 있음
2256,L996,L,996,bool,alm,1,0,,,,,일시정지 버튼이 눌려져 있음
2257,L997,L,997,bool,alm,1,0,,,,,안전문이 이미 열렸습니다.
2258,L700,L,700,bool,action,1,0,,,,,리셋  되지 않음
2259,L730,L,730,bool,action,1,0,,,,,5# 연속불량검출  검사바랍니다!
2260,L731,L,731,bool,action,1,0,,,,,5#진공검사 연속불량 발생입니다 확인해 주세요
2261,L732,L,732,bool,action,1,0,,,,,6#검사연속불량 발생됩니다 검사해 주세요
2262,L735,L,735,bool,action,1,0,,,,,5#IV촬영 시간 초과！
2263,L782,L,782,bool,action,1,0,,,,,5#HOPPER 재료 부족!
2264,L783,L,783,bool,action,1,0,,,,,6#추출 허가 대기!
2265,L790,L,790,bool,action,1,0,,,,,1#자재 부족
2266,L791,L,791,bool,action,1,0,,,,,5#조립 자재 부족
2267,L792,L,792,bool,action,1,0,,,,,5#두입 자재 부족
2268,M1001,M,1001,bool,action,1,0,,,,,1#자재오기를 기다립니다
2269,M1005,M,1005,bool,action,1,0,,,,,5#자재오기를 기다립니다1
2270,M1006,M,1006,bool,action,1,0,,,,,5#자재오기를 기다립니다2
2271,L699,L,699,bool,action,1,0,,,,,리셋  되지 않음
2272,L701,L,701,bool,action,1,0,,,,,8#씰링 서보 원점으로 돌아가지 않음
2273,L702,L,702,bool,action,1,0,,,,,12#자재 피킹 서보 원점으로 돌아가지 않음
2274,L703,L,703,bool,action,1,0,,,,,12#자재 밀어내기 서보 원점으로 돌아가지 않음
2275,L706,L,706,bool,action,1,0,,,,,1#접착제 사용 횟수가 도달하다
2276,L707,L,707,bool,action,1,0,,,,,2#접착제 사용 횟수가 도달하다
2277,L708,L,708,bool,action,1,0,,,,,접착제 1 무게가 너무 낮습니다. 확인해주세요.
2278,L709,L,709,bool,action,1,0,,,,,접착제 2 무게가 너무 낮습니다. 확인해주세요.
2279,L780,L,780,bool,action,1,0,,,,,12# 자재 배출 직진 피트 만재
2280,L781,L,781,bool,action,1,0,,,,,7# 재료 대기 중!
5000,D3902,D,3902,int32,plc_product_data,1,0,,8,,,measurement_line_test02_status_ascii
5001,D3904,D,3904,int32,plc_product_data,1,0,,8,,,measurement_line_test02_on_l_int
5002,D3906,D,3906,int32,plc_product_data,1,0,,8,,,measurement_line_test02_off_l_int
5003,D3908,D,3908,int32,plc_product_data,1,0,,8,,,measurement_line_test02_on_r_int
5004,D3910,D,3910,int32,plc_product_data,1,0,,8,,,measurement_line_test02_off_r_int
5005,D3912,D,3912,int32,plc_product_data,1,0,,8,,,measurement_line_test03_leave_status_ascii
5006,D3914,D,3914,float32,plc_product_data,1,0,2,,,,measurement_line_test03_leave_force_l_real
5007,D3916,D,3916,float32,plc_product_data,1,0,2,,,,measurement_line_test03_leave_force_r_real
5008,D3918,D,3918,float32,plc_product_data,1,0,2,,,,measurement_line_test03_height_l_real
5009,D3920,D,3920,float32,plc_product_data,1,0,2,,,,measurement_line_test03_height_r_real
5010,D3922,D,3922,int16,plc_product_data,1,0,,4,,,measurement_line_test03_appearance_ccd_ascii_status
5011,D3924,D,3924,float32,plc_product_data,1,0,2,,,,measurement_line_test03_height_l_ccd_real_distance
5012,D3926,D,3926,float32,plc_product_data,1,0,2,,,,measurement_line_test03_height_r_ccd_real_distance
5013,D3928,D,3928,int32,plc_product_data,1,0,,8,,,measurement_line_test05_status_ascii
5014,D3930,D,3930,float32,plc_product_data,1,0,2,,,,measurement_line_test05_pressure_l_real
5015,D3932,D,3932,int32,plc_product_data,1,0,,8,,,measurement_line_test06_status_ascii
5016,D3934,D,3934,float32,plc_product_data,1,0,2,,,,measurement_line_test06_pressure_r_real
5017,D3936,D,3936,int32,plc_product_data,1,0,,8,,,measurement_line_test07_open_status_ascii
5018,D3938,D,3938,float32,plc_product_data,1,0,2,,,,measurement_line_test07_open_voltage_real
5019,D3940,D,3940,float32,plc_product_data,1,0,2,,,,measurement_line_test07_reset_voltage_real
5020,D3942,D,3942,float32,plc_product_data,1,0,2,,,,measurement_line_test07_sync_time_real
5021,D3944,D,3944,int32,plc_product_data,1,0,,8,,,measurement_line_test08_status_ascii
5022,D3946,D,3946,float32,plc_product_data,1,0,2,,,,measurement_line_test08_ng_voltage_real
5023,D3950,D,3950,int32,plc_product_data,1,0,,8,,,measurement_line_test03_height_status_ascii
5024,D3952,D,3952,int16,plc_product_data,1,0,,4,,,measurement_line_test03_status_ccd_ascii_status
5025,L5,L,5,bool,plc_product_data,1,0,,,,,measurement_line_production_count_clear
5026,X107,X,107,bool,plc_product_data,1,0,,,,,action_line_cycle_start_button
5027,D1600,D,1600,uint32,plc_setting_data,1,0,,6,,,setting_st01_glue_count_setting
5028,D1610,D,1610,uint32,plc_product_data,1,0,,6,,,counter_st01_glue_count_current
5029,L30,L,30,bool,plc_product_data,1,0,,,,,measurement_st01_count_clear
5030,L141,L,141,bool,plc_product_data,1,0,,,,,status_st01_active
5031,L161,L,161,bool,plc_product_data,1,0,,,,,status_st01_empty
5032,L1151,L,1151,bool,plc_setting_data,1,0,,,,,setting_st01_station_mask
5033,L1200,L,1200,bool,plc_setting_data,1,0,,,,,setting_st01_mask
5034,X111,X,111,bool,plc_product_data,1,0,,,,,measurement_st01_station_01_end
5035,X113,X,113,bool,plc_product_data,1,0,,,,,measurement_st01_station_01_supply_rotary_end
5036,X167,X,167,bool,plc_product_data,1,0,,,,,measurement_st01_station_01_02_end
5037,X170,X,170,bool,plc_product_data,1,0,,,,,measurement_st01_station_01_material_arrive_01
5038,X171,X,171,bool,plc_product_data,1,0,,,,,measurement_st01_station_01_material_arrive_02
5039,D266,D,266,uint32,plc_product_data,1,0,,6,,,counter_st02_product_detect_current_count
5040,D268,D,268,uint32,plc_setting_data,1,0,,6,,,setting_st02_product_detect_count_setting
5041,D270,D,270,float32,plc_product_data,,0,,8,,,judgment_st02_product_01_result_display
5042,D272,D,272,float32,plc_product_data,,0,,8,,,judgment_st02_product_02_result_display
5043,D274,D,274,float32,plc_product_data,,0,,8,,,judgment_st02_product_03_result_display
5044,D276,D,276,float32,plc_product_data,,0,,8,,,judgment_st02_product_04_result_display
5045,D1522,D,1522,int16,plc_setting_data,1,0,,4,,,setting_st02_station_02_duration_ms_01
5046,D1602,D,1602,uint32,plc_setting_data,1,0,,6,,,setting_st02_glue_count_setting
5047,D1612,D,1612,uint32,plc_product_data,1,0,,6,,,counter_st02_glue_count_current
5048,L31,L,31,bool,plc_product_data,1,0,,,,,measurement_st02_count_clear
5049,L142,L,142,bool,plc_product_data,1,0,,,,,status_st02_active
5050,L162,L,162,bool,plc_product_data,1,0,,,,,status_st02_empty
5051,L216,L,216,bool,plc_product_data,1,0,,,,,measurement_st02_clear
5052,L1152,L,1152,bool,plc_setting_data,1,0,,,,,setting_st02_station_mask
5053,X119,X,119,bool,plc_product_data,1,0,,,,,measurement_st02_station_02_sensor
5054,X131,X,131,bool,plc_product_data,1,0,,,,,measurement_st02_station_02_02_end
5055,D300,D,300,float32,plc_product_data,,0,,8,,,measurement_st03_product_01_analog_data
5056,D302,D,302,float32,plc_product_data,,0,,8,,,measurement_st03_product_02_analog_data
5057,D330,D,330,float32,plc_product_data,,0,,8,,,measurement_st03_product_01_pressure
5058,D332,D,332,float32,plc_product_data,,0,,8,,,measurement_st03_product_02_pressure
5059,D390,D,390,float32,plc_setting_data,,0,,8,,,setting_st03_ccd_01_gap_upper
5060,D392,D,392,float32,plc_setting_data,,0,,8,,,setting_st03_ccd_01_gap_lower
5061,D394,D,394,float32,plc_setting_data,,0,,8,,,setting_st03_ccd_02_gap_upper
5062,D396,D,396,float32,plc_setting_data,,0,,8,,,setting_st03_ccd_02_gap_lower
5063,D490,D,490,float32,plc_product_data,,0,,8,,,measurement_st03_01_updown_pressure_flot2
5064,D492,D,492,float32,plc_product_data,,0,,8,,,measurement_st03_02_updown_pressure_flot2
5065,D1526,D,1526,int16,plc_setting_data,1,0,,4,,,setting_st03_station_03_duration_ms_01
5066,D6000,D,6000,float32,plc_product_data,,0,,8,,,measurement_st03_updown_01_pressure_save_position
5067,D8000,D,8000,float32,plc_product_data,,0,,8,,,measurement_st03_updown_02_pressure_save_position
5068,M220,M,220,bool,plc_product_data,1,0,,,,,judgment_st03_ccd_01_ok
5069,M221,M,221,bool,plc_product_data,1,0,,,,,judgment_st03_ccd_01_ng
5070,M222,M,222,bool,plc_product_data,1,0,,,,,judgment_st03_ccd_02_ok
5071,M223,M,223,bool,plc_product_data,1,0,,,,,judgment_st03_ccd_02_ng
5072,L143,L,143,bool,plc_product_data,1,0,,,,,status_st03_active
5073,L163,L,163,bool,plc_product_data,1,0,,,,,status_st03_empty
5074,L200,L,200,bool,plc_product_data,1,0,,,,,measurement_st03_ccd_01_clear
5075,L201,L,201,bool,plc_product_data,1,0,,,,,measurement_st03_ccd_02_clear
5076,L202,L,202,bool,plc_product_data,1,0,,,,,measurement_st03_01_gap_clear
5077,L203,L,203,bool,plc_product_data,1,0,,,,,measurement_st03_01_release_force_clear
5078,L204,L,204,bool,plc_product_data,1,0,,,,,measurement_st03_02_gap_clear
5079,L205,L,205,bool,plc_product_data,1,0,,,,,measurement_st03_02_release_force_clear
5080,L650,L,650,bool,plc_product_data,1,0,,,,,measurement_st03_01_detect_reset
5081,L651,L,651,bool,plc_product_data,1,0,,,,,measurement_st03_02_detect_reset
5082,L1153,L,1153,bool,plc_setting_data,1,0,,,,,setting_st03_station_mask
5083,X11B,X,11B,bool,plc_product_data,1,0,,,,,measurement_st03_station_03_sensor
5084,D304,D,304,float32,plc_product_data,,0,,8,,,measurement_st04_product_01_analog_data
5085,D306,D,306,float32,plc_product_data,,0,,8,,,measurement_st04_product_02_analog_data
5086,D334,D,334,float32,plc_product_data,,0,,8,,,measurement_st04_product_01_pressure
5087,D336,D,336,float32,plc_product_data,,0,,8,,,measurement_st04_product_02_pressure
5088,D494,D,494,float32,plc_product_data,,0,,8,,,measurement_st04_01_updown_pressure_flot2
5089,D496,D,496,float32,plc_product_data,,0,,8,,,measurement_st04_02_updown_pressure_flot2
5090,D1530,D,1530,int16,plc_setting_data,1,0,,4,,,setting_st04_station_04_duration_ms_01
5091,D11000,D,11000,float32,plc_product_data,,0,,8,,,measurement_st04_updown_01_pressure_save_position
5092,D13000,D,13000,float32,plc_product_data,,0,,8,,,measurement_st04_updown_02_pressure_save_position
5093,M224,M,224,bool,plc_product_data,1,0,,,,,judgment_st04_ccd_01_ok
5094,M225,M,225,bool,plc_product_data,1,0,,,,,judgment_st04_ccd_01_ng
5095,M226,M,226,bool,plc_product_data,1,0,,,,,judgment_st04_ccd_02_ok
5096,M227,M,227,bool,plc_product_data,1,0,,,,,judgment_st04_ccd_02_ng
5097,L144,L,144,bool,plc_product_data,1,0,,,,,status_st04_active
5098,L164,L,164,bool,plc_product_data,1,0,,,,,status_st04_empty
5099,L210,L,210,bool,plc_product_data,1,0,,,,,measurement_st04_01_ccd_01_clear
5100,L211,L,211,bool,plc_product_data,1,0,,,,,measurement_st04_01_ccd_02_clear
5101,L212,L,212,bool,plc_product_data,1,0,,,,,measurement_st04_01_gap_clear
5102,L213,L,213,bool,plc_product_data,1,0,,,,,measurement_st04_01_release_force_clear
5103,L214,L,214,bool,plc_product_data,1,0,,,,,measurement_st04_02_gap_clear
5104,L215,L,215,bool,plc_product_data,1,0,,,,,measurement_st04_02_release_force_clear
5105,L652,L,652,bool,plc_product_data,1,0,,,,,measurement_st04_01_detect_reset
5106,L653,L,653,bool,plc_product_data,1,0,,,,,measurement_st04_02_detect_reset
5107,L1154,L,1154,bool,plc_setting_data,1,0,,,,,setting_st04_station_mask
5108,X11D,X,11D,bool,plc_product_data,1,0,,,,,measurement_st04_station_04_sensor
5109,D308,D,308,float32,plc_product_data,,0,,8,,,measurement_st05_product_01_analog_data
5110,D310,D,310,float32,plc_product_data,,0,,8,,,measurement_st05_product_02_analog_data
5111,D312,D,312,float32,plc_product_data,,0,,8,,,measurement_st05_product_03_analog_data
5112,D314,D,314,float32,plc_product_data,,0,,8,,,measurement_st05_product_04_analog_data
5113,D338,D,338,float32,plc_product_data,,0,,8,,,measurement_st05_product_01_pressure
5114,D340,D,340,float32,plc_product_data,,0,,8,,,measurement_st05_product_02_pressure
5115,D342,D,342,float32,plc_product_data,,0,,8,,,measurement_st05_product_03_pressure
5116,D344,D,344,float32,plc_product_data,,0,,8,,,measurement_st05_product_04_pressure
5117,D1540,D,1540,int16,plc_setting_data,1,0,,4,,,setting_st05_continuous_ng_setting
5118,D1544,D,1544,int16,plc_setting_data,1,0,,4,,,setting_st05_vacuum_continuous_ng_setting
5119,D2620,D,2620,float32,plc_product_data,,0,,8,,,measurement_st05_01_pressure
5120,D2622,D,2622,float32,plc_product_data,,0,,8,,,measurement_st05_02_pressure
5121,D2624,D,2624,float32,plc_product_data,,0,,8,,,measurement_st05_03_pressure
5122,D2626,D,2626,float32,plc_product_data,,0,,8,,,measurement_st05_04_pressure
5123,D2700,D,2700,int16,plc_product_data,1,0,,4,,,judgment_st05_01_ok
5124,D2702,D,2702,int16,plc_product_data,1,0,,4,,,judgment_st05_01_ng
5125,D2704,D,2704,int16,plc_product_data,1,0,,4,,,judgment_st05_02_ok
5126,D2706,D,2706,int16,plc_product_data,1,0,,4,,,judgment_st05_02_ng
5127,D2708,D,2708,int16,plc_product_data,1,0,,4,,,judgment_st05_03_ok
5128,D2710,D,2710,int16,plc_product_data,1,0,,4,,,judgment_st05_03_ng
5129,D2712,D,2712,int16,plc_product_data,1,0,,4,,,judgment_st05_04_ok
5130,D2714,D,2714,int16,plc_product_data,1,0,,4,,,judgment_st05_04_ng
5131,L145,L,145,bool,plc_product_data,1,0,,,,,status_st05_active
5132,L165,L,165,bool,plc_product_data,1,0,,,,,status_st05_empty
5133,L218,L,218,bool,plc_product_data,1,0,,,,,measurement_st05_01_clear
5134,L219,L,219,bool,plc_product_data,1,0,,,,,measurement_st05_02_clear
5135,L220,L,220,bool,plc_product_data,1,0,,,,,measurement_st05_03_clear
5136,L221,L,221,bool,plc_product_data,1,0,,,,,measurement_st05_04_clear
5137,L417,L,417,bool,plc_product_data,1,0,,,,,measurement_st05_push_01_trigger
5138,L418,L,418,bool,plc_product_data,1,0,,,,,measurement_st05_push_02_trigger
5139,L419,L,419,bool,plc_product_data,1,0,,,,,measurement_st05_push_03_trigger
5140,L420,L,420,bool,plc_product_data,1,0,,,,,measurement_st05_push_04_trigger
5141,L434,L,434,bool,plc_product_data,1,0,,,,,measurement_st05_receive_push_01_trigger
5142,L435,L,435,bool,plc_product_data,1,0,,,,,measurement_st05_receive_push_02_trigger
5143,L436,L,436,bool,plc_product_data,1,0,,,,,measurement_st05_receive_push_03_trigger
5144,L437,L,437,bool,plc_product_data,1,0,,,,,measurement_st05_receive_push_04_trigger
5145,L654,L,654,bool,plc_product_data,1,0,,,,,measurement_st05_01_detect_reset
5146,L655,L,655,bool,plc_product_data,1,0,,,,,measurement_st05_02_detect_reset
5147,L656,L,656,bool,plc_product_data,1,0,,,,,measurement_st05_03_detect_reset
5148,L657,L,657,bool,plc_product_data,1,0,,,,,measurement_st05_04_detect_reset
5149,L1155,L,1155,bool,plc_setting_data,1,0,,,,,setting_st05_station_mask
5150,L1201,L,1201,bool,plc_setting_data,1,0,,,,,setting_st05_mask
5151,L1202,L,1202,bool,plc_setting_data,1,0,,,,,setting_st05_mask
5152,L1205,L,1205,bool,plc_setting_data,1,0,,,,,setting_st05_iv_mask
5153,L1206,L,1206,bool,plc_setting_data,1,0,,,,,setting_st05_vacuum_mask
5154,L1207,L,1207,bool,plc_setting_data,1,0,,,,,setting_st05_detect_mask
5155,X122,X,122,bool,plc_product_data,1,0,,,,,measurement_st05_receive_push_01_origin
5156,X123,X,123,bool,plc_product_data,1,0,,,,,measurement_st05_station_05_material_01_end
5157,X124,X,124,bool,plc_product_data,1,0,,,,,measurement_st05_receive_push_02_origin
5158,X125,X,125,bool,plc_product_data,1,0,,,,,measurement_st05_station_05_material_material_02
5159,X126,X,126,bool,plc_product_data,1,0,,,,,measurement_st05_receive_push_03_origin
5160,X127,X,127,bool,plc_product_data,1,0,,,,,measurement_st05_receive_push_03_end
5161,X128,X,128,bool,plc_product_data,1,0,,,,,measurement_st05_receive_push_04_origin
5162,X129,X,129,bool,plc_product_data,1,0,,,,,measurement_st05_station_05_material_04_end
5163,X12C,X,12C,bool,plc_product_data,1,0,,,,,measurement_st05_station_05_sensor
5164,X136,X,136,bool,plc_product_data,1,0,,,,,measurement_st05_station_05_01_rotary
5165,X137,X,137,bool,plc_product_data,1,0,,,,,measurement_st05_station_05_rotary_01_end
5166,X138,X,138,bool,plc_product_data,1,0,,,,,measurement_st05_station_05_rotary_02
5167,X139,X,139,bool,plc_product_data,1,0,,,,,measurement_st05_station_05_rotary_02_end
5168,X13A,X,13A,bool,plc_product_data,1,0,,,,,measurement_st05_station_05_03_rotary
5169,X13B,X,13B,bool,plc_product_data,1,0,,,,,measurement_st05_station_05_rotary_03_end
5170,X13C,X,13C,bool,plc_product_data,1,0,,,,,measurement_st05_station_05_rotary_04
5171,X13D,X,13D,bool,plc_product_data,1,0,,,,,measurement_st05_station_05_rotary_04_end
5172,X140,X,140,bool,plc_product_data,1,0,,,,,measurement_st05_station_05_material
5173,X142,X,142,bool,plc_product_data,1,0,,,,,measurement_st05_push_01_origin
5174,X143,X,143,bool,plc_product_data,1,0,,,,,measurement_st05_station_05_material_01_end
5175,X144,X,144,bool,plc_product_data,1,0,,,,,measurement_st05_push_02_origin
5176,X145,X,145,bool,plc_product_data,1,0,,,,,measurement_st05_station_05_material_02_end
5177,X146,X,146,bool,plc_product_data,1,0,,,,,measurement_st05_push_03_origin
5178,X147,X,147,bool,plc_product_data,1,0,,,,,measurement_st05_station_05_material_03_end
5179,X148,X,148,bool,plc_product_data,1,0,,,,,measurement_st05_push_04_origin
5180,X149,X,149,bool,plc_product_data,1,0,,,,,measurement_st05_station_05_material_04_end
5181,X14C,X,14C,bool,plc_product_data,1,0,,,,,measurement_st05_station_05_sensor_01
5182,X14D,X,14D,bool,plc_product_data,1,0,,,,,measurement_st05_station_05_end
5183,X150,X,150,bool,plc_product_data,1,0,,,,,measurement_st05_station_05_vacuum_01
5184,X151,X,151,bool,plc_product_data,1,0,,,,,measurement_st05_station_05_vacuum_02
5185,X152,X,152,bool,plc_product_data,1,0,,,,,measurement_st05_station_05_vacuum_03
5186,X153,X,153,bool,plc_product_data,1,0,,,,,measurement_st05_station_05_vacuum_04
5187,X172,X,172,bool,plc_product_data,1,0,,,,,measurement_st05_station_05_material_sensor_01
5188,X173,X,173,bool,plc_product_data,1,0,,,,,measurement_st05_station_05_material_arrive_01
5189,X174,X,174,bool,plc_product_data,1,0,,,,,measurement_st05_receive_material_full_01
5190,X175,X,175,bool,plc_product_data,1,0,,,,,measurement_st05_receive_material_full_02
5191,X17C,X,17C,bool,plc_product_data,1,0,,,,,measurement_st05_material_box_empty
5192,X17D,X,17D,bool,plc_product_data,1,0,,,,,measurement_st05_material_box_full
5193,X1CF,X,1CF,bool,plc_product_data,1,0,,,,,measurement_st05_station_05_01
5194,X1D3,X,1D3,bool,plc_product_data,1,0,,,,,measurement_st05_station_05_02
5195,X1D5,X,1D5,bool,plc_product_data,1,0,,,,,measurement_st05_station_05_03
5196,X1D7,X,1D7,bool,plc_product_data,1,0,,,,,measurement_st05_station_05_04
5197,Y420,Y,420,bool,plc_product_data,1,0,,,,,measurement_st05_receive_push_01
5198,Y421,Y,421,bool,plc_product_data,1,0,,,,,measurement_st05_receive_push_02
5199,Y422,Y,422,bool,plc_product_data,1,0,,,,,measurement_st05_receive_push_03
5200,Y423,Y,423,bool,plc_product_data,1,0,,,,,measurement_st05_receive_push_04
5201,Y431,Y,431,bool,plc_product_data,1,0,,,,,measurement_st05_push_01
5202,Y432,Y,432,bool,plc_product_data,1,0,,,,,measurement_st05_push_02
5203,Y433,Y,433,bool,plc_product_data,1,0,,,,,measurement_st05_push_03
5204,Y434,Y,434,bool,plc_product_data,1,0,,,,,measurement_st05_push_04
5205,D316,D,316,float32,plc_product_data,,0,,8,,,measurement_st06_product_01_analog_data
5206,D318,D,318,float32,plc_product_data,,0,,8,,,measurement_st06_product_02_analog_data
5207,D320,D,320,float32,plc_product_data,,0,,8,,,measurement_st06_product_03_analog_data
5208,D322,D,322,float32,plc_product_data,,0,,8,,,measurement_st06_product_04_analog_data
5209,D346,D,346,float32,plc_product_data,,0,,8,,,measurement_st06_product_01_pressure
5210,D348,D,348,float32,plc_product_data,,0,,8,,,measurement_st06_product_02_pressure
5211,D350,D,350,float32,plc_product_data,,0,,8,,,measurement_st06_product_03_pressure
5212,D352,D,352,float32,plc_product_data,,0,,8,,,measurement_st06_product_04_pressure
5213,D680,D,680,int16,plc_product_data,1,0,,4,,,measurement_st06_detect_02_origin_position
5214,D682,D,682,int16,plc_product_data,1,0,,4,,,measurement_st06_detect_02_detect_position
5215,D684,D,684,int16,plc_product_data,1,0,,4,,,measurement_st06_detect_02_detect_position
5216,D686,D,686,int16,plc_product_data,1,0,,4,,,measurement_st06_detect_02_position_03
5217,D688,D,688,int16,plc_product_data,1,0,,4,,,measurement_st06_detect_02_position_04
5218,D690,D,690,int16,plc_product_data,1,0,,4,,,measurement_st06_detect_02_position_05
5219,D700,D,700,int16,plc_product_data,1,0,,4,,,measurement_st06_detect_03_origin_position
5220,D702,D,702,int16,plc_product_data,1,0,,4,,,measurement_st06_detect_03_detect_position
5221,D704,D,704,int16,plc_product_data,1,0,,4,,,measurement_st06_detect_03_detect_position
5222,D706,D,706,int16,plc_product_data,1,0,,4,,,measurement_st06_detect_03_position_03
5223,D708,D,708,int16,plc_product_data,1,0,,4,,,measurement_st06_detect_03_position_04
5224,D710,D,710,int16,plc_product_data,1,0,,4,,,measurement_st06_detect_03_position_05
5225,D720,D,720,int16,plc_product_data,1,0,,4,,,measurement_st06_detect_04_origin_position
5226,D722,D,722,int16,plc_product_data,1,0,,4,,,measurement_st06_detect_04_detect_position
5227,D724,D,724,int16,plc_product_data,1,0,,4,,,measurement_st06_detect_04_detect_position
5228,D726,D,726,int16,plc_product_data,1,0,,4,,,measurement_st06_detect_04_position_03
5229,D728,D,728,int16,plc_product_data,1,0,,4,,,measurement_st06_detect_04_position_04
5230,D730,D,730,int16,plc_product_data,1,0,,4,,,measurement_st06_detect_04_position_05
5231,D1180,D,1180,int16,plc_product_data,1,0,,4,,,measurement_st06_detect_02_auto_speed
5232,D1182,D,1182,int16,plc_product_data,1,0,,4,,,measurement_st06_detect_02_manual_speed
5233,D1184,D,1184,int16,plc_product_data,1,0,,4,,,measurement_st06_detect_02
5234,D1186,D,1186,int16,plc_product_data,1,0,,4,,,measurement_st06_detect_02_current_position
5235,D1188,D,1188,int16,plc_product_data,1,0,,4,,,measurement_st06_detect_02_origin
5236,D1190,D,1190,int16,plc_product_data,1,0,,4,,,measurement_st06_detect_02_run_speed
5237,D1192,D,1192,int16,plc_product_data,1,0,,4,,,measurement_st06_detect_02_detect_speed
5238,D1200,D,1200,int16,plc_product_data,1,0,,4,,,measurement_st06_detect_03_auto_speed
5239,D1202,D,1202,int16,plc_product_data,1,0,,4,,,measurement_st06_detect_03_manual_speed
5240,D1204,D,1204,int16,plc_product_data,1,0,,4,,,measurement_st06_detect_03
5241,D1206,D,1206,int16,plc_product_data,1,0,,4,,,measurement_st06_detect_03_current_position
5242,D1208,D,1208,int16,plc_product_data,1,0,,4,,,measurement_st06_detect_03_origin
5243,D1210,D,1210,int16,plc_product_data,1,0,,4,,,measurement_st06_detect_03_run_speed
5244,D1212,D,1212,int16,plc_product_data,1,0,,4,,,measurement_st06_detect_03_detect_speed
5245,D1220,D,1220,int16,plc_product_data,1,0,,4,,,measurement_st06_detect_04_auto_speed
5246,D1222,D,1222,int16,plc_product_data,1,0,,4,,,measurement_st06_detect_04_manual_speed
5247,D1224,D,1224,int16,plc_product_data,1,0,,4,,,measurement_st06_detect_04
5248,D1226,D,1226,int16,plc_product_data,1,0,,4,,,measurement_st06_detect_04_current_position
5249,D1228,D,1228,int16,plc_product_data,1,0,,4,,,measurement_st06_detect_04_origin
5250,D1230,D,1230,int16,plc_product_data,1,0,,4,,,measurement_st06_detect_04_run_speed
5251,D1232,D,1232,int16,plc_product_data,1,0,,4,,,measurement_st06_detect_04_detect_speed
5252,D1542,D,1542,int16,plc_setting_data,1,0,,4,,,setting_st06_continuous_ng_setting
5253,D2630,D,2630,float32,plc_product_data,,0,,8,,,measurement_st06_01_pressure
5254,D2632,D,2632,float32,plc_product_data,,0,,8,,,measurement_st06_02_pressure
5255,D2634,D,2634,float32,plc_product_data,,0,,8,,,measurement_st06_03_pressure
5256,D2636,D,2636,float32,plc_product_data,,0,,8,,,measurement_st06_04_pressure
5257,D2650,D,2650,float32,plc_setting_data,,0,,8,,,setting_st06_detect_upper_pressure
5258,D2652,D,2652,float32,plc_setting_data,,0,,8,,,setting_st06_detect_lower_pressure
5259,D2660,D,2660,float32,plc_setting_data,,0,,8,,,setting_st06_detect_01_compensation
5260,D2662,D,2662,float32,plc_setting_data,,0,,8,,,setting_st06_detect_02_compensation
5261,D2664,D,2664,float32,plc_setting_data,,0,,8,,,setting_st06_detect_03_compensation
5262,D2666,D,2666,float32,plc_setting_data,,0,,8,,,setting_st06_detect_04_compensation
5263,D2670,D,2670,float32,plc_product_data,,0,,8,,,measurement_st06_detect_01_pressure
5264,D2672,D,2672,float32,plc_product_data,,0,,8,,,measurement_st06_detect_02_pressure
5265,D2674,D,2674,float32,plc_product_data,,0,,8,,,measurement_st06_detect_03_pressure
5266,D2676,D,2676,float32,plc_product_data,,0,,8,,,measurement_st06_detect_04_pressure
5267,D2680,D,2680,float32,plc_product_data,,0,,8,,,judgment_st06_detect_01_result_pressure
5268,D2682,D,2682,float32,plc_product_data,,0,,8,,,judgment_st06_detect_02_result_pressure
5269,D2684,D,2684,float32,plc_product_data,,0,,8,,,judgment_st06_detect_03_result_pressure
5270,D2686,D,2686,float32,plc_product_data,,0,,8,,,judgment_st06_detect_04_result_pressure
5271,D2690,D,2690,uint32,plc_product_data,1,0,,6,,,judgment_st06_detect_01_result_state
5272,D2692,D,2692,uint32,plc_product_data,1,0,,6,,,judgment_st06_detect_02_result_state
5273,D2694,D,2694,uint32,plc_product_data,1,0,,6,,,judgment_st06_detect_03_result_state
5274,D2696,D,2696,uint32,plc_product_data,1,0,,6,,,judgment_st06_detect_04_result_state
5275,D2720,D,2720,int16,plc_product_data,1,0,,4,,,judgment_st06_01_ok
5276,D2722,D,2722,int16,plc_product_data,1,0,,4,,,judgment_st06_01_ng
5277,D2724,D,2724,int16,plc_product_data,1,0,,4,,,judgment_st06_02_ok
5278,D2726,D,2726,int16,plc_product_data,1,0,,4,,,judgment_st06_02_ng
5279,D2728,D,2728,int16,plc_product_data,1,0,,4,,,judgment_st06_03_ok
5280,D2730,D,2730,int16,plc_product_data,1,0,,4,,,judgment_st06_03_ng
5281,D2732,D,2732,int16,plc_product_data,1,0,,4,,,judgment_st06_04_ok
5282,D2734,D,2734,int16,plc_product_data,1,0,,4,,,judgment_st06_04_ng
5283,M101,M,101,bool,plc_product_data,1,0,,,,,measurement_st06_detect_02_origin
5284,M102,M,102,bool,plc_product_data,1,0,,,,,measurement_st06_detect_02_origin_done
5285,M103,M,103,bool,plc_product_data,1,0,,,,,measurement_st06_detect_02_jog10
5286,M104,M,104,bool,plc_product_data,1,0,,,,,measurement_st06_detect_02_jog10
5287,M105,M,105,bool,plc_product_data,1,0,,,,,measurement_st06_detect_02_stop
5288,M106,M,106,bool,plc_product_data,1,0,,,,,measurement_st06_detect_02
5289,M107,M,107,bool,plc_product_data,1,0,,,,,measurement_st06_detect_02_origin_indicator
5290,M108,M,108,bool,plc_product_data,1,0,,,,,measurement_st06_detect_02_negative_limit_indicator
5291,M109,M,109,bool,plc_product_data,1,0,,,,,measurement_st06_detect_02_positive_limit_indicator
5292,M111,M,111,bool,plc_product_data,1,0,,,,,measurement_st06_detect_03_origin
5293,M112,M,112,bool,plc_product_data,1,0,,,,,measurement_st06_detect_03_servo_11_origin_done
5294,M113,M,113,bool,plc_product_data,1,0,,,,,measurement_st06_detect_03_jog11
5295,M114,M,114,bool,plc_product_data,1,0,,,,,measurement_st06_detect_03_jog11
5296,M115,M,115,bool,plc_product_data,1,0,,,,,measurement_st06_detect_03_stop
5297,M116,M,116,bool,plc_product_data,1,0,,,,,measurement_st06_detect_03_servo_11
5298,M117,M,117,bool,plc_product_data,1,0,,,,,measurement_st06_detect_03_origin_indicator
5299,M118,M,118,bool,plc_product_data,1,0,,,,,measurement_st06_detect_03_negative_limit_indicator
5300,M119,M,119,bool,plc_product_data,1,0,,,,,measurement_st06_detect_03_positive_limit_indicator
5301,M121,M,121,bool,plc_product_data,1,0,,,,,measurement_st06_detect_04_origin
5302,M122,M,122,bool,plc_product_data,1,0,,,,,measurement_st06_detect_04_origin_done
5303,M123,M,123,bool,plc_product_data,1,0,,,,,measurement_st06_detect_04_jog12
5304,M124,M,124,bool,plc_product_data,1,0,,,,,measurement_st06_detect_04_jog12
5305,M125,M,125,bool,plc_product_data,1,0,,,,,measurement_st06_detect_04_stop
5306,M126,M,126,bool,plc_product_data,1,0,,,,,measurement_st06_detect_04
5307,M127,M,127,bool,plc_product_data,1,0,,,,,measurement_st06_detect_04_origin_indicator
5308,M128,M,128,bool,plc_product_data,1,0,,,,,measurement_st06_detect_04_negative_limit_indicator
5309,M129,M,129,bool,plc_product_data,1,0,,,,,measurement_st06_detect_04_positive_limit_indicator
5310,M682,M,682,bool,plc_product_data,1,0,,,,,measurement_st06_02_detect_positioning
5311,M683,M,683,bool,plc_product_data,1,0,,,,,measurement_st06_02_detect_arrived
5312,M684,M,684,bool,plc_product_data,1,0,,,,,measurement_st06_02_detect_positioning
5313,M685,M,685,bool,plc_product_data,1,0,,,,,measurement_st06_02_detect_arrived
5314,M702,M,702,bool,plc_product_data,1,0,,,,,measurement_st06_03_detect_positioning
5315,M703,M,703,bool,plc_product_data,1,0,,,,,measurement_st06_03_detect_arrived
5316,M704,M,704,bool,plc_product_data,1,0,,,,,measurement_st06_03_detect_positioning
5317,M705,M,705,bool,plc_product_data,1,0,,,,,measurement_st06_03_detect_arrived
5318,M722,M,722,bool,plc_product_data,1,0,,,,,measurement_st06_04_detect_positioning
5319,M723,M,723,bool,plc_product_data,1,0,,,,,measurement_st06_04_detect_arrived
5320,M724,M,724,bool,plc_product_data,1,0,,,,,measurement_st06_04_detect_positioning
5321,M725,M,725,bool,plc_product_data,1,0,,,,,measurement_st06_04_detect_arrived
5322,L146,L,146,bool,plc_product_data,1,0,,,,,status_st06_active
5323,L166,L,166,bool,plc_product_data,1,0,,,,,status_st06_empty
5324,L222,L,222,bool,plc_product_data,1,0,,,,,measurement_st06_01_clear
5325,L223,L,223,bool,plc_product_data,1,0,,,,,measurement_st06_02_clear
5326,L224,L,224,bool,plc_product_data,1,0,,,,,measurement_st06_03_clear
5327,L225,L,225,bool,plc_product_data,1,0,,,,,measurement_st06_04_clear
5328,L460,L,460,bool,plc_product_data,1,0,,,,,judgment_st06_ng_01
5329,L461,L,461,bool,plc_product_data,1,0,,,,,judgment_st06_ng_02
5330,L462,L,462,bool,plc_product_data,1,0,,,,,judgment_st06_ng_03
5331,L463,L,463,bool,plc_product_data,1,0,,,,,judgment_st06_ng_04
5332,L658,L,658,bool,plc_product_data,1,0,,,,,measurement_st06_01_detect_reset
5333,L659,L,659,bool,plc_product_data,1,0,,,,,measurement_st06_02_detect_reset
5334,L660,L,660,bool,plc_product_data,1,0,,,,,measurement_st06_03_detect_reset
5335,L661,L,661,bool,plc_product_data,1,0,,,,,measurement_st06_04_detect_reset
5336,L1156,L,1156,bool,plc_setting_data,1,0,,,,,setting_st06_station_mask
5337,L1211,L,1211,bool,plc_setting_data,1,0,,,,,setting_st06_detect_mask
5338,X10C,X,10C,bool,plc_product_data,1,0,,,,,measurement_st06_detect_01
5339,X10D,X,10D,bool,plc_product_data,1,0,,,,,measurement_st06_detect_02
5340,X154,X,154,bool,plc_product_data,1,0,,,,,measurement_st06_station_06_sensor
5341,X157,X,157,bool,plc_product_data,1,0,,,,,measurement_st06_station_06_sensor_01
5342,X159,X,159,bool,plc_product_data,1,0,,,,,measurement_st06_station_06_material_end
5343,X15A,X,15A,bool,plc_product_data,1,0,,,,,measurement_st06_ng_01
5344,X15B,X,15B,bool,plc_product_data,1,0,,,,,measurement_st06_station_06_01_end
5345,X15C,X,15C,bool,plc_product_data,1,0,,,,,measurement_st06_ng_02
5346,X15D,X,15D,bool,plc_product_data,1,0,,,,,measurement_st06_ng_02
5347,X15E,X,15E,bool,plc_product_data,1,0,,,,,measurement_st06_ng_03
5348,X15F,X,15F,bool,plc_product_data,1,0,,,,,measurement_st06_station_06_03_end
5349,X160,X,160,bool,plc_product_data,1,0,,,,,measurement_st06_ng_04
5350,X161,X,161,bool,plc_product_data,1,0,,,,,measurement_st06_station_06_04_end
5351,X165,X,165,bool,plc_product_data,1,0,,,,,measurement_st06_station_06_end
5352,X176,X,176,bool,plc_product_data,1,0,,,,,measurement_st06_detect_03
5353,X177,X,177,bool,plc_product_data,1,0,,,,,measurement_st06_detect_04
5354,Y44B,Y,44B,bool,plc_product_data,1,0,,,,,measurement_st06_ng_01
5355,Y44C,Y,44C,bool,plc_product_data,1,0,,,,,measurement_st06_ng_02
5356,Y44D,Y,44D,bool,plc_product_data,1,0,,,,,measurement_st06_ng_03
5357,Y44E,Y,44E,bool,plc_product_data,1,0,,,,,measurement_st06_ng_04
5358,D2750,D,2750,float32,plc_setting_data,,0,,8,,,setting_st07_01_action_voltage_upper
5359,D2752,D,2752,float32,plc_setting_data,,0,,8,,,setting_st07_01_action_voltage_lower
5360,D2754,D,2754,float32,plc_setting_data,,0,,8,,,setting_st07_01_action_voltage_compensation
5361,D2756,D,2756,float32,plc_product_data,,0,,8,,,measurement_st07_01_action_voltage_actual
5362,D2758,D,2758,float32,plc_product_data,,0,,8,,,judgment_st07_01_action_voltage_result
5363,D2760,D,2760,float32,plc_product_data,,0,,8,,,judgment_st07_01_action_voltage_result_state
5364,D2770,D,2770,float32,plc_setting_data,,0,,8,,,setting_st07_01_reset_voltage_upper
5365,D2772,D,2772,float32,plc_setting_data,,0,,8,,,setting_st07_01_reset_voltage_lower
5366,D2774,D,2774,float32,plc_setting_data,,0,,8,,,setting_st07_01_reset_voltage_compensation
5367,D2776,D,2776,float32,plc_product_data,,0,,8,,,measurement_st07_01_reset_voltage_actual
5368,D2778,D,2778,float32,plc_product_data,,0,,8,,,judgment_st07_01_reset_voltage_result
5369,D2780,D,2780,float32,plc_product_data,,0,,8,,,judgment_st07_01_reset_voltage_result_state
5370,D2790,D,2790,int16,plc_setting_data,1,0,,4,,,setting_st07_01_sync_time_upper
5371,D2794,D,2794,float32,plc_setting_data,,0,,8,,,setting_st07_01_sync_time_compensation
5372,D2796,D,2796,float32,plc_product_data,,0,,8,,,measurement_st07_01_sync_time_actual
5373,D2798,D,2798,int16,plc_product_data,1,0,,4,,,judgment_st07_01_sync_time_result
5374,D2800,D,2800,uint32,plc_product_data,1,0,,6,,,judgment_st07_01_sync_time_result_state
5375,D2804,D,2804,int16,plc_product_data,1,0,,4,,,judgment_st07_01_ok
5376,D2806,D,2806,int16,plc_product_data,1,0,,4,,,judgment_st07_01_ng
5377,D2820,D,2820,float32,plc_setting_data,,0,,8,,,setting_st07_02_action_voltage_upper
5378,D2822,D,2822,float32,plc_setting_data,,0,,8,,,setting_st07_02_action_voltage_lower
5379,D2824,D,2824,float32,plc_setting_data,,0,,8,,,setting_st07_02_action_voltage_compensation
5380,D2826,D,2826,float32,plc_product_data,,0,,8,,,measurement_st07_02_action_voltage_actual
5381,D2828,D,2828,float32,plc_product_data,,0,,8,,,judgment_st07_02_action_voltage_result
5382,D2830,D,2830,float32,plc_product_data,,0,,8,,,judgment_st07_02_action_voltage_result_state
5383,D2840,D,2840,float32,plc_setting_data,,0,,8,,,setting_st07_02_reset_voltage_upper
5384,D2842,D,2842,float32,plc_setting_data,,0,,8,,,setting_st07_02_reset_voltage_lower
5385,D2844,D,2844,float32,plc_setting_data,,0,,8,,,setting_st07_02_reset_voltage_compensation
5386,D2846,D,2846,float32,plc_product_data,,0,,8,,,measurement_st07_02_reset_voltage_actual
5387,D2848,D,2848,float32,plc_product_data,,0,,8,,,judgment_st07_02_reset_voltage_result
5388,D2850,D,2850,float32,plc_product_data,,0,,8,,,judgment_st07_02_reset_voltage_result_state
5389,D2860,D,2860,int16,plc_setting_data,1,0,,4,,,setting_st07_02_sync_time_upper
5390,D2864,D,2864,float32,plc_setting_data,,0,,8,,,setting_st07_02_sync_time_compensation
5391,D2866,D,2866,float32,plc_product_data,,0,,8,,,measurement_st07_02_sync_time_actual
5392,D2868,D,2868,int16,plc_product_data,1,0,,4,,,judgment_st07_02_sync_time_result
5393,D2870,D,2870,uint32,plc_product_data,1,0,,6,,,judgment_st07_02_sync_time_result_state
5394,D2874,D,2874,int16,plc_product_data,1,0,,4,,,judgment_st07_02_ok
5395,D2876,D,2876,int16,plc_product_data,1,0,,4,,,judgment_st07_02_ng
5396,D2890,D,2890,float32,plc_setting_data,,0,,8,,,setting_st07_03_action_voltage_upper
5397,D2892,D,2892,float32,plc_setting_data,,0,,8,,,setting_st07_03_action_voltage_lower
5398,D2894,D,2894,float32,plc_setting_data,,0,,8,,,setting_st07_03_action_voltage_compensation
5399,D2896,D,2896,float32,plc_product_data,,0,,8,,,measurement_st07_03_action_voltage_actual
5400,D2898,D,2898,float32,plc_product_data,,0,,8,,,judgment_st07_03_action_voltage_result
5401,D2900,D,2900,float32,plc_product_data,,0,,8,,,judgment_st07_03_action_voltage_result_state
5402,D2910,D,2910,float32,plc_setting_data,,0,,8,,,setting_st07_03_reset_voltage_upper
5403,D2912,D,2912,float32,plc_setting_data,,0,,8,,,setting_st07_03_reset_voltage_lower
5404,D2914,D,2914,float32,plc_setting_data,,0,,8,,,setting_st07_03_reset_voltage_compensation
5405,D2916,D,2916,float32,plc_product_data,,0,,8,,,measurement_st07_03_reset_voltage_actual
5406,D2918,D,2918,float32,plc_product_data,,0,,8,,,judgment_st07_03_reset_voltage_result
5407,D2920,D,2920,float32,plc_product_data,,0,,8,,,judgment_st07_03_reset_voltage_result_state
5408,D2930,D,2930,int16,plc_setting_data,1,0,,4,,,setting_st07_03_sync_time_upper
5409,D2934,D,2934,float32,plc_setting_data,,0,,8,,,setting_st07_03_sync_time_compensation
5410,D2936,D,2936,float32,plc_product_data,,0,,8,,,measurement_st07_03_sync_time_actual
5411,D2938,D,2938,int16,plc_product_data,1,0,,4,,,judgment_st07_03_sync_time_result
5412,D2940,D,2940,uint32,plc_product_data,1,0,,6,,,judgment_st07_03_sync_time_result_state
5413,D2944,D,2944,int16,plc_product_data,1,0,,4,,,judgment_st07_03_ok
5414,D2946,D,2946,int16,plc_product_data,1,0,,4,,,judgment_st07_03_ng
5415,D2960,D,2960,float32,plc_setting_data,,0,,8,,,setting_st07_04_action_voltage_upper
5416,D2962,D,2962,float32,plc_setting_data,,0,,8,,,setting_st07_04_action_voltage_lower
5417,D2964,D,2964,float32,plc_setting_data,,0,,8,,,setting_st07_04_action_voltage_compensation
5418,D2966,D,2966,float32,plc_product_data,,0,,8,,,measurement_st07_04_action_voltage_actual
5419,D2968,D,2968,float32,plc_product_data,,0,,8,,,judgment_st07_04_action_voltage_result
5420,D2970,D,2970,float32,plc_product_data,,0,,8,,,judgment_st07_04_action_voltage_result_state
5421,D2980,D,2980,float32,plc_setting_data,,0,,8,,,setting_st07_04_reset_voltage_upper
5422,D2982,D,2982,float32,plc_setting_data,,0,,8,,,setting_st07_04_reset_voltage_lower
5423,D2984,D,2984,float32,plc_setting_data,,0,,8,,,setting_st07_04_reset_voltage_compensation
5424,D2986,D,2986,float32,plc_product_data,,0,,8,,,measurement_st07_04_reset_voltage_actual
5425,D2988,D,2988,float32,plc_product_data,,0,,8,,,judgment_st07_04_reset_voltage_result
5426,D2990,D,2990,float32,plc_product_data,,0,,8,,,judgment_st07_04_reset_voltage_result_state
5427,D3000,D,3000,int16,plc_setting_data,1,0,,4,,,setting_st07_04_sync_time_upper
5428,D3004,D,3004,float32,plc_setting_data,,0,,8,,,setting_st07_04_sync_time_compensation
5429,D3006,D,3006,float32,plc_product_data,,0,,8,,,measurement_st07_04_sync_time_actual
5430,D3008,D,3008,int16,plc_product_data,1,0,,4,,,judgment_st07_04_sync_time_result
5431,D3010,D,3010,uint32,plc_product_data,1,0,,6,,,judgment_st07_04_sync_time_result_state
5432,D3014,D,3014,int16,plc_product_data,1,0,,4,,,judgment_st07_04_ok
5433,D3016,D,3016,int16,plc_product_data,1,0,,4,,,judgment_st07_04_ng
5434,L147,L,147,bool,plc_product_data,1,0,,,,,status_st07_active
5435,L167,L,167,bool,plc_product_data,1,0,,,,,status_st07_empty
5436,L226,L,226,bool,plc_product_data,1,0,,,,,measurement_st07_01_clear
5437,L227,L,227,bool,plc_product_data,1,0,,,,,measurement_st07_02_clear
5438,L228,L,228,bool,plc_product_data,1,0,,,,,measurement_st07_03_clear
5439,L229,L,229,bool,plc_product_data,1,0,,,,,measurement_st07_04_clear
5440,L1157,L,1157,bool,plc_setting_data,1,0,,,,,setting_st07_station_mask
5441,X1A2,X,1A2,bool,plc_product_data,1,0,,,,,measurement_st07_station_07_material_01
5442,X1A3,X,1A3,bool,plc_product_data,1,0,,,,,measurement_st07_station_07_material_01_01
5443,X1A4,X,1A4,bool,plc_product_data,1,0,,,,,measurement_st07_station_07_material_02
5444,X1A5,X,1A5,bool,plc_product_data,1,0,,,,,measurement_st07_station_07_material_02
5445,D500,D,500,int32,plc_setting_data,1,0,,8,,,setting_st08_glue_origin_position
5446,D502,D,502,int32,plc_setting_data,1,0,,8,,,setting_st08_glue_position_01
5447,D504,D,504,int32,plc_setting_data,1,0,,8,,,setting_st08_glue_position_02
5448,D506,D,506,int32,plc_setting_data,1,0,,8,,,setting_st08_glue_position_03
5449,D508,D,508,int32,plc_setting_data,1,0,,8,,,setting_st08_glue_position_04
5450,D510,D,510,int32,plc_setting_data,1,0,,8,,,setting_st08_glue_position_05
5451,D1004,D,1004,int32,plc_product_data,1,0,,8,,,measurement_st08_glue_target_address
5452,D1006,D,1006,int32,plc_product_data,1,0,,8,,,measurement_st08_glue_current_position
5453,D1014,D,1014,int16,plc_product_data,1,0,,4,,,measurement_st08_detect_speed
5454,D1532,D,1532,uint16,plc_setting_data,1,0,,4,,,setting_st08_glue_01_duration_ms
5455,D1533,D,1533,uint16,plc_setting_data,1,0,,4,,,setting_st08_glue_02_duration_ms
5456,D1534,D,1534,uint16,plc_setting_data,1,0,,4,,,setting_st08_glue_03_duration_ms
5457,D1535,D,1535,uint16,plc_setting_data,1,0,,4,,,setting_st08_glue_04_duration_ms
5458,D1568,D,1568,uint16,plc_setting_data,1,0,,4,,,setting_st08_glue_2nd_delay_ms
5459,D3030,D,3030,uint32,plc_product_data,1,0,,6,,,judgment_st08_01_result_state
5460,D3032,D,3032,uint32,plc_product_data,1,0,,6,,,judgment_st08_02_result_state
5461,D3034,D,3034,uint32,plc_product_data,1,0,,6,,,judgment_st08_03_result_state
5462,D3036,D,3036,uint32,plc_product_data,1,0,,6,,,judgment_st08_04_result_state
5463,D3040,D,3040,int16,plc_product_data,1,0,,4,,,judgment_st08_01_ok
5464,D3042,D,3042,int16,plc_product_data,1,0,,4,,,judgment_st08_01_ng
5465,D3044,D,3044,int16,plc_product_data,1,0,,4,,,judgment_st08_02_ok
5466,D3046,D,3046,int16,plc_product_data,1,0,,4,,,judgment_st08_02_ng
5467,D3048,D,3048,int16,plc_product_data,1,0,,4,,,judgment_st08_03_ok
5468,D3050,D,3050,int16,plc_product_data,1,0,,4,,,judgment_st08_03_ng
5469,D3052,D,3052,int16,plc_product_data,1,0,,4,,,judgment_st08_04_ok
5470,D3054,D,3054,int16,plc_product_data,1,0,,4,,,judgment_st08_04_ng
5471,M506,M,506,bool,plc_product_data,1,0,,,,,measurement_st08_detect_positioning
5472,M507,M,507,bool,plc_product_data,1,0,,,,,measurement_st08_detect_arrived
5473,L148,L,148,bool,plc_product_data,1,0,,,,,status_st08_active
5474,L168,L,168,bool,plc_product_data,1,0,,,,,status_st08_empty
5475,L230,L,230,bool,plc_product_data,1,0,,,,,measurement_st08_01_clear
5476,L231,L,231,bool,plc_product_data,1,0,,,,,measurement_st08_02_clear
5477,L232,L,232,bool,plc_product_data,1,0,,,,,measurement_st08_03_clear
5478,L233,L,233,bool,plc_product_data,1,0,,,,,measurement_st08_04_clear
5479,L472,L,472,bool,plc_product_data,1,0,,,,,measurement_st08_glue_01_trigger
5480,L473,L,473,bool,plc_product_data,1,0,,,,,measurement_st08_glue_02_trigger
5481,L474,L,474,bool,plc_product_data,1,0,,,,,measurement_st08_glue_03_trigger
5482,L475,L,475,bool,plc_product_data,1,0,,,,,measurement_st08_glue_04_trigger
5483,L1158,L,1158,bool,plc_setting_data,1,0,,,,,setting_st08_station_mask
5484,L1203,L,1203,bool,plc_setting_data,1,0,,,,,setting_st08_detect_mask
5485,L1204,L,1204,bool,plc_setting_data,1,0,,,,,setting_st08_glue_on_off
5486,L1208,L,1208,bool,plc_setting_data,1,0,,,,,setting_st08_uv_mask
5487,L1230,L,1230,bool,plc_setting_data,1,0,,,,,setting_st08_glue_01_switch
5488,L1231,L,1231,bool,plc_setting_data,1,0,,,,,setting_st08_glue_02_switch
5489,L1232,L,1232,bool,plc_setting_data,1,0,,,,,setting_st08_glue_03_switch
5490,L1233,L,1233,bool,plc_setting_data,1,0,,,,,setting_st08_glue_04_switch
5491,L1602,L,1602,bool,plc_product_data,1,0,,,,,measurement_st08_material_present
5492,X1A8,X,1A8,bool,plc_product_data,1,0,,,,,measurement_st08_station_08_material
5493,X1E9,X,1E9,bool,plc_product_data,1,0,,,,,measurement_st08_station_08_01
5494,X1EA,X,1EA,bool,plc_product_data,1,0,,,,,measurement_st08_detect_02
5495,X1EB,X,1EB,bool,plc_product_data,1,0,,,,,measurement_st08_detect_03
5496,X1EE,X,1EE,bool,plc_product_data,1,0,,,,,measurement_st08_station_08_04
5497,Y466,Y,466,bool,plc_product_data,1,0,,,,,measurement_st08_glue_01
5498,Y467,Y,467,bool,plc_product_data,1,0,,,,,measurement_st08_glue_02
5499,Y468,Y,468,bool,plc_product_data,1,0,,,,,measurement_st08_glue_03
5500,Y469,Y,469,bool,plc_product_data,1,0,,,,,measurement_st08_glue_04
5501,L149,L,149,bool,plc_product_data,1,0,,,,,status_st09_active
5502,L169,L,169,bool,plc_product_data,1,0,,,,,status_st09_empty
5503,L1159,L,1159,bool,plc_setting_data,1,0,,,,,setting_st09_station_mask
5504,L1209,L,1209,bool,plc_setting_data,1,0,,,,,setting_st09_uv_mask
5505,L1216,L,1216,bool,plc_setting_data,1,0,,,,,setting_st09_mask
5506,L1604,L,1604,bool,plc_product_data,1,0,,,,,measurement_st09_glue_done_01
5507,L1605,L,1605,bool,plc_product_data,1,0,,,,,measurement_st09_glue_done_02
5508,X1AE,X,1AE,bool,plc_product_data,1,0,,,,,measurement_st09_station_09_material_01
5509,X1AF,X,1AF,bool,plc_product_data,1,0,,,,,measurement_st09_station_09_material_01
5510,X1B0,X,1B0,bool,plc_product_data,1,0,,,,,measurement_st09_station_09_material_02
5511,X1B1,X,1B1,bool,plc_product_data,1,0,,,,,measurement_st09_station_09_material_02
5512,D740,D,740,int16,plc_product_data,1,0,,4,,,judgment_st10_ng_position
5513,D742,D,742,int16,plc_product_data,1,0,,4,,,judgment_st10_ng_ccd_position
5514,D744,D,744,int16,plc_product_data,1,0,,4,,,judgment_st10_ng_agi_ng
5515,D746,D,746,int16,plc_product_data,1,0,,4,,,judgment_st10_ng_release_force
5516,D748,D,748,int16,plc_product_data,1,0,,4,,,judgment_st10_ng
5517,D750,D,750,float32,plc_product_data,,0,,8,,,judgment_st10_ng_m_pressure
5518,D752,D,752,int16,plc_product_data,1,0,,4,,,judgment_st10_ng_sync_time
5519,D754,D,754,float32,plc_product_data,,0,,8,,,judgment_st10_ng_action_voltage
5520,D756,D,756,float32,plc_product_data,,0,,8,,,judgment_st10_ng_reset_voltage
5521,M131,M,131,bool,plc_product_data,1,0,,,,,judgment_st10_ng_unloading_origin
5522,M132,M,132,bool,plc_product_data,1,0,,,,,judgment_st10_ng_unloading_origin_done
5523,M133,M,133,bool,plc_product_data,1,0,,,,,judgment_st10_ng_unloading_jog12
5524,M134,M,134,bool,plc_product_data,1,0,,,,,judgment_st10_ng_unloading_jog12
5525,M135,M,135,bool,plc_product_data,1,0,,,,,judgment_st10_ng_unloading_stop
5526,M136,M,136,bool,plc_product_data,1,0,,,,,judgment_st10_ng_unloading
5527,M137,M,137,bool,plc_product_data,1,0,,,,,judgment_st10_ng_unloading_origin_indicator
5528,M138,M,138,bool,plc_product_data,1,0,,,,,judgment_st10_ng_unloading_negative_limit_indicator
5529,M139,M,139,bool,plc_product_data,1,0,,,,,judgment_st10_ng_unloading_positive_limit_indicator
5530,M740,M,740,bool,plc_product_data,1,0,,,,,judgment_st10_ng_position_positioning
5531,M741,M,741,bool,plc_product_data,1,0,,,,,judgment_st10_ng_position_arrived
5532,M742,M,742,bool,plc_product_data,1,0,,,,,judgment_st10_ng_ccd_position_positioning
5533,M743,M,743,bool,plc_product_data,1,0,,,,,judgment_st10_ng_ccd_position_arrived
5534,M744,M,744,bool,plc_product_data,1,0,,,,,judgment_st10_ng_agi_ng_positioning
5535,M745,M,745,bool,plc_product_data,1,0,,,,,judgment_st10_ng_agi_ng_arrived
5536,M746,M,746,bool,plc_product_data,1,0,,,,,judgment_st10_ng_release_force_positioning
5537,M747,M,747,bool,plc_product_data,1,0,,,,,judgment_st10_ng_release_force_arrived
5538,M748,M,748,bool,plc_product_data,1,0,,,,,judgment_st10_ng_positioning
5539,M749,M,749,bool,plc_product_data,1,0,,,,,judgment_st10_ng_arrived
5540,M750,M,750,bool,plc_product_data,1,0,,,,,judgment_st10_ng_m_pressure_positioning
5541,M751,M,751,bool,plc_product_data,1,0,,,,,judgment_st10_ng_m_pressure_arrived
5542,M752,M,752,bool,plc_product_data,1,0,,,,,judgment_st10_ng_sync_time_positioning
5543,M753,M,753,bool,plc_product_data,1,0,,,,,judgment_st10_ng_sync_time_arrived
5544,M754,M,754,bool,plc_product_data,1,0,,,,,judgment_st10_ng_action_voltage_positioning
5545,M755,M,755,bool,plc_product_data,1,0,,,,,judgment_st10_ng_action_voltage_arrived
5546,M756,M,756,bool,plc_product_data,1,0,,,,,judgment_st10_ng_reset_voltage_positioning
5547,M757,M,757,bool,plc_product_data,1,0,,,,,judgment_st10_ng_reset_voltage_arrived
5548,L150,L,150,bool,plc_product_data,1,0,,,,,status_st10_active
5549,L170,L,170,bool,plc_product_data,1,0,,,,,status_st10_empty
5550,L1160,L,1160,bool,plc_setting_data,1,0,,,,,setting_st10_station_mask
5551,L1606,L,1606,bool,plc_product_data,1,0,,,,,measurement_st10_material_present
5552,X1B3,X,1B3,bool,plc_product_data,1,0,,,,,measurement_st10_station_10_material_end
5553,X1B7,X,1B7,bool,plc_product_data,1,0,,,,,measurement_st10_station_10_material_01_end
5554,X1BB,X,1BB,bool,plc_product_data,1,0,,,,,measurement_st10_station_10_material_03_end
5555,X1BD,X,1BD,bool,plc_product_data,1,0,,,,,measurement_st10_station_10_material_04_end
5556,X1BF,X,1BF,bool,plc_product_data,1,0,,,,,measurement_st10_station_10_material_05_end
5557,X1C1,X,1C1,bool,plc_product_data,1,0,,,,,measurement_st10_station_10_material_06_end
5558,X1C3,X,1C3,bool,plc_product_data,1,0,,,,,measurement_st10_station_10_material_07_end
5559,X1C5,X,1C5,bool,plc_product_data,1,0,,,,,measurement_st10_station_10_material_08_end
5560,D580,D,580,int32,plc_setting_data,1,0,,8,,,setting_st11_rivet_origin_position
5561,D582,D,582,int16,plc_product_data,1,0,,4,,,measurement_st11_detect_position
5562,D584,D,584,int16,plc_product_data,1,0,,4,,,measurement_st11_detect_position
5563,D586,D,586,int32,plc_setting_data,1,0,,8,,,setting_st11_rivet_position_03
5564,D588,D,588,int32,plc_setting_data,1,0,,8,,,setting_st11_rivet_position_04
5565,D590,D,590,int32,plc_setting_data,1,0,,8,,,setting_st11_rivet_position_05
5566,D926,D,926,uint16,plc_product_data,1,0,,4,,,measurement_st11_material_present_marker_01
5567,D927,D,927,uint16,plc_product_data,1,0,,4,,,measurement_st11_material_present_marker_02
5568,D1084,D,1084,int32,plc_product_data,1,0,,8,,,measurement_st11_rivet_target_address
5569,D1086,D,1086,int32,plc_product_data,1,0,,8,,,measurement_st11_rivet_current_position
5570,D1092,D,1092,int16,plc_product_data,1,0,,4,,,measurement_st11_detect_speed
5571,M580,M,580,bool,plc_product_data,1,0,,,,,measurement_st11_rivet_origin_positioning
5572,M581,M,581,bool,plc_product_data,1,0,,,,,measurement_st11_rivet_origin_arrived
5573,M582,M,582,bool,plc_product_data,1,0,,,,,measurement_st11_detect_positioning
5574,M583,M,583,bool,plc_product_data,1,0,,,,,measurement_st11_detect_arrived
5575,M584,M,584,bool,plc_product_data,1,0,,,,,measurement_st11_detect_positioning
5576,M585,M,585,bool,plc_product_data,1,0,,,,,measurement_st11_detect_arrived
5577,M586,M,586,bool,plc_product_data,1,0,,,,,measurement_st11_rivet_position_03_positioning
5578,M587,M,587,bool,plc_product_data,1,0,,,,,measurement_st11_rivet_position_03_arrived
5579,M588,M,588,bool,plc_product_data,1,0,,,,,measurement_st11_rivet_position_04_positioning
5580,M589,M,589,bool,plc_product_data,1,0,,,,,measurement_st11_rivet_position_04_arrived
5581,M590,M,590,bool,plc_product_data,1,0,,,,,measurement_st11_rivet_position_05_positioning
5582,M591,M,591,bool,plc_product_data,1,0,,,,,measurement_st11_rivet_position_05_arrived
5583,L21,L,21,bool,plc_product_data,1,0,,,,,status_st11_reset
5584,L61,L,61,bool,plc_product_data,1,0,,,,,status_st11_reset_complete
5585,L111,L,111,bool,plc_product_data,1,0,,,,,status_st11_exception
5586,L131,L,131,bool,plc_product_data,1,0,,,,,status_st11_origin
5587,L151,L,151,bool,plc_product_data,1,0,,,,,status_st11_active
5588,L171,L,171,bool,plc_product_data,1,0,,,,,status_st11_empty
5589,L489,L,489,bool,plc_product_data,1,0,,,,,measurement_st11_distribute_fwdback
5590,L490,L,490,bool,plc_product_data,1,0,,,,,measurement_st11_distribute_lr_short
5591,L491,L,491,bool,plc_product_data,1,0,,,,,measurement_st11_distribute_lr_long
5592,L1111,L,1111,bool,plc_product_data,1,0,,,,,status_st11_semi_auto
5593,L1608,L,1608,bool,plc_product_data,1,0,,,,,measurement_st11_feed_done_01
5594,L1609,L,1609,bool,plc_product_data,1,0,,,,,measurement_st11_feed_done_02
5595,L1610,L,1610,bool,plc_product_data,1,0,,,,,measurement_st11_push_done_01
5596,L1611,L,1611,bool,plc_product_data,1,0,,,,,measurement_st11_push_done_02
5597,L1623,L,1623,bool,plc_product_data,1,0,,,,,measurement_st11_start
5598,X1C6,X,1C6,bool,plc_product_data,1,0,,,,,measurement_st11_distribute_fwdback_origin
5599,X1C7,X,1C7,bool,plc_product_data,1,0,,,,,measurement_st11_distribute_fwdback_end
5600,X1C8,X,1C8,bool,plc_product_data,1,0,,,,,measurement_st11_station_11_material_01
5601,X1C9,X,1C9,bool,plc_product_data,1,0,,,,,measurement_st11_station_11_material_01_01
5602,X1CA,X,1CA,bool,plc_product_data,1,0,,,,,measurement_st11_station_11_material_02
5603,X1CB,X,1CB,bool,plc_product_data,1,0,,,,,measurement_st11_station_11_material_02
5604,Y477,Y,477,bool,plc_product_data,1,0,,,,,measurement_st11_distribute_fwdback
5605,Y478,Y,478,bool,plc_product_data,1,0,,,,,measurement_st11_distribute_lr_short
5606,Y479,Y,479,bool,plc_product_data,1,0,,,,,measurement_st11_distribute_lr_long
5607,D540,D,540,int32,plc_setting_data,1,0,,8,,,setting_st12_distribute_origin_position
5608,D542,D,542,int32,plc_setting_data,1,0,,8,,,setting_st12_distribute_lane_01_position
5609,D544,D,544,int32,plc_setting_data,1,0,,8,,,setting_st12_distribute_lane_02_position
5610,D546,D,546,int32,plc_setting_data,1,0,,8,,,setting_st12_distribute_lane_03_position
5611,D548,D,548,int32,plc_setting_data,1,0,,8,,,setting_st12_distribute_lane_04_position
5612,D550,D,550,int32,plc_setting_data,1,0,,8,,,setting_st12_distribute_lane_05_position
5613,D560,D,560,int32,plc_setting_data,1,0,,8,,,setting_st12_push_origin_position
5614,D562,D,562,int32,plc_setting_data,1,0,,8,,,setting_st12_push_lane_01_position
5615,D564,D,564,int32,plc_setting_data,1,0,,8,,,setting_st12_push_lane_02_position
5616,D566,D,566,int32,plc_setting_data,1,0,,8,,,setting_st12_push_lane_03_position
5617,D568,D,568,int32,plc_setting_data,1,0,,8,,,setting_st12_push_lane_04_position
5618,D570,D,570,int32,plc_setting_data,1,0,,8,,,setting_st12_push_lane_05_position
5619,D1044,D,1044,int32,plc_product_data,1,0,,8,,,measurement_st12_distribute_target_address
5620,D1046,D,1046,int32,plc_product_data,1,0,,8,,,measurement_st12_distribute_current_position
5621,D1054,D,1054,int16,plc_product_data,1,0,,4,,,measurement_st12_detect_speed
5622,D1064,D,1064,int32,plc_product_data,1,0,,8,,,measurement_st12_push_target_address
5623,D1066,D,1066,int32,plc_product_data,1,0,,8,,,measurement_st12_push_current_position
5624,D1074,D,1074,int16,plc_product_data,1,0,,4,,,measurement_st12_pusher_detect_speed
5625,D1112,D,1112,int16,plc_product_data,1,0,,4,,,measurement_st12_detect_speed
5626,D1564,D,1564,uint16,plc_setting_data,1,0,,4,,,setting_st12_discharge_wait_time_ms
5627,M540,M,540,bool,plc_product_data,1,0,,,,,measurement_st12_distribute_origin_positioning
5628,M541,M,541,bool,plc_product_data,1,0,,,,,measurement_st12_distribute_origin_arrived
5629,M542,M,542,bool,plc_product_data,1,0,,,,,measurement_st12_distribute_discharge_positioning
5630,M543,M,543,bool,plc_product_data,1,0,,,,,measurement_st12_distribute_discharge_arrived
5631,M544,M,544,bool,plc_product_data,1,0,,,,,measurement_st12_distribute_safety_positioning
5632,M545,M,545,bool,plc_product_data,1,0,,,,,measurement_st12_distribute_safety_arrived
5633,M546,M,546,bool,plc_product_data,1,0,,,,,measurement_st12_distribute_lane_01_positioning
5634,M547,M,547,bool,plc_product_data,1,0,,,,,measurement_st12_distribute_lane_01_arrived
5635,M548,M,548,bool,plc_product_data,1,0,,,,,measurement_st12_distribute_lane_02_positioning
5636,M549,M,549,bool,plc_product_data,1,0,,,,,measurement_st12_distribute_lane_02_arrived
5637,M550,M,550,bool,plc_product_data,1,0,,,,,measurement_st12_distribute_lane_03_positioning
5638,M551,M,551,bool,plc_product_data,1,0,,,,,measurement_st12_distribute_lane_03_arrived
5639,M552,M,552,bool,plc_product_data,1,0,,,,,measurement_st12_distribute_lane_04_positioning
5640,M553,M,553,bool,plc_product_data,1,0,,,,,measurement_st12_distribute_lane_04_arrived
5641,M554,M,554,bool,plc_product_data,1,0,,,,,measurement_st12_distribute_lane_05_positioning
5642,M555,M,555,bool,plc_product_data,1,0,,,,,measurement_st12_distribute_lane_05_arrived
5643,M556,M,556,bool,plc_product_data,1,0,,,,,measurement_st12_distribute_lane_06_positioning
5644,M557,M,557,bool,plc_product_data,1,0,,,,,measurement_st12_distribute_lane_06_arrived
5645,M558,M,558,bool,plc_product_data,1,0,,,,,measurement_st12_distribute_lane_07_positioning
5646,M559,M,559,bool,plc_product_data,1,0,,,,,measurement_st12_distribute_lane_07_arrived
5647,M560,M,560,bool,plc_product_data,1,0,,,,,measurement_st12_push_origin_positioning
5648,M561,M,561,bool,plc_product_data,1,0,,,,,measurement_st12_push_origin_arrived
5649,M562,M,562,bool,plc_product_data,1,0,,,,,measurement_st12_push_start_positioning
5650,M563,M,563,bool,plc_product_data,1,0,,,,,measurement_st12_push_start_arrived
5651,M564,M,564,bool,plc_product_data,1,0,,,,,measurement_st12_push_end_01_positioning
5652,M565,M,565,bool,plc_product_data,1,0,,,,,measurement_st12_push_end_01_arrived
5653,M566,M,566,bool,plc_product_data,1,0,,,,,measurement_st12_push_end_02_positioning
5654,M567,M,567,bool,plc_product_data,1,0,,,,,measurement_st12_push_end_02_arrived
5655,M568,M,568,bool,plc_product_data,1,0,,,,,measurement_st12_push_position_04_positioning
5656,M569,M,569,bool,plc_product_data,1,0,,,,,measurement_st12_push_position_04_arrived
5657,M570,M,570,bool,plc_product_data,1,0,,,,,measurement_st12_push_position_05_positioning
5658,M571,M,571,bool,plc_product_data,1,0,,,,,measurement_st12_push_position_05_arrived
5659,M600,M,600,bool,plc_product_data,1,0,,,,,measurement_st12_distribute_lane_08_positioning
5660,M601,M,601,bool,plc_product_data,1,0,,,,,measurement_st12_distribute_lane_08_arrived
5661,L22,L,22,bool,plc_product_data,1,0,,,,,status_st12_reset
5662,L62,L,62,bool,plc_product_data,1,0,,,,,status_st12_reset_complete
5663,L112,L,112,bool,plc_product_data,1,0,,,,,status_st12_exception
5664,L132,L,132,bool,plc_product_data,1,0,,,,,status_st12_origin
5665,L152,L,152,bool,plc_product_data,1,0,,,,,status_st12_active
5666,L172,L,172,bool,plc_product_data,1,0,,,,,status_st12_empty
5667,L492,L,492,bool,plc_product_data,1,0,,,,,measurement_st12_distribute_fwdback
5668,L493,L,493,bool,plc_product_data,1,0,,,,,measurement_st12_baffle
5669,L504,L,504,bool,plc_product_data,1,0,,,,,judgment_st12_ng_wrong_material
5670,L505,L,505,bool,plc_product_data,1,0,,,,,judgment_st12_ng
5671,L506,L,506,bool,plc_product_data,1,0,,,,,judgment_st12_ng_pusher
5672,L507,L,507,bool,plc_product_data,1,0,,,,,judgment_st12_ng_positioning
5673,L786,L,786,bool,plc_product_data,1,0,,,,,status_st12_discharge_full
5674,L1112,L,1112,bool,plc_product_data,1,0,,,,,status_st12_semi_auto
5675,L1210,L,1210,bool,plc_setting_data,1,0,,,,,setting_st12_mask
5676,L1214,L,1214,bool,plc_setting_data,1,0,,,,,setting_st12_discharge_mask
5677,L1612,L,1612,bool,plc_product_data,1,0,,,,,status_st12_allow_take_material
5678,L1613,L,1613,bool,plc_product_data,1,0,,,,,status_st12_running_push
5679,X1E0,X,1E0,bool,plc_product_data,1,0,,,,,measurement_st12_distribute_fwdback_origin
5680,X1E1,X,1E1,bool,plc_product_data,1,0,,,,,measurement_st12_distribute_fwdback_end
5681,X1E6,X,1E6,bool,plc_product_data,1,0,,,,,measurement_st12_discharge_full_01
5682,X1EC,X,1EC,bool,plc_product_data,1,0,,,,,measurement_st12_baffle_origin
5683,X1ED,X,1ED,bool,plc_product_data,1,0,,,,,measurement_st12_station_12_material
5684,X1EF,X,1EF,bool,plc_product_data,1,0,,,,,measurement_st12_discharge_full_02
5685,X1F0,X,1F0,bool,plc_product_data,1,0,,,,,measurement_st12_station_12_sensor_01
5686,X1F1,X,1F1,bool,plc_product_data,1,0,,,,,measurement_st12_station_12_sensor_02
5687,X1F4,X,1F4,bool,plc_product_data,1,0,,,,,measurement_st12_ng_wrong_material
5688,X1F5,X,1F5,bool,plc_product_data,1,0,,,,,measurement_st12_ng_wrong_material
5689,X1F6,X,1F6,bool,plc_product_data,1,0,,,,,measurement_st12_ng
5690,X1F7,X,1F7,bool,plc_product_data,1,0,,,,,measurement_st12_station_12_end
5691,X1F8,X,1F8,bool,plc_product_data,1,0,,,,,measurement_st12_ng_pusher
5692,X1F9,X,1F9,bool,plc_product_data,1,0,,,,,measurement_st12_station_12_material_end
5693,X1FA,X,1FA,bool,plc_product_data,1,0,,,,,measurement_st12_ng_positioning
5694,X1FB,X,1FB,bool,plc_product_data,1,0,,,,,measurement_st12_ng_positioning
5695,Y4A0,Y,4A0,bool,plc_product_data,1,0,,,,,measurement_st12_distribute_fwdback_01
5696,Y4A1,Y,4A1,bool,plc_product_data,1,0,,,,,measurement_st12_ng_wrong_material
5697,Y4A2,Y,4A2,bool,plc_product_data,1,0,,,,,measurement_st12_ng
5698,Y4A3,Y,4A3,bool,plc_product_data,1,0,,,,,measurement_st12_ng_pusher
5699,Y4A4,Y,4A4,bool,plc_product_data,1,0,,,,,measurement_st12_ng_positioning
5700,Y4A6,Y,4A6,bool,plc_product_data,1,0,,,,,measurement_st12_baffle
5701,D642,D,642,int16,plc_product_data,1,0,,4,,,measurement_st14_updown_detect_position
5702,D644,D,644,int16,plc_product_data,1,0,,4,,,measurement_st14_updown_detect_position
5703,D1132,D,1132,int16,plc_product_data,1,0,,4,,,measurement_st14_detect_speed
5704,D1152,D,1152,int16,plc_product_data,1,0,,4,,,measurement_st14_updown_detect_speed
5705,M622,M,622,bool,plc_product_data,1,0,,,,,measurement_st14_detect_positioning
5706,M623,M,623,bool,plc_product_data,1,0,,,,,measurement_st14_detect_arrived
5707,M624,M,624,bool,plc_product_data,1,0,,,,,measurement_st14_detect_positioning
5708,M625,M,625,bool,plc_product_data,1,0,,,,,measurement_st14_detect_arrived
5709,M642,M,642,bool,plc_product_data,1,0,,,,,measurement_st14_updown_detect_positioning
5710,M643,M,643,bool,plc_product_data,1,0,,,,,measurement_st14_updown_detect_arrived
5711,M644,M,644,bool,plc_product_data,1,0,,,,,measurement_st14_updown_detect_positioning
5712,M645,M,645,bool,plc_product_data,1,0,,,,,measurement_st14_updown_detect_arrived
5713,D662,D,662,int16,plc_product_data,1,0,,4,,,measurement_st15_detect_position
5714,D664,D,664,int16,plc_product_data,1,0,,4,,,measurement_st15_detect_position
5715,D1172,D,1172,int16,plc_product_data,1,0,,4,,,measurement_st15_detect_speed
5716,M662,M,662,bool,plc_product_data,1,0,,,,,measurement_st15_detect_positioning
5717,M663,M,663,bool,plc_product_data,1,0,,,,,measurement_st15_detect_arrived
5718,M664,M,664,bool,plc_product_data,1,0,,,,,measurement_st15_detect_positioning
5719,M665,M,665,bool,plc_product_data,1,0,,,,,measurement_st15_detect_arrived
5722,D206,D,206,uint32,plc_product_data,1,0,,6,,,judgment_ok
5723,D208,D,208,uint32,plc_product_data,1,0,,6,,,judgment_ng_rate
5724,D284,D,284,int16,plc_product_data,1,0,,4,,,judgment_ng_test
5725,D286,D,286,uint32,plc_product_data,1,0,,6,,,counter_current_test_count
5726,D1550,D,1550,uint16,plc_setting_data,1,0,,4,,,setting_glue_purge_interval
5727,D1552,D,1552,uint16,plc_setting_data,1,0,,4,,,setting_glue_purge_duration_ms
5728,D1554,D,1554,uint32,plc_product_data,1,0,,6,,,counter_count
5729,D1580,D,1580,uint16,plc_setting_data,1,0,,4,,,setting_no_material_stop_delay_ms
5730,D1582,D,1582,uint16,plc_setting_data,1,0,,4,,,setting_no_material_alarm_delay_ms
5731,D3114,D,3114,float32,plc_product_data,,0,,8,,,measurement_test3_l_eave_l_r_eal_pressure_01
5732,D3116,D,3116,float32,plc_product_data,,0,,8,,,measurement_test3_l_eave_r_r_eal_pressure_01
5733,D3122,D,3122,int16,plc_product_data,1,0,,4,,,measurement_test3_appearance_ccd_ascll1
5734,D3124,D,3124,float32,plc_product_data,,0,,8,,,measurement_test3_height_l_ccd_r_eal_distance_01
5735,D3126,D,3126,float32,plc_product_data,,0,,8,,,measurement_test3_height_r_ccd_r_eal_distance_01
5736,D3130,D,3130,float32,plc_product_data,,0,,8,,,measurement_test5_pressure_l_r_eal_pressure_01
5737,D3134,D,3134,float32,plc_product_data,,0,,8,,,measurement_test6_pressure_r_r_eal_pressure_01
5738,D3138,D,3138,float32,plc_product_data,,0,,8,,,measurement_test7_openvoltage_r_eal_action_voltage_01
5739,D3140,D,3140,float32,plc_product_data,,0,,8,,,measurement_test7_r_esetvoltage_r_eal_action_voltage_01
5740,D3142,D,3142,int16,plc_product_data,1,0,,4,,,measurement_test7_time_r_eal_sync_time_01
5741,D3146,D,3146,float32,plc_product_data,,0,,8,,,judgment_test8_ng_voltage_r_eal_ng_voltage_01
5742,D3152,D,3152,int16,plc_product_data,1,0,,4,,,measurement_test3_status_ccd_ascll1
5743,D3214,D,3214,float32,plc_product_data,,0,,8,,,measurement_test3_l_eave_l_r_eal_pressure_02
5744,D3216,D,3216,float32,plc_product_data,,0,,8,,,measurement_test3_l_eave_r_r_eal_pressure_02
5745,D3222,D,3222,int16,plc_product_data,1,0,,4,,,measurement_test3_appearance_ccd_ascll2
5746,D3224,D,3224,float32,plc_product_data,,0,,8,,,measurement_test3_height_l_ccd_r_eal_distance_02
5747,D3226,D,3226,float32,plc_product_data,,0,,8,,,measurement_test3_height_r_ccd_r_eal_distance_02
5748,D3230,D,3230,float32,plc_product_data,,0,,8,,,measurement_test5_pressure_l_r_eal_pressure_02
5749,D3234,D,3234,float32,plc_product_data,,0,,8,,,measurement_test6_pressure_r_r_eal_pressure_02
5750,D3238,D,3238,float32,plc_product_data,,0,,8,,,measurement_test7_openvoltage_r_eal_action_voltage_02
5751,D3240,D,3240,float32,plc_product_data,,0,,8,,,measurement_test7_r_esetvoltage_r_eal_action_voltage_02
5752,D3242,D,3242,int16,plc_product_data,1,0,,4,,,measurement_test7_time_r_eal_sync_time_02
5753,D3246,D,3246,float32,plc_product_data,,0,,8,,,judgment_test8_ng_voltage_r_eal_ng_voltage_02
5754,D3252,D,3252,int16,plc_product_data,1,0,,4,,,measurement_test3_status_ccd_ascll2
5755,D3314,D,3314,float32,plc_product_data,,0,,8,,,measurement_test3_l_eave_l_r_eal_pressure_03
5756,D3316,D,3316,float32,plc_product_data,,0,,8,,,measurement_test3_l_eave_r_r_eal_pressure_03
5757,D3322,D,3322,int16,plc_product_data,1,0,,4,,,measurement_test3_appearance_ccd_ascll3
5758,D3324,D,3324,float32,plc_product_data,,0,,8,,,measurement_test3_height_l_ccd_r_eal_distance_03
5759,D3326,D,3326,float32,plc_product_data,,0,,8,,,measurement_test3_height_r_ccd_r_eal_distance_03
5760,D3330,D,3330,float32,plc_product_data,,0,,8,,,measurement_test5_pressure_l_r_eal_pressure_03
5761,D3334,D,3334,float32,plc_product_data,,0,,8,,,measurement_test6_pressure_r_r_eal_pressure_03
5762,D3338,D,3338,float32,plc_product_data,,0,,8,,,measurement_test7_openvoltage_r_eal_action_voltage_03
5763,D3340,D,3340,float32,plc_product_data,,0,,8,,,measurement_test7_r_esetvoltage_r_eal_action_voltage_03
5764,D3342,D,3342,int16,plc_product_data,1,0,,4,,,measurement_test7_time_r_eal_sync_time_03
5765,D3346,D,3346,float32,plc_product_data,,0,,8,,,judgment_test8_ng_voltage_r_eal_ng_voltage_03
5766,D3352,D,3352,int16,plc_product_data,1,0,,4,,,measurement_test3_status_ccd_ascll3
5767,D3414,D,3414,float32,plc_product_data,,0,,8,,,measurement_test3_l_eave_l_r_eal_pressure_04
5768,D3416,D,3416,float32,plc_product_data,,0,,8,,,measurement_test3_l_eave_r_r_eal_pressure_04
5769,D3422,D,3422,int16,plc_product_data,1,0,,4,,,measurement_test3_appearance_ccd_ascll4
5770,D3424,D,3424,float32,plc_product_data,,0,,8,,,measurement_test3_height_l_ccd_r_eal_distance_04
5771,D3426,D,3426,float32,plc_product_data,,0,,8,,,measurement_test3_height_r_ccd_r_eal_distance_04
5772,D3430,D,3430,float32,plc_product_data,,0,,8,,,measurement_test5_pressure_l_r_eal_pressure_04
5773,D3434,D,3434,float32,plc_product_data,,0,,8,,,measurement_test6_pressure_r_r_eal_pressure_04
5774,D3438,D,3438,float32,plc_product_data,,0,,8,,,measurement_test7_openvoltage_r_eal_action_voltage_04
5775,D3440,D,3440,float32,plc_product_data,,0,,8,,,measurement_test7_r_esetvoltage_r_eal_action_voltage_04
5776,D3442,D,3442,int16,plc_product_data,1,0,,4,,,measurement_test7_time_r_eal_sync_time_04
5777,D3446,D,3446,float32,plc_product_data,,0,,8,,,judgment_test8_ng_voltage_r_eal_ng_voltage_04
5778,D3452,D,3452,int16,plc_product_data,1,0,,4,,,measurement_test3_status_ccd_ascll4
5779,D3514,D,3514,float32,plc_product_data,,0,,8,,,measurement_test3_l_eave_l_r_eal_pressure_l_ag_save
5780,D3516,D,3516,float32,plc_product_data,,0,,8,,,measurement_test3_l_eave_r_r_eal_pressure_l_ag_save
5781,D3522,D,3522,int16,plc_product_data,1,0,,4,,,measurement_test3_appearance_ccd_ascll_l_ag_save
5782,D3524,D,3524,float32,plc_product_data,,0,,8,,,measurement_test3_height_l_ccd_r_eal_distance_l_ag_save
5783,D3526,D,3526,float32,plc_product_data,,0,,8,,,measurement_test3_height_r_ccd_r_eal_distance_l_ag_save
5784,D3530,D,3530,float32,plc_product_data,,0,,8,,,measurement_test5_pressure_l_r_eal_pressure_l_ag_save
5785,D3534,D,3534,float32,plc_product_data,,0,,8,,,measurement_test6_pressure_r_r_eal_pressure_l_ag_save
5786,D3538,D,3538,float32,plc_product_data,,0,,8,,,measurement_test7_openvoltage_r_eal_action_voltage_l_ag_save
5787,D3540,D,3540,float32,plc_product_data,,0,,8,,,measurement_test7_r_esetvoltage_r_eal_action_voltage_l_ag_save
5788,D3542,D,3542,int16,plc_product_data,1,0,,4,,,measurement_test7_time_r_eal_sync_time_l_ag_save
5789,D3546,D,3546,float32,plc_product_data,,0,,8,,,judgment_test8_ng_voltage_r_eal_ng_voltage_l_ag_save
5790,D3552,D,3552,int16,plc_product_data,1,0,,4,,,measurement_test3_status_ccd_ascll_l_ag_save
5791,D3614,D,3614,float32,plc_product_data,,0,,8,,,measurement_test3_l_eave_l_r_eal_pressure_01
5792,D3616,D,3616,float32,plc_product_data,,0,,8,,,measurement_test3_l_eave_r_r_eal_pressure_01
5793,D3622,D,3622,int16,plc_product_data,1,0,,4,,,measurement_test3_appearance_ccd_ascll1
5794,D3624,D,3624,float32,plc_product_data,,0,,8,,,measurement_test3_height_l_ccd_r_eal_distance_01
5795,D3626,D,3626,float32,plc_product_data,,0,,8,,,measurement_test3_height_r_ccd_r_eal_distance_01
5796,D3630,D,3630,float32,plc_product_data,,0,,8,,,measurement_test5_pressure_l_r_eal_pressure_01
5797,D3634,D,3634,float32,plc_product_data,,0,,8,,,measurement_test6_pressure_r_r_eal_pressure_01
5798,D3638,D,3638,float32,plc_product_data,,0,,8,,,measurement_test7_openvoltage_r_eal_action_voltage_01
5799,D3640,D,3640,float32,plc_product_data,,0,,8,,,measurement_test7_r_esetvoltage_r_eal_action_voltage_01
5800,D3642,D,3642,int16,plc_product_data,1,0,,4,,,measurement_test7_time_r_eal_sync_time_01
5801,D3646,D,3646,float32,plc_product_data,,0,,8,,,judgment_test8_ng_voltage_r_eal_ng_voltage_01
5802,D3652,D,3652,int16,plc_product_data,1,0,,4,,,measurement_test3_status_ccd_ascll1
5803,D3714,D,3714,float32,plc_product_data,,0,,8,,,measurement_test3_l_eave_l_r_eal_pressure_02
5804,D3716,D,3716,float32,plc_product_data,,0,,8,,,measurement_test3_l_eave_r_r_eal_pressure_02
5805,D3722,D,3722,int16,plc_product_data,1,0,,4,,,measurement_test3_appearance_ccd_ascll2
5806,D3724,D,3724,float32,plc_product_data,,0,,8,,,measurement_test3_height_l_ccd_r_eal_distance_02
5807,D3726,D,3726,float32,plc_product_data,,0,,8,,,measurement_test3_height_r_ccd_r_eal_distance_02
5808,D3730,D,3730,float32,plc_product_data,,0,,8,,,measurement_test5_pressure_l_r_eal_pressure_02
5809,D3734,D,3734,float32,plc_product_data,,0,,8,,,measurement_test6_pressure_r_r_eal_pressure_02
5810,D3738,D,3738,float32,plc_product_data,,0,,8,,,measurement_test7_openvoltage_r_eal_action_voltage_02
5811,D3740,D,3740,float32,plc_product_data,,0,,8,,,measurement_test7_r_esetvoltage_r_eal_action_voltage_02
5812,D3742,D,3742,int16,plc_product_data,1,0,,4,,,measurement_test7_time_r_eal_sync_time_02
5813,D3746,D,3746,float32,plc_product_data,,0,,8,,,judgment_test8_ng_voltage_r_eal_ng_voltage_02
5814,D3752,D,3752,int16,plc_product_data,1,0,,4,,,measurement_test3_status_ccd_ascll2
5815,D3814,D,3814,float32,plc_product_data,,0,,8,,,measurement_test3_l_eave_l_r_eal_pressure_03
5816,D3816,D,3816,float32,plc_product_data,,0,,8,,,measurement_test3_l_eave_r_r_eal_pressure_03
5817,D3822,D,3822,int16,plc_product_data,1,0,,4,,,measurement_test3_appearance_ccd_ascll3
5818,D3824,D,3824,float32,plc_product_data,,0,,8,,,measurement_test3_height_l_ccd_r_eal_distance_03
5819,D3826,D,3826,float32,plc_product_data,,0,,8,,,measurement_test3_height_r_ccd_r_eal_distance_03
5820,D3830,D,3830,float32,plc_product_data,,0,,8,,,measurement_test5_pressure_l_r_eal_pressure_03
5821,D3834,D,3834,float32,plc_product_data,,0,,8,,,measurement_test6_pressure_r_r_eal_pressure_03
5822,D3838,D,3838,float32,plc_product_data,,0,,8,,,measurement_test7_openvoltage_r_eal_action_voltage_03
5823,D3840,D,3840,float32,plc_product_data,,0,,8,,,measurement_test7_r_esetvoltage_r_eal_action_voltage_03
5824,D3842,D,3842,int16,plc_product_data,1,0,,4,,,measurement_test7_time_r_eal_sync_time_03
5825,D3846,D,3846,float32,plc_product_data,,0,,8,,,judgment_test8_ng_voltage_r_eal_ng_voltage_03
5826,D3852,D,3852,int16,plc_product_data,1,0,,4,,,measurement_test3_status_ccd_ascll3
5827,D4900,D,4900,int16,plc_product_data,1,0,,4,,,judgment_status_ascll_l_ag_ng_save
5828,D4902,D,4902,int16,plc_product_data,1,0,,4,,,judgment_test2_status_ascll_l_ag_ng_save
5829,D4904,D,4904,int16,plc_product_data,1,0,,4,,,judgment_test2_on_l_int_l_l_ag_ng_save
5830,D4906,D,4906,int16,plc_product_data,1,0,,4,,,judgment_test2_off_l_int_l_l_ag_ng_save
5831,D4908,D,4908,int16,plc_product_data,1,0,,4,,,judgment_test2_on_r_int_r_l_ag_ng_save
5832,D4910,D,4910,int16,plc_product_data,1,0,,4,,,judgment_test2_off_r_int_r_l_ag_ng_save
5833,D4912,D,4912,int16,plc_product_data,1,0,,4,,,judgment_test3_status_l_eave_ascll_l_ag_ng_save
5834,D4914,D,4914,float32,plc_product_data,,0,,8,,,judgment_test3_l_eave_l_r_eal_pressure_l_ag_ng_save
5835,D4916,D,4916,float32,plc_product_data,,0,,8,,,judgment_test3_l_eave_r_r_eal_pressure_l_ag_ng_save
5836,D4918,D,4918,float32,plc_product_data,,0,,8,,,judgment_test3_height_l_r_eal_distance_l_ag_ng_save
5837,D4920,D,4920,float32,plc_product_data,,0,,8,,,judgment_test3_height_r_r_eal_distance_l_ag_ng_save
5838,D4922,D,4922,int16,plc_product_data,1,0,,4,,,judgment_test3_appearance_ccd_ascll_l_ag_ng_save
5839,D4924,D,4924,float32,plc_product_data,,0,,8,,,judgment_test3_height_l_ccd_r_eal_distance_l_ag_ng_save
5840,D4926,D,4926,float32,plc_product_data,,0,,8,,,judgment_test3_height_r_ccd_r_eal_distance_l_ag_ng_save
5841,D4928,D,4928,int16,plc_product_data,1,0,,4,,,judgment_test5_status_ascll_l_ag_ng_save
5842,D4930,D,4930,float32,plc_product_data,,0,,8,,,judgment_test5_pressure_l_r_eal_pressure_l_ag_ng_save
5843,D4932,D,4932,int16,plc_product_data,1,0,,4,,,judgment_test6_status_ascll_l_ag_ng_save
5844,D4934,D,4934,float32,plc_product_data,,0,,8,,,judgment_test6_pressure_r_r_eal_pressure_l_ag_ng_save
5845,D4936,D,4936,int16,plc_product_data,1,0,,4,,,judgment_test7_status_ascll_l_ag_ng_save
5846,D4938,D,4938,float32,plc_product_data,,0,,8,,,judgment_test7_openvoltage_r_eal_action_voltage_l_ag_ng_save
5847,D4940,D,4940,float32,plc_product_data,,0,,8,,,judgment_test7_r_esetvoltage_r_eal_action_voltage_l_ag_ng_save
5848,D4942,D,4942,int16,plc_product_data,1,0,,4,,,judgment_test7_time_r_eal_sync_time_l_ag_ng_save
5849,D4944,D,4944,int16,plc_product_data,1,0,,4,,,judgment_test8_status_ascll_l_ag_ng_save
5850,D4946,D,4946,float32,plc_product_data,,0,,8,,,judgment_test8_ng_voltage_r_eal_ng_voltage_l_ag_ng_save
5851,D4950,D,4950,int16,plc_product_data,1,0,,4,,,judgment_test3_status_height_ascll_l_ag_ng_save
5852,D4952,D,4952,int16,plc_product_data,1,0,,4,,,judgment_test3_status_ccd_ascll_l_ag_ng_save
5853,D4954,D,4954,int16,plc_product_data,1,0,,4,,,judgment_test7_status_r_eset_ascll_l_ag_ng_save
5854,D4956,D,4956,int16,plc_product_data,1,0,,4,,,judgment_test7_status_time_ascll_l_ag_ng_save
5855,M180,M,180,bool,plc_product_data,1,0,,,,,judgment_ok_day_start
5856,M181,M,181,bool,plc_product_data,1,0,,,,,judgment_ok_day
5857,M182,M,182,bool,plc_product_data,1,0,,,,,judgment_ok_day_sd
5858,M183,M,183,bool,plc_product_data,1,0,,,,,judgment_ok_day_usb
5859,M184,M,184,bool,plc_product_data,1,0,,,,,judgment_ng_day_start
5860,M185,M,185,bool,plc_product_data,1,0,,,,,judgment_ng_day
5861,M186,M,186,bool,plc_product_data,1,0,,,,,judgment_ng_day_sd
5862,M187,M,187,bool,plc_product_data,1,0,,,,,judgment_ng_day_usb
5863,L1215,L,1215,bool,plc_setting_data,1,0,,,,,setting_mask
5864,L1220,L,1220,bool,plc_setting_data,1,0,,,,,setting_manual_glue_purge
5865,L1250,L,1250,bool,plc_product_data,1,0,,,,,status_air_pressure_alarm_mask
5866,L1251,L,1251,bool,plc_setting_data,1,0,,,,,setting_mask
5867,L1252,L,1252,bool,plc_setting_data,1,0,,,,,setting_no_material_mask
5868,L1253,L,1253,bool,plc_setting_data,1,0,,,,,setting_on_no_material_mask
5869,L1254,L,1254,bool,plc_setting_data,1,0,,,,,setting_safety_door_mask
5870,X8,X,8,bool,plc_product_data,1,0,,,,,measurement_01_detect
5871,X9,X,9,bool,plc_product_data,1,0,,,,,measurement_02_detect
5872,XA,X,A,bool,plc_product_data,1,0,,,,,measurement_03_detect
5873,XB,X,B,bool,plc_product_data,1,0,,,,,measurement_04_detect
5874,X19F,X,19F,bool,plc_product_data,1,0,,,,,measurement_02_pressure_signal
5875,X1DF,X,1DF,bool,plc_product_data,1,0,,,,,measurement_01_pressure_signal
5876,Y4A7,Y,4A7,bool,plc_product_data,1,0,,,,,action_st12_distribute_servo_on
5877,Y4A8,Y,4A8,bool,plc_product_data,1,0,,,,,action_st12_push_servo_on
5880,D2,D,2,uint16,plc_product_data,1,0,,4,,,status_auto
5901,D218,D,218,uint16,plc_product_data,1,0,,4,,,measurement_current_cycle
5907,D280,D,280,float32,plc_setting_data,,0,,8,,,setting_st02
5908,D282,D,282,int16,plc_setting_data,1,0,,4,,,setting_st02
5910,D402,D,402,int32,log,1,0,,,,,log_time
5911,D404,D,404,int32,log,1,0,,,,,log_number_h
5912,D406,D,406,int32,log,1,0,,,,,log_ok_number_h
5914,D480,D,480,uint16,plc_product_data,1,0,,4,,,measurement_st03_updown_jig_01
5915,D482,D,482,uint16,plc_product_data,1,0,,4,,,measurement_st03_updown_jig_02
5916,D484,D,484,uint16,plc_product_data,1,0,,4,,,measurement_st04_updown_jig_01
5917,D486,D,486,float32,plc_product_data,,0,,8,,,measurement_st04_updown_jig_02
5928,D602,D,602,int32,plc_setting_data,1,0,,8,,,setting_st12_riveting
5929,D604,D,604,int32,plc_setting_data,1,0,,8,,,setting_st12_riveting_end
5930,D606,D,606,uint16,plc_setting_data,1,0,,4,,,setting_st12_riveting
5931,D608,D,608,uint16,plc_setting_data,1,0,,4,,,setting_st12_riveting
5932,D610,D,610,uint16,plc_setting_data,1,0,,4,,,setting_st12_riveting
5933,D620,D,620,uint16,plc_setting_data,1,0,,4,,,setting_st14_pick
5934,D622,D,622,uint16,plc_setting_data,1,0,,4,,,setting_st14_pick
5935,D624,D,624,uint16,plc_setting_data,1,0,,4,,,setting_st14_pick_end
5936,D626,D,626,uint16,plc_setting_data,1,0,,4,,,setting_st14_pick
5937,D628,D,628,uint16,plc_setting_data,1,0,,4,,,setting_st14_pick
5938,D630,D,630,uint16,plc_setting_data,1,0,,4,,,setting_st14_pick
5939,D640,D,640,int16,plc_setting_data,1,0,,4,,,setting_st14_origin
5940,D646,D,646,int16,plc_setting_data,1,0,,4,,,setting_st14_updown
5941,D648,D,648,int16,plc_setting_data,1,0,,4,,,setting_st14_updown
5942,D650,D,650,uint16,plc_setting_data,1,0,,4,,,setting_st14_updown
5943,D660,D,660,int16,plc_setting_data,1,0,,4,,,setting_st15_pick
5944,D666,D,666,int16,plc_setting_data,1,0,,4,,,setting_st15_pick
5945,D668,D,668,int16,plc_setting_data,1,0,,4,,,setting_st15_pick
5946,D670,D,670,uint16,plc_setting_data,1,0,,4,,,setting_st15_pick
5947,D1000,D,1000,uint32,plc_setting_data,1,0,,6,,,setting_st08_glue_auto
5958,D1040,D,1040,uint32,plc_setting_data,1,0,,6,,,setting_st12_distribute_auto
5962,D1052,D,1052,uint32,plc_setting_data,1,0,,6,,,setting_st12_distribute
5963,D1060,D,1060,uint32,plc_setting_data,1,0,,6,,,setting_st12_push_auto
5968,D1080,D,1080,int32,plc_setting_data,1,0,,8,,,setting_st11_riveting_auto
5970,D1088,D,1088,int32,plc_setting_data,1,0,,8,,,setting_st11_origin
5971,D1090,D,1090,int16,plc_setting_data,1,0,,4,,,setting_st11_riveting
5972,D1100,D,1100,uint16,plc_setting_data,1,0,,4,,,setting_st12_riveting_auto
5974,D1104,D,1104,uint16,plc_product_data,1,0,,4,,,measurement_st12_riveting
5975,D1106,D,1106,uint16,plc_setting_data,1,0,,4,,,setting_st12_riveting
5976,D1108,D,1108,int16,plc_setting_data,1,0,,4,,,setting_st12_origin
5977,D1110,D,1110,int16,plc_setting_data,1,0,,4,,,setting_st12_riveting
5978,D1120,D,1120,uint16,plc_setting_data,1,0,,4,,,setting_st14_pick_auto
5980,D1124,D,1124,uint16,plc_product_data,1,0,,4,,,measurement_st14_pick
5981,D1126,D,1126,uint16,plc_setting_data,1,0,,4,,,setting_st14_pick
5982,D1128,D,1128,int16,plc_setting_data,1,0,,4,,,setting_st14_pick
5983,D1130,D,1130,int16,plc_setting_data,1,0,,4,,,setting_st14_pick
5984,D1140,D,1140,uint16,plc_setting_data,1,0,,4,,,setting_st14_updown_auto
5986,D1144,D,1144,uint16,plc_product_data,1,0,,4,,,measurement_st14_updown
5987,D1146,D,1146,uint16,plc_setting_data,1,0,,4,,,setting_st14_updown
5988,D1148,D,1148,int16,plc_setting_data,1,0,,4,,,setting_st14_origin
5989,D1150,D,1150,int16,plc_setting_data,1,0,,4,,,setting_st14_updown
5990,D1160,D,1160,uint16,plc_setting_data,1,0,,4,,,setting_st15_pick_auto
5992,D1164,D,1164,uint16,plc_product_data,1,0,,4,,,measurement_st15_pick
5993,D1166,D,1166,uint16,plc_setting_data,1,0,,4,,,setting_st15_pick
5994,D1168,D,1168,int16,plc_setting_data,1,0,,4,,,setting_st15_pick
5995,D1170,D,1170,int16,plc_setting_data,1,0,,4,,,setting_st15_pick
5996,D1240,D,1240,uint16,plc_setting_data,1,0,,4,,,setting_servo_auto
5998,D1244,D,1244,uint16,plc_product_data,1,0,,4,,,measurement_servo
5999,D1246,D,1246,uint16,plc_setting_data,1,0,,4,,,setting_servo
6000,D1248,D,1248,uint16,plc_setting_data,1,0,,4,,,setting_servo
6014,D3100,D,3100,uint16,plc_product_data,1,0,,4,,,measurement_status
6015,D3102,D,3102,uint16,plc_product_data,1,0,,4,,,measurement_status
6016,D3104,D,3104,uint16,plc_product_data,1,0,,4,,,measurement_l
6017,D3106,D,3106,uint16,plc_product_data,1,0,,4,,,measurement_l
6018,D3108,D,3108,uint16,plc_product_data,1,0,,4,,,measurement_r
6019,D3110,D,3110,float32,plc_product_data,,0,,8,,,measurement_r
6020,D3112,D,3112,float32,plc_product_data,,0,,8,,,measurement_l_status
6021,D3118,D,3118,float32,plc_product_data,,0,,8,,,measurement_test_003_height_l_real_distance_001
6022,D3120,D,3120,int16,plc_product_data,1,0,,4,,,measurement_r
6023,D3128,D,3128,float32,plc_product_data,,0,,8,,,measurement_status
6024,D3132,D,3132,float32,plc_product_data,,0,,8,,,measurement_status
6025,D3136,D,3136,float32,plc_product_data,,0,,8,,,measurement_status
6026,D3144,D,3144,int16,plc_product_data,1,0,,4,,,measurement_status
6027,D3150,D,3150,int16,plc_product_data,1,0,,4,,,measurement_status
6028,D3154,D,3154,int16,plc_product_data,1,0,,4,,,measurement_r_status
6029,D3156,D,3156,int16,plc_product_data,1,0,,4,,,measurement_status
6030,D3200,D,3200,uint16,plc_product_data,1,0,,4,,,measurement_status
6031,D3202,D,3202,uint16,plc_product_data,1,0,,4,,,measurement_status
6032,D3204,D,3204,uint16,plc_product_data,1,0,,4,,,measurement_l
6033,D3206,D,3206,uint16,plc_product_data,1,0,,4,,,measurement_l
6034,D3208,D,3208,uint16,plc_product_data,1,0,,4,,,measurement_r
6035,D3210,D,3210,float32,plc_product_data,,0,,8,,,measurement_r
6036,D3212,D,3212,float32,plc_product_data,,0,,8,,,measurement_l_status
6037,D3218,D,3218,float32,plc_product_data,,0,,8,,,measurement_test_003_height_l_real_distance_002
6038,D3220,D,3220,int16,plc_product_data,1,0,,4,,,measurement_r
6039,D3228,D,3228,float32,plc_product_data,,0,,8,,,measurement_status
6040,D3232,D,3232,float32,plc_product_data,,0,,8,,,measurement_status
6041,D3236,D,3236,float32,plc_product_data,,0,,8,,,measurement_status
6042,D3244,D,3244,int16,plc_product_data,1,0,,4,,,measurement_status
6043,D3250,D,3250,int16,plc_product_data,1,0,,4,,,measurement_status
6044,D3254,D,3254,int16,plc_product_data,1,0,,4,,,measurement_r_status
6045,D3256,D,3256,int16,plc_product_data,1,0,,4,,,measurement_status
6046,D3300,D,3300,uint16,plc_product_data,1,0,,4,,,measurement_status
6047,D3302,D,3302,uint16,plc_product_data,1,0,,4,,,measurement_status
6048,D3304,D,3304,uint16,plc_product_data,1,0,,4,,,measurement_l
6049,D3306,D,3306,uint16,plc_product_data,1,0,,4,,,measurement_l
6050,D3308,D,3308,uint16,plc_product_data,1,0,,4,,,measurement_r
6051,D3310,D,3310,float32,plc_product_data,,0,,8,,,measurement_r
6052,D3312,D,3312,float32,plc_product_data,,0,,8,,,measurement_l_status
6053,D3318,D,3318,float32,plc_product_data,,0,,8,,,measurement_test_003_height_l_real_distance_003
6054,D3320,D,3320,int16,plc_product_data,1,0,,4,,,measurement_r
6055,D3328,D,3328,float32,plc_product_data,,0,,8,,,measurement_status
6056,D3332,D,3332,float32,plc_product_data,,0,,8,,,measurement_status
6057,D3336,D,3336,float32,plc_product_data,,0,,8,,,measurement_status
6058,D3344,D,3344,int16,plc_product_data,1,0,,4,,,measurement_status
6059,D3350,D,3350,int16,plc_product_data,1,0,,4,,,measurement_status
6060,D3354,D,3354,int16,plc_product_data,1,0,,4,,,measurement_r_status
6061,D3356,D,3356,int16,plc_product_data,1,0,,4,,,measurement_status
6062,D3400,D,3400,uint16,plc_product_data,1,0,,4,,,measurement_status
6063,D3402,D,3402,uint16,plc_product_data,1,0,,4,,,measurement_status
6064,D3404,D,3404,uint16,plc_product_data,1,0,,4,,,measurement_l
6065,D3406,D,3406,uint16,plc_product_data,1,0,,4,,,measurement_l
6066,D3408,D,3408,uint16,plc_product_data,1,0,,4,,,measurement_r
6067,D3410,D,3410,float32,plc_product_data,,0,,8,,,measurement_r
6068,D3412,D,3412,float32,plc_product_data,,0,,8,,,measurement_l_status
6069,D3418,D,3418,float32,plc_product_data,,0,,8,,,measurement_test_003_height_l_real_distance_004
6070,D3420,D,3420,int16,plc_product_data,1,0,,4,,,measurement_r
6071,D3428,D,3428,float32,plc_product_data,,0,,8,,,measurement_status
6072,D3432,D,3432,float32,plc_product_data,,0,,8,,,measurement_status
6073,D3436,D,3436,float32,plc_product_data,,0,,8,,,measurement_status
6074,D3444,D,3444,int16,plc_product_data,1,0,,4,,,measurement_status
6075,D3450,D,3450,int16,plc_product_data,1,0,,4,,,measurement_status
6076,D3454,D,3454,int16,plc_product_data,1,0,,4,,,measurement_r_status
6077,D3456,D,3456,int16,plc_product_data,1,0,,4,,,measurement_status
6078,D3500,D,3500,uint16,plc_product_data,1,0,,4,,,measurement_l_status
6079,D3502,D,3502,uint16,plc_product_data,1,0,,4,,,measurement_l_status
6080,D3504,D,3504,uint16,plc_product_data,1,0,,4,,,measurement_l
6081,D3506,D,3506,uint16,plc_product_data,1,0,,4,,,measurement_l
6082,D3508,D,3508,uint16,plc_product_data,1,0,,4,,,measurement_test_002_coil_resistance_on_r_intrlag_save
6083,D3510,D,3510,float32,plc_product_data,,0,,8,,,measurement_test_002_coil_resistance_off_r_intrlag_save
6084,D3512,D,3512,float32,plc_product_data,,0,,8,,,measurement_l_status
6085,D3518,D,3518,float32,plc_product_data,,0,,8,,,measurement_test_003_height_l_real_distancelag_save
6086,D3520,D,3520,int16,plc_product_data,1,0,,4,,,measurement_test_003_height_r_real_distancelag_save
6087,D3528,D,3528,float32,plc_product_data,,0,,8,,,measurement_l_status
6088,D3532,D,3532,float32,plc_product_data,,0,,8,,,measurement_l_status
6089,D3536,D,3536,float32,plc_product_data,,0,,8,,,measurement_l_status
6090,D3544,D,3544,int16,plc_product_data,1,0,,4,,,measurement_l_status
6091,D3550,D,3550,int16,plc_product_data,1,0,,4,,,measurement_l_status
6092,D3554,D,3554,int16,plc_product_data,1,0,,4,,,measurement_status
6093,D3556,D,3556,int16,plc_product_data,1,0,,4,,,measurement_l_status
6094,D3600,D,3600,uint16,plc_product_data,1,0,,4,,,measurement_status
6095,D3602,D,3602,uint16,plc_product_data,1,0,,4,,,measurement_status
6096,D3604,D,3604,uint16,plc_product_data,1,0,,4,,,measurement_l
6097,D3606,D,3606,uint16,plc_product_data,1,0,,4,,,measurement_l
6098,D3608,D,3608,uint16,plc_product_data,1,0,,4,,,measurement_r
6099,D3610,D,3610,float32,plc_product_data,,0,,8,,,measurement_r
6100,D3612,D,3612,float32,plc_product_data,,0,,8,,,measurement_l_status
6101,D3618,D,3618,float32,plc_product_data,,0,,8,,,measurement_test_003_height_l_real_distance_001
6102,D3620,D,3620,int16,plc_product_data,1,0,,4,,,measurement_r
6103,D3628,D,3628,float32,plc_product_data,,0,,8,,,measurement_status
6104,D3632,D,3632,float32,plc_product_data,,0,,8,,,measurement_status
6105,D3636,D,3636,float32,plc_product_data,,0,,8,,,measurement_status
6106,D3644,D,3644,int16,plc_product_data,1,0,,4,,,measurement_status
6107,D3650,D,3650,int16,plc_product_data,1,0,,4,,,measurement_status
6108,D3654,D,3654,int16,plc_product_data,1,0,,4,,,measurement_r_status
6109,D3656,D,3656,int16,plc_product_data,1,0,,4,,,measurement_status
6110,D3700,D,3700,uint16,plc_product_data,1,0,,4,,,measurement_status
6111,D3702,D,3702,uint16,plc_product_data,1,0,,4,,,measurement_status
6112,D3704,D,3704,uint16,plc_product_data,1,0,,4,,,measurement_l
6113,D3706,D,3706,uint16,plc_product_data,1,0,,4,,,measurement_l
6114,D3708,D,3708,uint16,plc_product_data,1,0,,4,,,measurement_r
6115,D3710,D,3710,float32,plc_product_data,,0,,8,,,measurement_r
6116,D3712,D,3712,float32,plc_product_data,,0,,8,,,measurement_l_status
6117,D3718,D,3718,float32,plc_product_data,,0,,8,,,measurement_test_003_height_l_real_distance_002
6118,D3720,D,3720,int16,plc_product_data,1,0,,4,,,measurement_r
6119,D3728,D,3728,float32,plc_product_data,,0,,8,,,measurement_status
6120,D3732,D,3732,float32,plc_product_data,,0,,8,,,measurement_status
6121,D3736,D,3736,float32,plc_product_data,,0,,8,,,measurement_status
6122,D3744,D,3744,int16,plc_product_data,1,0,,4,,,measurement_status
6123,D3750,D,3750,int16,plc_product_data,1,0,,4,,,measurement_status
6124,D3754,D,3754,int16,plc_product_data,1,0,,4,,,measurement_r_status
6125,D3756,D,3756,int16,plc_product_data,1,0,,4,,,measurement_status
6126,D3800,D,3800,uint16,plc_product_data,1,0,,4,,,measurement_status
6127,D3802,D,3802,uint16,plc_product_data,1,0,,4,,,measurement_status
6128,D3804,D,3804,uint16,plc_product_data,1,0,,4,,,measurement_l
6129,D3806,D,3806,uint16,plc_product_data,1,0,,4,,,measurement_l
6130,D3808,D,3808,uint16,plc_product_data,1,0,,4,,,measurement_r
6131,D3810,D,3810,float32,plc_product_data,,0,,8,,,measurement_r
6132,D3812,D,3812,float32,plc_product_data,,0,,8,,,measurement_l_status
6133,D3818,D,3818,float32,plc_product_data,,0,,8,,,measurement_test_003_height_l_real_distance_003
6134,D3820,D,3820,int16,plc_product_data,1,0,,4,,,measurement_r
6135,D3828,D,3828,float32,plc_product_data,,0,,8,,,measurement_status
6136,D3832,D,3832,float32,plc_product_data,,0,,8,,,measurement_status
6137,D3836,D,3836,float32,plc_product_data,,0,,8,,,measurement_status
6138,D3844,D,3844,int16,plc_product_data,1,0,,4,,,measurement_status
6139,D3850,D,3850,int16,plc_product_data,1,0,,4,,,measurement_status
6140,D3854,D,3854,int16,plc_product_data,1,0,,4,,,measurement_r_status
6141,D3856,D,3856,int16,plc_product_data,1,0,,4,,,measurement_status
6142,D3900,D,3900,int32,plc_product_data,1,0,,,,,status_ascll_total_status_4
6143,D3954,D,3954,int32,log,1,0,,,,,log_test7_status_reset_ascll_status_4
6144,D3956,D,3956,int32,log,1,0,,,,,log_test7_status_time_ascll_status_4
6145,D4000,D,4000,uint16,plc_product_data,1,0,,4,,,measurement_odbus_tcp_processing_id
6146,D4001,D,4001,uint16,plc_product_data,1,0,,4,,,measurement_odbus_tcp_odule_id
6147,D4002,D,4002,uint16,plc_setting_data,1,0,,4,,,setting_odbus_tcp_write_slave_position_001_002_00_004_006
6148,D4003,D,4003,uint16,plc_product_data,1,0,,4,,,measurement_odbus_tcp_write_slave_word_count
6149,D4010,D,4010,uint16,plc_product_data,1,0,,4,,,measurement_noral_return_data_processing_id
6150,D4011,D,4011,uint16,plc_product_data,1,0,,4,,,measurement_noral_return_data_odule_id
6151,D4012,D,4012,uint16,plc_setting_data,1,0,,4,,,setting_noral_return_data_slave_position
6152,D4013,D,4013,uint16,plc_product_data,1,0,,4,,,measurement_noral_return_data_write_slave_word_count
6156,D4030,D,4030,uint16,plc_setting_data,1,0,,4,,,setting_r
6157,D4034,D,4034,uint16,plc_product_data,1,0,,4,,,measurement_closedata_001
6158,D4035,D,4035,uint16,plc_product_data,1,0,,4,,,measurement_closedata_002
6159,D4038,D,4038,uint16,plc_product_data,1,0,,4,,,measurement_opendata_001
6160,D4039,D,4039,uint16,plc_product_data,1,0,,4,,,measurement_opendata_002
6161,D4040,D,4040,uint16,plc_product_data,1,0,,4,,,measurement_address
6162,D4042,D,4042,uint16,plc_product_data,1,0,,4,,,measurement_nuber_001
6163,D4043,D,4043,uint16,plc_product_data,1,0,,4,,,measurement_nuber_002
6164,D4044,D,4044,uint16,plc_product_data,1,0,,4,,,measurement_nuber_003
6165,D4045,D,4045,uint16,plc_product_data,1,0,,4,,,measurement_nuber_004
6166,D4046,D,4046,uint16,plc_product_data,1,0,,4,,,measurement_nuber_005
6167,D4047,D,4047,uint16,plc_product_data,1,0,,4,,,measurement_nuber_006
6168,D4048,D,4048,uint16,plc_product_data,1,0,,4,,,measurement_nuber_007
6169,D4049,D,4049,uint16,plc_product_data,1,0,,4,,,measurement_nuber_008
6170,D4099,D,4099,uint16,plc_product_data,1,0,,4,,,measurement_odbus_tcpsend_data
6171,D4100,D,4100,uint16,plc_product_data,1,0,,4,,,measurement_odbus_tcpsend_dataaddress_001_002_003
6172,D4224,D,4224,uint16,plc_product_data,1,0,,4,,,measurement_end
6173,D5000,D,5000,uint16,plc_setting_data,1,0,,4,,,setting_st03_updown_save
6174,D7000,D,7000,uint16,plc_setting_data,1,0,,4,,,setting_st03_updown_save
6175,D9000,D,9000,uint16,plc_setting_data,1,0,,4,,,setting_st04_updown_save
6176,D12000,D,12000,uint16,plc_setting_data,1,0,,4,,,setting_st04_updown_save
6183,M11,M,11,bool,plc_product_data,1,0,,,,,status_st08_glue
6184,M12,M,12,bool,plc_product_data,1,0,,,,,status_st08_glue_done
6187,M15,M,15,bool,plc_product_data,1,0,,,,,measurement_st08_glue_stop
6188,M16,M,16,bool,plc_product_data,1,0,,,,,measurement_st08_glue
6189,M17,M,17,bool,plc_product_data,1,0,,,,,status_st08_glue_indicator
6198,M31,M,31,bool,plc_product_data,1,0,,,,,status_st12_distribute
6199,M32,M,32,bool,plc_product_data,1,0,,,,,status_st12_distribute_done
6202,M35,M,35,bool,plc_product_data,1,0,,,,,measurement_st12_distribute_stop
6203,M36,M,36,bool,plc_product_data,1,0,,,,,measurement_st12_distribute
6204,M37,M,37,bool,plc_product_data,1,0,,,,,status_st12_distribute_indicator
6207,M41,M,41,bool,plc_product_data,1,0,,,,,status_st12_push
6208,M42,M,42,bool,plc_product_data,1,0,,,,,status_st12_push_done
6211,M45,M,45,bool,plc_product_data,1,0,,,,,measurement_st12_push_stop
6212,M46,M,46,bool,plc_product_data,1,0,,,,,measurement_st12_push
6213,M47,M,47,bool,plc_product_data,1,0,,,,,status_st12_push_indicator
6216,M51,M,51,bool,plc_product_data,1,0,,,,,status_st11_origin
6217,M52,M,52,bool,plc_product_data,1,0,,,,,status_st11_origin_done
6220,M55,M,55,bool,plc_product_data,1,0,,,,,measurement_st11_stop_stop
6221,M56,M,56,bool,plc_product_data,1,0,,,,,measurement_st11_servo
6222,M57,M,57,bool,plc_product_data,1,0,,,,,status_st11_origin_indicator
6223,M58,M,58,bool,plc_product_data,1,0,,,,,action_st11_riveting_indicator
6224,M59,M,59,bool,plc_product_data,1,0,,,,,action_st11_riveting_indicator
6225,M61,M,61,bool,plc_product_data,1,0,,,,,status_st12_origin
6226,M62,M,62,bool,plc_product_data,1,0,,,,,status_st12_origin_done
6229,M65,M,65,bool,plc_product_data,1,0,,,,,measurement_st12_stop_stop
6230,M66,M,66,bool,plc_product_data,1,0,,,,,measurement_st12_riveting
6231,M67,M,67,bool,plc_product_data,1,0,,,,,status_st12_origin_indicator
6232,M68,M,68,bool,plc_product_data,1,0,,,,,action_st12_riveting_indicator
6233,M69,M,69,bool,plc_product_data,1,0,,,,,action_st12_riveting_indicator
6234,M71,M,71,bool,plc_product_data,1,0,,,,,status_st14_pick
6235,M72,M,72,bool,plc_product_data,1,0,,,,,status_st14_pick_done
6238,M75,M,75,bool,plc_product_data,1,0,,,,,measurement_st14_pick_stop
6239,M76,M,76,bool,plc_product_data,1,0,,,,,measurement_st14_pick
6240,M77,M,77,bool,plc_product_data,1,0,,,,,status_st14_pick_indicator
6241,M78,M,78,bool,plc_product_data,1,0,,,,,action_st14_pick_indicator
6242,M79,M,79,bool,plc_product_data,1,0,,,,,action_st14_pick_indicator
6243,M81,M,81,bool,plc_product_data,1,0,,,,,status_origin
6244,M82,M,82,bool,plc_product_data,1,0,,,,,status_origin_done
6247,M85,M,85,bool,plc_product_data,1,0,,,,,measurement_stop_stop
6248,M86,M,86,bool,plc_product_data,1,0,,,,,measurement_008
6249,M87,M,87,bool,plc_product_data,1,0,,,,,status_origin_indicator
6250,M88,M,88,bool,plc_product_data,1,0,,,,,action_indicator
6251,M89,M,89,bool,plc_product_data,1,0,,,,,action_indicator
6252,M91,M,91,bool,plc_product_data,1,0,,,,,status_st15_pick
6253,M92,M,92,bool,plc_product_data,1,0,,,,,status_st15_pick_done
6256,M95,M,95,bool,plc_product_data,1,0,,,,,measurement_st15_pick_stop
6257,M96,M,96,bool,plc_product_data,1,0,,,,,measurement_st15_pick
6258,M97,M,97,bool,plc_product_data,1,0,,,,,status_st15_pick_indicator
6259,M98,M,98,bool,plc_product_data,1,0,,,,,action_st15_pick_indicator
6260,M99,M,99,bool,plc_product_data,1,0,,,,,action_st15_pick_indicator
6262,M200,M,200,bool,plc_product_data,1,0,,,,,measurement_turntable
6263,M201,M,201,bool,plc_product_data,1,0,,,,,measurement_turntable
6264,M202,M,202,bool,plc_product_data,1,0,,,,,status_reset_done
6265,M210,M,210,bool,plc_product_data,1,0,,,,,measurement_start_save
6266,M211,M,211,bool,plc_product_data,1,0,,,,,measurement_start
6267,M212,M,212,bool,plc_product_data,1,0,,,,,measurement_done
6268,M500,M,500,bool,plc_setting_data,1,0,,,,,setting_st08_glue_positioning
6269,M501,M,501,bool,plc_setting_data,1,0,,,,,setting_st08_glue_arrived
6270,M502,M,502,bool,plc_product_data,1,0,,,,,status_st08_glue_positioning
6271,M503,M,503,bool,plc_product_data,1,0,,,,,status_st08_glue_arrived
6272,M504,M,504,bool,plc_product_data,1,0,,,,,status_st08_glue_positioning
6273,M505,M,505,bool,plc_product_data,1,0,,,,,status_st08_glue_arrived
6274,M508,M,508,bool,plc_setting_data,1,0,,,,,setting_st08_glue_positioning
6275,M509,M,509,bool,plc_setting_data,1,0,,,,,setting_st08_glue_arrived
6276,M510,M,510,bool,plc_setting_data,1,0,,,,,setting_st08_glue_positioning
6277,M511,M,511,bool,plc_setting_data,1,0,,,,,setting_st08_glue_arrived
6288,M620,M,620,bool,plc_setting_data,1,0,,,,,setting_st14_pick_positioning
6289,M621,M,621,bool,plc_setting_data,1,0,,,,,setting_st14_pick_arrived
6290,M626,M,626,bool,plc_setting_data,1,0,,,,,setting_st14_pick_positioning
6291,M627,M,627,bool,plc_setting_data,1,0,,,,,setting_st14_pick_arrived
6292,M628,M,628,bool,plc_setting_data,1,0,,,,,setting_st14_pick_positioning
6293,M629,M,629,bool,plc_setting_data,1,0,,,,,setting_st14_pick_arrived
6294,M630,M,630,bool,plc_setting_data,1,0,,,,,setting_st14_pick_positioning
6295,M631,M,631,bool,plc_setting_data,1,0,,,,,setting_st14_pick_arrived
6296,M640,M,640,bool,plc_setting_data,1,0,,,,,setting_st14_origin_positioning
6297,M641,M,641,bool,plc_setting_data,1,0,,,,,setting_st14_origin_arrived
6298,M646,M,646,bool,plc_setting_data,1,0,,,,,setting_st14_updown_positioning
6299,M647,M,647,bool,plc_setting_data,1,0,,,,,setting_st14_updown_arrived
6300,M648,M,648,bool,plc_setting_data,1,0,,,,,setting_st14_updown_positioning
6301,M649,M,649,bool,plc_setting_data,1,0,,,,,setting_st14_updown_arrived
6302,M650,M,650,bool,plc_setting_data,1,0,,,,,setting_st14_updown_positioning
6303,M651,M,651,bool,plc_setting_data,1,0,,,,,setting_st14_updown_arrived
6304,M660,M,660,bool,plc_setting_data,1,0,,,,,setting_st15_pick_positioning
6305,M661,M,661,bool,plc_setting_data,1,0,,,,,setting_st15_pick_arrived
6306,M666,M,666,bool,plc_setting_data,1,0,,,,,setting_st15_pick_positioning
6307,M667,M,667,bool,plc_setting_data,1,0,,,,,setting_st15_pick_arrived
6308,M668,M,668,bool,plc_setting_data,1,0,,,,,setting_st15_pick_positioning
6309,M669,M,669,bool,plc_setting_data,1,0,,,,,setting_st15_pick_arrived
6310,M670,M,670,bool,plc_setting_data,1,0,,,,,setting_st15_pick_positioning
6311,M671,M,671,bool,plc_setting_data,1,0,,,,,setting_st15_pick_arrived
6312,M680,M,680,bool,plc_setting_data,1,0,,,,,setting_st06_origin_jig_02_positioning
6313,M681,M,681,bool,plc_setting_data,1,0,,,,,setting_st06_origin_jig_02_arrived
6314,M686,M,686,bool,plc_setting_data,1,0,,,,,setting_st06_jig_02_positioning
6315,M687,M,687,bool,plc_setting_data,1,0,,,,,setting_st06_jig_02_arrived
6316,M688,M,688,bool,plc_setting_data,1,0,,,,,setting_st06_jig_02_positioning
6317,M689,M,689,bool,plc_setting_data,1,0,,,,,setting_st06_jig_02_arrived
6318,M690,M,690,bool,plc_setting_data,1,0,,,,,setting_st06_jig_02_positioning
6319,M691,M,691,bool,plc_setting_data,1,0,,,,,setting_st06_jig_02_arrived
6320,M700,M,700,bool,plc_setting_data,1,0,,,,,setting_st06_origin_jig_03_positioning
6321,M701,M,701,bool,plc_setting_data,1,0,,,,,setting_st06_origin_jig_03_arrived
6322,M706,M,706,bool,plc_setting_data,1,0,,,,,setting_st06_jig_03_positioning
6323,M707,M,707,bool,plc_setting_data,1,0,,,,,setting_st06_jig_03_arrived
6324,M708,M,708,bool,plc_setting_data,1,0,,,,,setting_st06_jig_03_positioning
6325,M709,M,709,bool,plc_setting_data,1,0,,,,,setting_st06_jig_03_arrived
6326,M710,M,710,bool,plc_setting_data,1,0,,,,,setting_st06_jig_03_positioning
6327,M711,M,711,bool,plc_setting_data,1,0,,,,,setting_st06_jig_03_arrived
6328,M720,M,720,bool,plc_setting_data,1,0,,,,,setting_st06_origin_jig_04_positioning
6329,M721,M,721,bool,plc_setting_data,1,0,,,,,setting_st06_origin_jig_04_arrived
6330,M726,M,726,bool,plc_setting_data,1,0,,,,,setting_st06_jig_04_positioning
6331,M727,M,727,bool,plc_setting_data,1,0,,,,,setting_st06_jig_04_arrived
6332,M728,M,728,bool,plc_setting_data,1,0,,,,,setting_st06_jig_04_positioning
6333,M729,M,729,bool,plc_setting_data,1,0,,,,,setting_st06_jig_04_arrived
6334,M730,M,730,bool,plc_setting_data,1,0,,,,,setting_st06_jig_04_positioning
6335,M731,M,731,bool,plc_setting_data,1,0,,,,,setting_st06_jig_04_arrived
6336,M1002,M,1002,bool,plc_product_data,1,0,,,,,status_st02_arrived
6337,M1003,M,1003,bool,plc_product_data,1,0,,,,,status_st03_arrived
6338,M1004,M,1004,bool,plc_product_data,1,0,,,,,status_st04_arrived
6339,M1007,M,1007,bool,plc_product_data,1,0,,,,,status_st07_arrived
6340,M1008,M,1008,bool,plc_product_data,1,0,,,,,status_st08_arrived
6341,M1009,M,1009,bool,plc_product_data,1,0,,,,,status_st09_arrived
6342,L0,L,0,bool,plc_product_data,1,0,,,,,measurement_st09
6346,L10,L,10,bool,plc_product_data,1,0,,,,,measurement_reset
6357,L23,L,23,bool,plc_product_data,1,0,,,,,measurement_st13_reset
6358,L24,L,24,bool,plc_product_data,1,0,,,,,measurement_st14_reset
6359,L25,L,25,bool,plc_product_data,1,0,,,,,measurement_st15_reset
6360,L26,L,26,bool,plc_product_data,1,0,,,,,measurement_st16_reset
6361,L27,L,27,bool,plc_product_data,1,0,,,,,measurement_st17_reset
6362,L28,L,28,bool,plc_product_data,1,0,,,,,measurement_st18_reset
6363,L29,L,29,bool,plc_product_data,1,0,,,,,measurement_st19_reset
6364,L50,L,50,bool,plc_product_data,1,0,,,,,action_reset_done
6375,L63,L,63,bool,plc_product_data,1,0,,,,,action_st13_reset_done
6376,L64,L,64,bool,plc_product_data,1,0,,,,,action_st14_reset_done
6377,L65,L,65,bool,plc_product_data,1,0,,,,,action_st15_reset_done
6378,L66,L,66,bool,plc_product_data,1,0,,,,,action_st16_reset_done
6379,L67,L,67,bool,plc_product_data,1,0,,,,,action_st17_reset_done
6380,L68,L,68,bool,plc_product_data,1,0,,,,,action_st18_reset_done
6381,L69,L,69,bool,plc_product_data,1,0,,,,,action_st19_reset_done
6409,L133,L,133,bool,plc_product_data,1,0,,,,,status_st13_origin
6410,L134,L,134,bool,plc_product_data,1,0,,,,,status_st14_origin
6411,L135,L,135,bool,plc_product_data,1,0,,,,,status_st15_origin
6412,L136,L,136,bool,plc_product_data,1,0,,,,,status_st16_origin
6413,L137,L,137,bool,plc_product_data,1,0,,,,,status_st17_origin
6414,L138,L,138,bool,plc_product_data,1,0,,,,,status_st18_origin
6415,L139,L,139,bool,plc_product_data,1,0,,,,,status_st19_origin
6416,L153,L,153,bool,plc_product_data,1,0,,,,,status_st13_active
6417,L154,L,154,bool,plc_product_data,1,0,,,,,status_st14_active
6418,L155,L,155,bool,plc_product_data,1,0,,,,,status_st15_active
6419,L156,L,156,bool,plc_product_data,1,0,,,,,status_st16_active
6420,L157,L,157,bool,plc_product_data,1,0,,,,,status_st17_active
6421,L158,L,158,bool,plc_product_data,1,0,,,,,status_st18_active
6422,L159,L,159,bool,plc_product_data,1,0,,,,,status_st19_active
6423,L173,L,173,bool,plc_product_data,1,0,,,,,status_st13
6424,L174,L,174,bool,plc_product_data,1,0,,,,,status_st14
6425,L175,L,175,bool,plc_product_data,1,0,,,,,status_st15
6426,L176,L,176,bool,plc_product_data,1,0,,,,,status_st16
6427,L177,L,177,bool,plc_product_data,1,0,,,,,status_st17
6428,L178,L,178,bool,plc_product_data,1,0,,,,,status_st18
6429,L179,L,179,bool,plc_product_data,1,0,,,,,status_st19
6430,L401,L,401,bool,plc_product_data,1,0,,,,,measurement_st01_updown
6431,L402,L,402,bool,plc_product_data,1,0,,,,,measurement_st01_rotary
6432,L403,L,403,bool,plc_product_data,1,0,,,,,measurement_st01_clamp_jig_01
6433,L404,L,404,bool,plc_product_data,1,0,,,,,measurement_st01_clamp_jig_02
6434,L405,L,405,bool,plc_product_data,1,0,,,,,measurement_st01_clamp_jig_03
6435,L406,L,406,bool,plc_product_data,1,0,,,,,measurement_st01_clamp_jig_04
6436,L407,L,407,bool,plc_product_data,1,0,,,,,measurement_st01_distribute
6437,L408,L,408,bool,plc_product_data,1,0,,,,,measurement_st01_distribute
6438,L409,L,409,bool,plc_product_data,1,0,,,,,measurement_st02_updown
6439,L410,L,410,bool,plc_product_data,1,0,,,,,measurement_st02
6440,L411,L,411,bool,plc_product_data,1,0,,,,,measurement_st03_updown
6441,L412,L,412,bool,plc_product_data,1,0,,,,,measurement_st03
6442,L413,L,413,bool,plc_product_data,1,0,,,,,measurement_st04_updown
6443,L414,L,414,bool,plc_product_data,1,0,,,,,measurement_st04
6444,L415,L,415,bool,plc_product_data,1,0,,,,,measurement_st05
6445,L416,L,416,bool,plc_product_data,1,0,,,,,measurement_st05_baffle
6446,L421,L,421,bool,plc_product_data,1,0,,,,,measurement_st05_distribute
6447,L422,L,422,bool,plc_product_data,1,0,,,,,measurement_st05_distribute
6448,L423,L,423,bool,plc_product_data,1,0,,,,,measurement_st05
6449,L424,L,424,bool,plc_product_data,1,0,,,,,measurement_st06_baffle
6450,L425,L,425,bool,plc_product_data,1,0,,,,,measurement_st01_distribute
6451,L426,L,426,bool,plc_product_data,1,0,,,,,measurement_st05
6452,L427,L,427,bool,plc_product_data,1,0,,,,,measurement_st05
6453,L428,L,428,bool,plc_product_data,1,0,,,,,measurement_st05_rotary
6454,L429,L,429,bool,plc_product_data,1,0,,,,,measurement_st05_rotary
6455,L430,L,430,bool,plc_product_data,1,0,,,,,measurement_st05_rotary
6456,L431,L,431,bool,plc_product_data,1,0,,,,,measurement_st05_rotary
6457,L432,L,432,bool,plc_product_data,1,0,,,,,measurement_st05_receive
6458,L433,L,433,bool,plc_product_data,1,0,,,,,measurement_st05_receive
6459,L438,L,438,bool,plc_product_data,1,0,,,,,measurement_st05
6460,L439,L,439,bool,plc_product_data,1,0,,,,,measurement_st05_lateral
6461,L440,L,440,bool,plc_product_data,1,0,,,,,measurement_st05_updown
6462,L441,L,441,bool,plc_product_data,1,0,,,,,measurement_st05_vacuum
6463,L442,L,442,bool,plc_product_data,1,0,,,,,measurement_st05_vacuum
6464,L443,L,443,bool,plc_product_data,1,0,,,,,measurement_st05_vacuum
6465,L444,L,444,bool,plc_product_data,1,0,,,,,measurement_st05_vacuum
6466,L445,L,445,bool,plc_product_data,1,0,,,,,measurement_st05_vacuum
6467,L446,L,446,bool,plc_product_data,1,0,,,,,measurement_st05_vacuum
6468,L447,L,447,bool,plc_product_data,1,0,,,,,measurement_st05_vacuum
6469,L448,L,448,bool,plc_product_data,1,0,,,,,measurement_st05_vacuum
6470,L449,L,449,bool,plc_product_data,1,0,,,,,status_st05_clamp_jig_01_positioning
6471,L450,L,450,bool,plc_product_data,1,0,,,,,status_st05_clamp_jig_02_positioning
6472,L451,L,451,bool,plc_product_data,1,0,,,,,status_st05_clamp_jig_03_positioning
6473,L452,L,452,bool,plc_product_data,1,0,,,,,status_st05_clamp_jig_04_positioning
6474,L453,L,453,bool,plc_product_data,1,0,,,,,measurement_st06_pick
6475,L454,L,454,bool,plc_product_data,1,0,,,,,measurement_st06_pick
6476,L455,L,455,bool,plc_product_data,1,0,,,,,measurement_st06_pick_jig_01
6477,L456,L,456,bool,plc_product_data,1,0,,,,,measurement_st06_pick_jig_02
6478,L457,L,457,bool,plc_product_data,1,0,,,,,measurement_st06_pick_jig_03
6479,L458,L,458,bool,plc_product_data,1,0,,,,,measurement_st06_pick_jig_04
6480,L459,L,459,bool,plc_product_data,1,0,,,,,measurement_st06_push
6481,L464,L,464,bool,plc_product_data,1,0,,,,,measurement_st06
6482,L465,L,465,bool,plc_product_data,1,0,,,,,measurement_st06
6483,L466,L,466,bool,plc_product_data,1,0,,,,,measurement_st07_distribute
6484,L467,L,467,bool,plc_product_data,1,0,,,,,measurement_st07_distribute
6485,L468,L,468,bool,plc_product_data,1,0,,,,,measurement_st07_distribute
6486,L469,L,469,bool,plc_product_data,1,0,,,,,measurement_st08_distribute
6487,L470,L,470,bool,plc_product_data,1,0,,,,,measurement_st08_distribute
6488,L471,L,471,bool,plc_product_data,1,0,,,,,measurement_st08_fwdback
6489,L476,L,476,bool,plc_product_data,1,0,,,,,measurement_st09_distribute
6490,L477,L,477,bool,plc_product_data,1,0,,,,,measurement_st09_distribute
6491,L478,L,478,bool,plc_product_data,1,0,,,,,measurement_st09_distribute
6492,L479,L,479,bool,plc_product_data,1,0,,,,,measurement_st10_push
6493,L480,L,480,bool,plc_product_data,1,0,,,,,measurement_st10_baffle
6494,L481,L,481,bool,plc_product_data,1,0,,,,,measurement_st10
6495,L482,L,482,bool,plc_product_data,1,0,,,,,measurement_st10
6496,L483,L,483,bool,plc_product_data,1,0,,,,,measurement_st10
6497,L484,L,484,bool,plc_product_data,1,0,,,,,measurement_st10
6498,L485,L,485,bool,plc_product_data,1,0,,,,,measurement_st10
6499,L486,L,486,bool,plc_product_data,1,0,,,,,measurement_st10
6500,L487,L,487,bool,plc_product_data,1,0,,,,,measurement_st10
6501,L488,L,488,bool,plc_product_data,1,0,,,,,measurement_st10
6502,L494,L,494,bool,plc_product_data,1,0,,,,,measurement_st01_updown
6503,L495,L,495,bool,plc_product_data,1,0,,,,,measurement_st02_distribute
6504,L496,L,496,bool,plc_product_data,1,0,,,,,measurement_st02_distribute
6505,L497,L,497,bool,plc_product_data,1,0,,,,,measurement_st02_updown
6506,L498,L,498,bool,plc_product_data,1,0,,,,,measurement_st02_updown
6507,L499,L,499,bool,plc_product_data,1,0,,,,,measurement_st02_updown
6508,L500,L,500,bool,plc_product_data,1,0,,,,,measurement_st02_updown
6509,L501,L,501,bool,plc_product_data,1,0,,,,,measurement_st05_updown
6510,L502,L,502,bool,plc_product_data,1,0,,,,,measurement_st06_baffle
6773,L1001,L,1001,bool,plc_product_data,1,0,,,,,measurement_point
6774,L1002,L,1002,bool,plc_product_data,1,0,,,,,measurement_reset
6775,L1003,L,1003,bool,plc_product_data,1,0,,,,,measurement_end
6777,L1005,L,1005,bool,plc_product_data,1,0,,,,,measurement_auto
6778,L1007,L,1007,bool,plc_product_data,1,0,,,,,status_start_auto
6780,L1009,L,1009,bool,plc_product_data,1,0,,,,,measurement_reset
6784,L1022,L,1022,bool,plc_product_data,1,0,,,,,measurement_reset
6796,L1113,L,1113,bool,plc_product_data,1,0,,,,,status_st13_auto
6797,L1114,L,1114,bool,plc_product_data,1,0,,,,,status_st14_auto
6799,L1116,L,1116,bool,plc_product_data,1,0,,,,,status_st16_auto
6800,L1117,L,1117,bool,plc_product_data,1,0,,,,,status_st17_auto
6801,L1118,L,1118,bool,plc_product_data,1,0,,,,,status_st18_auto
6802,L1119,L,1119,bool,plc_product_data,1,0,,,,,status_st19_auto
6803,L1120,L,1120,bool,plc_product_data,1,0,,,,,status_st20_auto
6804,L1121,L,1121,bool,plc_product_data,1,0,,,,,status_st21_auto
6805,L1122,L,1122,bool,plc_product_data,1,0,,,,,status_st22_auto
6806,L1123,L,1123,bool,plc_product_data,1,0,,,,,status_st23_auto
6807,L1124,L,1124,bool,plc_product_data,1,0,,,,,status_st24_auto
6808,L1125,L,1125,bool,plc_product_data,1,0,,,,,status_st25_auto
6809,L1126,L,1126,bool,plc_product_data,1,0,,,,,status_st26_auto
6810,L1127,L,1127,bool,plc_product_data,1,0,,,,,status_st27_auto
6811,L1128,L,1128,bool,plc_product_data,1,0,,,,,status_st28_auto
6812,L1129,L,1129,bool,plc_product_data,1,0,,,,,status_st29_auto
6813,L1130,L,1130,bool,plc_product_data,1,0,,,,,status_st30_auto
6814,L1131,L,1131,bool,plc_product_data,1,0,,,,,status_st31_auto
6822,L1600,L,1600,bool,plc_product_data,1,0,,,,,measurement_st07_distribute
6823,L1601,L,1601,bool,plc_product_data,1,0,,,,,measurement_st07_distribute
6824,L1620,L,1620,bool,plc_product_data,1,0,,,,,measurement_st08_start_start
6825,L1621,L,1621,bool,plc_product_data,1,0,,,,,measurement_st09_start_start
6826,L1622,L,1622,bool,plc_product_data,1,0,,,,,measurement_st10_start_start
6827,L1630,L,1630,bool,plc_product_data,1,0,,,,,measurement_st09_jig_02
