tag_id,tag_name,memory,address,data_type,collection_group,scale,offset,decimals,word_length,format,unit,description
257,D210,D,210,uint32,plc_data,1,0,,10,,,총 생산량
252,D200,D,200,uint32,plc_data,1,0,,8,,,생산수량
253,D202,D,202,uint32,plc_data,1,0,,8,,,OK 수량_PCS
254,D204,D,204,uint32,plc_data,1,0,,8,,,NG 수량_PCS
260,D216,D,216,uint32,plc_data,0.1,0,,5,,,사이클 시간
1000,Y401,Y,401,bool,plc_data,1,0,,,,,자동 선택 표시 등
1001,Y402,Y,402,bool,plc_data,1,0,,,,,표시등을 수동으로 선택
1002,Y403,Y,403,bool,plc_data,1,0,,,,,자동 시작 표시등
1003,Y404,Y,404,bool,plc_data,1,0,,,,,자동 정지 표시등
1004,Y405,Y,405,bool,plc_data,1,0,,,,,재설정 표시등
1005,Y406,Y,406,bool,plc_data,1,0,,,,,알람 해제 표시등
1006,Y407,Y,407,bool,plc_data,1,0,,,,,사이클 시작 표시등
1007,Y408,Y,408,bool,plc_data,1,0,,,,,실린더 작동 표시 등
1008,Y409,Y,409,bool,plc_data,1,0,,,,,실린더 재설정 표시등
1009,Y40A,Y,40A,bool,plc_data,1,0,,,,,잔여물 처리 표시등
1010,Y40C,Y,40C,bool,tl_data,1,0,,,,,TL_RED
1011,Y40D,Y,40D,bool,tl_data,1,0,,,,,TL_Green
1012,Y40E,Y,40E,bool,tl_data,1,0,,,,,TL_Yellow
3000,M188,M,188,bool,log,1,0,,,,,Log3(D360-D368)
3001,D360,D,360,uint32,log,1,0,0,,,,Number/h
3002,D362,D,362,uint32,log,1,0,0,,,,OK_Number/h
3003,D364,D,364,uint32,log,1,0,0,,,,NG_Number/h
3004,D366,D,366,float32,log,1,0,2,,,,OK/%
3005,D368,D,368,float32,log,1,0,2,,,,NG/%
2000,L2001,L,2001,bool,alm,1,0,,,,,0# 이온 송풍 전자 밸브 수동 미환원
2001,L2002,L,2002,bool,alm,1,0,,,,,1# 재료 운송 1 실린더 수동 미환원
2002,L2003,L,2003,bool,alm,1,0,,,,,1# 재료 운송 2 실린더 수동 미환원
2003,L2004,L,2004,bool,alm,1,0,,,,,1# 재료 Pick up 진공 1 수동 미환원
2004,L2005,L,2005,bool,alm,1,0,,,,,1# 재료 Pick up 진공 2 수동 미환원
2005,L2006,L,2006,bool,alm,1,0,,,,,1# 재료 Pick up 진공 3 수동 미환원
2006,L2007,L,2007,bool,alm,1,0,,,,,1# Pick up 파진공 1 수동 미환원
2007,L2008,L,2008,bool,alm,1,0,,,,,1# Pick up 파진공 2 수동 미환원
2008,L2009,L,2009,bool,alm,1,0,,,,,1# Pick up 파진공 3 수동 미환원
2009,L2010,L,2010,bool,alm,1,0,,,,,2# 상하 실린더 수동 미환원 감지
2010,L2011,L,2011,bool,alm,1,0,,,,,3# 재료 운송 실린더 수동 미환원
2011,L2012,L,2012,bool,alm,1,0,,,,,3# 재료 운송 진공 수동 미환원
2012,L2013,L,2013,bool,alm,1,0,,,,,3#Pick up 회전 실린더 수동 미환원
2013,L2014,L,2014,bool,alm,1,0,,,,,3#Pick up 진공  수동 미환원
2014,L2015,L,2015,bool,alm,1,0,,,,,3# Pick up 파진공  수동 미환원
2015,L2016,L,2016,bool,alm,1,0,,,,,5# 재료 운송 실린더 수동 미환원
2016,L2017,L,2017,bool,alm,1,0,,,,,5#Pick up 회전 실린더 수동 미환원
2017,L2018,L,2018,bool,alm,1,0,,,,,5# Pick up 진공  수동 미환원
2018,L2019,L,2019,bool,alm,1,0,,,,,5# Pick up 파진공  수동 미환원
2019,L2020,L,2020,bool,alm,1,0,,,,,7# 재료 운송 실린더 수동 미환원
2020,L2021,L,2021,bool,alm,1,0,,,,,7# 재료 운송 진공 수동 미환원
2021,L2022,L,2022,bool,alm,1,0,,,,,7#Pick up 회전 실린더 수동 미환원
2022,L2023,L,2023,bool,alm,1,0,,,,,7#Pick up 진공  수동 미환원
2023,L2024,L,2024,bool,alm,1,0,,,,,7# Pick up 파진공  수동 미환원
2024,L2025,L,2025,bool,alm,1,0,,,,,9# 지그 상부 올리는 실린더 이상
2025,L2026,L,2026,bool,alm,1,0,,,,,11# 재료 운송 1 실린더 수동 미환원
2026,L2027,L,2027,bool,alm,1,0,,,,,11# 재료 운송 2 실린더 수동 미환원
2027,L2028,L,2028,bool,alm,1,0,,,,,11#Pick up 진공 1 수동 미환원
2028,L2029,L,2029,bool,alm,1,0,,,,,11#Pick up 진공 2 수동 미환원
2029,L2030,L,2030,bool,alm,1,0,,,,,11#Pick up 진공 3 수동 미환원
2030,L2031,L,2031,bool,alm,1,0,,,,,11#Pick up 파진공 1 수동 미환원
2031,L2032,L,2032,bool,alm,1,0,,,,,11#Pick up 파진공 2 수동 미환원
2032,L2033,L,2033,bool,alm,1,0,,,,,11#Pick up 파진공 3 수동 미환원
2033,L2034,L,2034,bool,alm,1,0,,,,,12#가로이동 실린더 수동 미환원
2034,L2035,L,2035,bool,alm,1,0,,,,,12#상하 실린더 수동 미환원
2035,L2036,L,2036,bool,alm,1,0,,,,,12#진공1 수동 미환원
2036,L2037,L,2037,bool,alm,1,0,,,,,12#진공2 수동 미환원
2037,L2038,L,2038,bool,alm,1,0,,,,,12#진공3 수동 미환원
2038,L2039,L,2039,bool,alm,1,0,,,,,12#Pick up 파진공 1 수동 미환원
2039,L2040,L,2040,bool,alm,1,0,,,,,12#Pick up 파진공 2 수동 미환원
2040,L2041,L,2041,bool,alm,1,0,,,,,12#Pick up 파진공 3 수동 미환원
2041,L2042,L,2042,bool,alm,1,0,,,,,13# 지그 상부 올리는 실린더 수동 미환원
2042,L2043,L,2043,bool,alm,1,0,,,,,14# 전 후로 때리는  실린더 수동 미환원
2043,L2044,L,2044,bool,alm,1,0,,,,,14# 상하로 때리는  실린더 수동 미환원
2044,L2045,L,2045,bool,alm,1,0,,,,,14# CCD 수동 미환원
2045,L2046,L,2046,bool,alm,1,0,,,,,15# 자재 Pick up  회전  실린더 미환원
2046,L2047,L,2047,bool,alm,1,0,,,,,15#Pick up 진공 1 수동 미환원
2047,L2048,L,2048,bool,alm,1,0,,,,,15#Pick up 진공 2 수동 미환원
2048,L2049,L,2049,bool,alm,1,0,,,,,15#Pick up 진공 3 수동 미환원
2049,L2050,L,2050,bool,alm,1,0,,,,,15#Pick up 파진공 1 수동 미환원
2050,L2051,L,2051,bool,alm,1,0,,,,,15#Pick up 파진공 2 수동 미환원
2051,L2052,L,2052,bool,alm,1,0,,,,,15#Pick up 파진공 3 수동 미환원
2052,L2053,L,2053,bool,alm,1,0,,,,,15#불량 배출 실린더  수동 미환원
2053,L2054,L,2054,bool,alm,1,0,,,,,16#상하 실린더  수동 미환원
2054,L2055,L,2055,bool,alm,1,0,,,,,16# 먼지제거 수동 미환원
2055,L2056,L,2056,bool,alm,1,0,,,,,6# PIN  상하 실린더 수동 미환원
2056,L2057,L,2057,bool,alm,1,0,,,,,5# 재료 운송 진동 미환원
2057,L2058,L,2058,bool,alm,1,0,,,,,1#이송 진공 수동 미환원
2058,L2059,L,2059,bool,alm,1,0,,,,,15#배출 상부 수동 미환원
2059,L2060,L,2060,bool,alm,1,0,,,,,12#상단 수동 복원 안 함
2069,L3001,L,3001,bool,alm,1,0,,,,,0# 이온 송풍 전자 밸브 이상
2070,L3002,L,3002,bool,alm,1,0,,,,,1# 재료 운송 실린더 이상
2071,L3003,L,3003,bool,alm,1,0,,,,,2# 재료 운송 실린더 이상
2072,L3004,L,3004,bool,alm,1,0,,,,,6# Pick up 진공 1 이상
2073,L3005,L,3005,bool,alm,1,0,,,,,6# Pick up 진공 2 이상
2074,L3006,L,3006,bool,alm,1,0,,,,,6# Pick up 진공 3 이상
2075,L3007,L,3007,bool,alm,1,0,,,,,1# Pick up 파진공 1 수동 미환원
2076,L3008,L,3008,bool,alm,1,0,,,,,1# Pick up 파진공 2 수동 미환원
2077,L3009,L,3009,bool,alm,1,0,,,,,1# Pick up 파진공 3 수동 미환원
2078,L3010,L,3010,bool,alm,1,0,,,,,2# 상하 실린더 이상
2079,L3011,L,3011,bool,alm,1,0,,,,,3# 재료 운송 실린더 이상
2080,L3012,L,3012,bool,alm,1,0,,,,,3# 재료 운송 진공 이상
2081,L3013,L,3013,bool,alm,1,0,,,,,3#Pick up 회전 실린더 수동 미환원
2082,L3014,L,3014,bool,alm,1,0,,,,,3# Pick up 진공 이상
2083,L3015,L,3015,bool,alm,1,0,,,,,3# Pick up 파진공 이상
2084,L3016,L,3016,bool,alm,1,0,,,,,5# 재료 운송 실린더 이상
2085,L3017,L,3017,bool,alm,1,0,,,,,5# Pick up 회전 실린더 이상
2086,L3018,L,3018,bool,alm,1,0,,,,,5# Pick up 진공 이상
2087,L3019,L,3019,bool,alm,1,0,,,,,5# Pick up 파진공 이상
2088,L3020,L,3020,bool,alm,1,0,,,,,7# 재료 운송 실린더 이상
2089,L3021,L,3021,bool,alm,1,0,,,,,7# 재료 운송 진공 이상
2090,L3022,L,3022,bool,alm,1,0,,,,,7# Pick up 회전 실린더 이상
2091,L3023,L,3023,bool,alm,1,0,,,,,7# Pick up 진공 이상
2092,L3024,L,3024,bool,alm,1,0,,,,,7# Pick up 파진공 이상
2093,L3025,L,3025,bool,alm,1,0,,,,,9# 지그 상부 올리는 실린더 이상
2094,L3026,L,3026,bool,alm,1,0,,,,,11# 재료 운송 1실린더 이상
2095,L3027,L,3027,bool,alm,1,0,,,,,11# 재료 운송 2실린더 이상
2096,L3028,L,3028,bool,alm,1,0,,,,,11# Pick up 진공 1 이상
2097,L3029,L,3029,bool,alm,1,0,,,,,11# Pick up 진공 2 이상
2098,L3030,L,3030,bool,alm,1,0,,,,,11# Pick up 진공 3 이상
2099,L3031,L,3031,bool,alm,1,0,,,,,11# Pick up 파진공 1 이상
2100,L3032,L,3032,bool,alm,1,0,,,,,11# Pick up 파진공 2 이상
2101,L3033,L,3033,bool,alm,1,0,,,,,11# Pick up 파진공 3 이상
2102,L3034,L,3034,bool,alm,1,0,,,,,12#가로이동 실린더 이상
2103,L3035,L,3035,bool,alm,1,0,,,,,12# 상하 실린더 수동 이상
2104,L3036,L,3036,bool,alm,1,0,,,,,12# 진공 1  이상
2105,L3037,L,3037,bool,alm,1,0,,,,,12# 진공 2  이상
2106,L3038,L,3038,bool,alm,1,0,,,,,12# 진공 3  이상
2107,L3039,L,3039,bool,alm,1,0,,,,,12# 파진공 1 이상
2108,L3040,L,3040,bool,alm,1,0,,,,,12# 파진공 2 이상
2109,L3041,L,3041,bool,alm,1,0,,,,,12# 파진공 3 이상
2110,L3042,L,3042,bool,alm,1,0,,,,,13# 지그 상부 올리는 실린더 이상
2111,L3043,L,3043,bool,alm,1,0,,,,,14# 전후 때리는 실린더 이상
2112,L3044,L,3044,bool,alm,1,0,,,,,14# 상하 때리는 실린더 이상
2113,L3045,L,3045,bool,alm,1,0,,,,,14# CCD 이상
2114,L3046,L,3046,bool,alm,1,0,,,,,15# Pick up 회전 실린더 이상
2115,L3047,L,3047,bool,alm,1,0,,,,,15# Pick up 진공 1 이상
2116,L3048,L,3048,bool,alm,1,0,,,,,15# Pick up 진공 2 이상
2117,L3049,L,3049,bool,alm,1,0,,,,,15# Pick up 진공 3 이상
2118,L3050,L,3050,bool,alm,1,0,,,,,15# Pick up 파진공 1 이상
2119,L3051,L,3051,bool,alm,1,0,,,,,15# Pick up 진공 2 이상
2120,L3052,L,3052,bool,alm,1,0,,,,,15# Pick up 진공 3 이상
2121,L3053,L,3053,bool,alm,1,0,,,,,15# 불량배출 실린더 이상
2122,L3054,L,3054,bool,alm,1,0,,,,,16# 상하 실린더 이상
2123,L3055,L,3055,bool,alm,1,0,,,,,16# 먼지 제거 블로우 이상
2124,L3056,L,3056,bool,alm,1,0,,,,,16# PIN 상하 실린더 이상
2127,L3059,L,3059,bool,alm,1,0,,,,,15#배출 상부 실린더 이상
2128,L3060,L,3060,bool,alm,1,0,,,,,12#상부 실린더 이상
2139,L800,L,800,bool,alm,1,0,,,,,리셋 시간 지연
2140,L801,L,801,bool,alm,1,0,,,,,턴테이블이 원점을 찾지 못해 알람이 울림
2141,L802,L,802,bool,alm,1,0,,,,,턴테이블 조건 부족(일시정지/안전문/급 정지)
2142,L803,L,803,bool,alm,1,0,,,,,ST1 턴테이블 조건이 부족합니다.
2143,L804,L,804,bool,alm,1,0,,,,,ST2 턴테이블 조건이 부족합니다.
2144,L805,L,805,bool,alm,1,0,,,,,ST3 턴테이블 조건이 부족합니다.
2145,L806,L,806,bool,alm,1,0,,,,,ST4 턴테이블 조건이 부족합니다.
2146,L807,L,807,bool,alm,1,0,,,,,ST5 턴테이블 조건이 부족합니다.
2147,L808,L,808,bool,alm,1,0,,,,,ST6 턴테이블 조건이 부족합니다.
2148,L809,L,809,bool,alm,1,0,,,,,ST7 턴테이블 조건이 부족합니다.
2149,L810,L,810,bool,alm,1,0,,,,,ST8 턴테이블 조건이 부족합니다.
2150,L811,L,811,bool,alm,1,0,,,,,ST9 턴테이블 조건이 부족합니다.
2151,L812,L,812,bool,alm,1,0,,,,,ST10 턴테이블 조건이 부족합니다.
2152,L813,L,813,bool,alm,1,0,,,,,ST11 턴테이블 조건이 부족합니다.
2153,L814,L,814,bool,alm,1,0,,,,,ST12 턴테이블 조건이 부족합니다.
2154,L815,L,815,bool,alm,1,0,,,,,ST13 턴테이블 조건이 부족합니다.
2155,L816,L,816,bool,alm,1,0,,,,,ST14 턴테이블 조건이 부족합니다.
2156,L817,L,817,bool,alm,1,0,,,,,ST15 턴테이블 조건이 부족합니다.
2157,L818,L,818,bool,alm,1,0,,,,,ST16 턴테이블 조건이 부족합니다.
2158,L819,L,819,bool,alm,1,0,,,,,ST17 턴테이블 조건이 부족합니다.
2159,L820,L,820,bool,alm,1,0,,,,,ST18 턴테이블 조건이 부족합니다.
2160,L821,L,821,bool,alm,1,0,,,,,ST19 턴테이블 조건이 부족합니다.
2161,L822,L,822,bool,alm,1,0,,,,,ST20 턴테이블 조건이 부족합니다.
2162,L823,L,823,bool,alm,1,0,,,,,위치 결정 모듈 1 고장
2163,L824,L,824,bool,alm,1,0,,,,,위치 결정 모듈 2 고장
2164,L825,L,825,bool,alm,1,0,,,,,위치 결정 모듈 3 고장
2165,L826,L,826,bool,alm,1,0,,,,,위치 결정 모듈 4 고장
2166,L827,L,827,bool,alm,1,0,,,,,위치 결정 모듈 5 고장
2167,L828,L,828,bool,alm,1,0,,,,,위치 결정 모듈 6 고장
2168,L829,L,829,bool,alm,1,0,,,,,위치 결정 모듈 7 고장
2169,L830,L,830,bool,alm,1,0,,,,,ST0 유닛 복귀 시간 초과
2170,L831,L,831,bool,alm,1,0,,,,,ST1 유닛 복귀 시간 초과
2171,L832,L,832,bool,alm,1,0,,,,,ST2 유닛 복귀 시간 초과
2172,L833,L,833,bool,alm,1,0,,,,,ST3 유닛 복귀 시간 초과
2173,L834,L,834,bool,alm,1,0,,,,,ST4 유닛 복귀 시간 초과
2174,L835,L,835,bool,alm,1,0,,,,,ST5 유닛 복귀 시간 초과
2175,L836,L,836,bool,alm,1,0,,,,,ST6 유닛 복귀 시간 초과
2176,L837,L,837,bool,alm,1,0,,,,,ST7 유닛 복귀 시간 초과
2177,L838,L,838,bool,alm,1,0,,,,,ST8 유닛 복귀 시간 초과
2178,L839,L,839,bool,alm,1,0,,,,,ST9 유닛 복귀 시간 초과
2179,L840,L,840,bool,alm,1,0,,,,,ST10 유닛 복귀 시간 초과
2180,L841,L,841,bool,alm,1,0,,,,,ST11 유닛 복귀 시간 초과
2181,L842,L,842,bool,alm,1,0,,,,,ST12 유닛 복귀 시간 초과
2182,L843,L,843,bool,alm,1,0,,,,,ST13 유닛 복귀 시간 초과
2183,L844,L,844,bool,alm,1,0,,,,,ST14 유닛 복귀 시간 초과
2184,L845,L,845,bool,alm,1,0,,,,,ST14 유닛 복귀 시간 초과
2185,L846,L,846,bool,alm,1,0,,,,,ST15 유닛 복귀 시간 초과
2186,L847,L,847,bool,alm,1,0,,,,,ST16 유닛 복귀 시간 초과
2187,L848,L,848,bool,alm,1,0,,,,,ST17 유닛 복귀 시간 초과
2188,L849,L,849,bool,alm,1,0,,,,,ST18 유닛 복귀 시간 초과
2189,L850,L,850,bool,alm,1,0,,,,,ST19 유닛 복귀 시간 초과
2199,L860,L,860,bool,alm,1,0,,,,,저기압 알람
2200,L861,L,861,bool,alm,1,0,,,,,1# 자재 Pick up 서보 알람
2201,L862,L,862,bool,alm,1,0,,,,,3# 자재 Pick up 서보 알람
2202,L863,L,863,bool,alm,1,0,,,,,5# 자재 Pick up 서보 알람
2203,L864,L,864,bool,alm,1,0,,,,,7# 자재 Pick up 서보 알람
2204,L865,L,865,bool,alm,1,0,,,,,8#리벳팅 서보 알람
2205,L866,L,866,bool,alm,1,0,,,,,11# 자재 Pick up 서보 알람
2206,L867,L,867,bool,alm,1,0,,,,,13#리벳팅 서보 알람
2207,L868,L,868,bool,alm,1,0,,,,,14#상하 서보 알람
2208,L869,L,869,bool,alm,1,0,,,,,15# 자재 Pick up 서보 알람
2220,L881,L,881,bool,alm,1,0,,,,,1# 자재 Pick up 서보 마이너스 리미트 이상
2221,L882,L,882,bool,alm,1,0,,,,,3# 자재 Pick up 서보 마이너스 리미트 이상
2222,L883,L,883,bool,alm,1,0,,,,,5# 자재 Pick up 서보 마이너스 리미트 이상
2223,L884,L,884,bool,alm,1,0,,,,,7# 자재 Pick up 서보 마이너스 리미트 이상
2224,L885,L,885,bool,alm,1,0,,,,,9# 리벳팅 서보 마이너스 리미트 이상
2225,L886,L,886,bool,alm,1,0,,,,,11# 자재 Pick up 서보 마이너스 리미트 이상
2226,L887,L,887,bool,alm,1,0,,,,,13# 리벳팅 서보 마이너스 리미트 이상
2227,L888,L,888,bool,alm,1,0,,,,,14# 상하 서보 마이너스 리미트 이상
2228,L889,L,889,bool,alm,1,0,,,,,15# 자재 Pick up 서보 마이너스 리미트 이상
2240,L901,L,901,bool,alm,1,0,,,,,1# 자재 Pick up 서보 플러스 리미트 이상
2241,L902,L,902,bool,alm,1,0,,,,,3# 자재 Pick up 서보 플러스 리미트 이상
2242,L903,L,903,bool,alm,1,0,,,,,5# 자재 Pick up 서보 플러스 리미트 이상
2243,L904,L,904,bool,alm,1,0,,,,,7# 자재 Pick up 서보 플러스 리미트 이상
2244,L905,L,905,bool,alm,1,0,,,,,9# 리벳팅 서보 플러스 리미트 이상
2245,L906,L,906,bool,alm,1,0,,,,,11# 자재 Pick up 서보 플러스 리미트 이상
2246,L907,L,907,bool,alm,1,0,,,,,13# 리벳팅 서보 플러스 리미트 이상
2247,L908,L,908,bool,alm,1,0,,,,,14# 상하 서보 플러스 리미트 이상
2248,L909,L,909,bool,alm,1,0,,,,,15# 자재 Pick up 서보 플러스 리미트 이상
2330,L991,L,991,bool,alm,1,0,,,,,급정지가 눌러져 있음
2331,L992,L,992,bool,alm,1,0,,,,,일시정지 버튼이 눌려져 있음
2332,L993,L,993,bool,alm,1,0,,,,,안전문이 이미 열렸습니다.
2333,L994,L,994,bool,alm,1,0,,,,,에어 공급원  열리지 않음
2349,L660,L,660,bool,action,1,0,,,,,설비 점검하지 않았습니다 점검하세요
2389,L700,L,700,bool,action,1,0,,,,,리셋  되지 않음
2390,L701,L,701,bool,action,1,0,,,,,1# 자재 Pick up 서보가 원점으로 돌아가지 않았습니다.
2391,L702,L,702,bool,action,1,0,,,,,3# 자재 Pick up 서보가 원점으로 돌아가지 않았습니다.
2392,L703,L,703,bool,action,1,0,,,,,5# 자재 Pick up 서보가 원점으로 돌아가지 않았습니다.
2393,L704,L,704,bool,action,1,0,,,,,7# 자재 Pick up 서보가 원점으로 돌아가지 않았습니다.
2394,L705,L,705,bool,action,1,0,,,,,9# 리벳팅 서보 원점으로 돌아가지 않았습니다.
2395,L706,L,706,bool,action,1,0,,,,,11# 자재 Pick up 서보가 원점으로 돌아가지 않았습니다.
2396,L707,L,707,bool,action,1,0,,,,,13# 리벳팅 서보 원점으로 돌아가지 않았습니다.
2397,L708,L,708,bool,action,1,0,,,,,14# 상하 서보 원점으로 돌아가지 않았습니다.
2398,L709,L,709,bool,action,1,0,,,,,15# 자재 Pick up 서보가 원점으로 돌아가지 않았습니다.
2419,L730,L,730,bool,action,1,0,,,,,2# 연속 불량  검사바랍니다!
2420,L731,L,731,bool,action,1,0,,,,,4# 연속 불량  검사바랍니다!
2421,L732,L,732,bool,action,1,0,,,,,6# 연속 불량  검사바랍니다!
2422,L733,L,733,bool,action,1,0,,,,,8# 연속 불량  검사바랍니다!
2423,L734,L,734,bool,action,1,0,,,,,10# 연속 불량  검사바랍니다!
2424,L735,L,735,bool,action,1,0,,,,,14# CCD 타임지연!
2425,L736,L,736,bool,action,1,0,,,,,14#CCD 검사 연속 불량 검사 바랍니다!
2426,L737,L,737,bool,action,1,0,,,,,16# 잔류물이 검출되었으니 검사하시기 바랍니다!
2427,L738,L,738,bool,action,1,0,,,,,13#리벳팅 지그가 제 위치에 미도착 검사하시기 바랍니다!
2428,L739,L,739,bool,action,1,0,,,,,1#지그 높이가 맞지않음 검사하기 바랍니다
2429,L740,L,740,bool,action,1,0,,,,,1# 진공 불량  검사  바랍니다!
2430,L741,L,741,bool,action,1,0,,,,,3# 진공 불량  검사  바랍니다!
2431,L742,L,742,bool,action,1,0,,,,,5# 진공 불량  검사  바랍니다!
2432,L743,L,743,bool,action,1,0,,,,,7# 진공 불량  검사  바랍니다!
2433,L744,L,744,bool,action,1,0,,,,,11# 진공 불량  검사  바랍니다!
2434,L745,L,745,bool,action,1,0,,,,,12# 진공 불량  검사  바랍니다!
2435,L746,L,746,bool,action,1,0,,,,,15# 자재가 남아있으니 검사  바랍니다!
2469,L780,L,780,bool,action,1,0,,,,,15# 자재 배출 직진 피트 만재
2471,L782,L,782,bool,action,1,0,,,,,3#HOPPER 재료 부족!
2472,L783,L,783,bool,action,1,0,,,,,5#HOPPER 재료 부족!
2473,L784,L,784,bool,action,1,0,,,,,7#HOPPER 재료 부족!
2474,L785,L,785,bool,action,1,0,,,,,11#HOPPER 재료 부족!
2479,L790,L,790,bool,action,1,0,,,,,1#자재 부족
2480,L791,L,791,bool,action,1,0,,,,,3#자재 부족
2481,L792,L,792,bool,action,1,0,,,,,5#자재 부족
2482,L793,L,793,bool,action,1,0,,,,,7#자재 부족
2483,L794,L,794,bool,action,1,0,,,,,11#자재 부족
2489,M1001,M,1001,bool,action,1,0,,,,,1#자재오기를 기다립니다
2490,M1002,M,1002,bool,action,1,0,,,,,2#자재오기를 기다립니다
2491,M1003,M,1003,bool,action,1,0,,,,,3#자재오기를 기다립니다
2492,M1004,M,1004,bool,action,1,0,,,,,4#자재오기를 기다립니다
2493,M1005,M,1005,bool,action,1,0,,,,,5#자재오기를 기다립니다
2494,M1006,M,1006,bool,action,1,0,,,,,6#자재오기를 기다립니다
2495,M1007,M,1007,bool,action,1,0,,,,,7#자재오기를 기다립니다
2496,M1008,M,1008,bool,action,1,0,,,,,8#자재오기를 기다립니다
2497,M1009,M,1009,bool,action,1,0,,,,,9#자재오기를 기다립니다
4000,D101,D,101,uint16,plc_product_data,0.1,0,,3,,,status_st01_contact_assembly_ct
4001,D500,D,500,int32,plc_setting_data,0.01,0,,,,,setting_st01_contact_assembly_origin_position_pos_mm
4002,D502,D,502,int32,plc_setting_data,0.01,0,,,,,setting_st01_contact_assembly_pickup_position_pos_mm
4003,D504,D,504,int32,plc_setting_data,0.01,0,,,,,setting_st01_contact_assembly_release_location_pos_mm
4004,D506,D,506,int32,plc_setting_data,0.01,0,,,,,setting_st01_contact_assembly_broken_vacuum_position_pos_mm
4005,D508,D,508,int32,plc_setting_data,0.01,0,,,,,setting_st01_contact_assembly_position_02_pos_mm
4006,D1006,D,1006,int32,plc_product_data,0.01,0,,5,,,measurement_st01_contact_assembly_act_current_pos_mm
4007,D1500,D,1500,uint16,plc_setting_data,0.1,0,,,,,setting_st01_contact_assembly_material_arrival_delay_sec
4008,D1560,D,1560,uint16,plc_setting_data,0.1,0,,,,,setting_st01_contact_assembly_vacuum_break_time_sec
4009,L101,L,101,bool,plc_product_data,1,0,,,,,status_st01_contact_assembly_exception
4010,L121,L,121,bool,plc_product_data,1,0,,,,,status_st01_contact_assembly_origin
4011,L141,L,141,bool,plc_product_data,1,0,,,,,status_st01_contact_assembly_active
4012,L161,L,161,bool,plc_product_data,1,0,,,,,status_st01_contact_assembly_empty
4013,L1151,L,1151,bool,plc_setting_data,1,0,,,,,setting_st01_contact_assembly_station
4014,L1200,L,1200,bool,plc_setting_data,1,0,,,,,setting_st01_contact_assembly_material_presence
4015,L1218,L,1218,bool,plc_setting_data,1,0,,,,,setting_st01_contact_assembly_jig_height_detect
4016,L1220,L,1220,bool,plc_setting_data,1,0,,,,,setting_st01_contact_assembly_vacuum_status
4017,D102,D,102,uint16,plc_product_data,0.1,0,,3,,,status_st02_contact_assembly_ct
4018,D1520,D,1520,int16,plc_setting_data,1,0,,,,,setting_st02_contact_inspection_consecutive_ng_limit_pcs
4019,L102,L,102,bool,plc_product_data,1,0,,,,,status_st02_contact_inspection_exception
4020,L122,L,122,bool,plc_product_data,1,0,,,,,status_st02_contact_inspection_origin
4021,L142,L,142,bool,plc_product_data,1,0,,,,,status_st02_contact_inspection_active
4022,L162,L,162,bool,plc_product_data,1,0,,,,,status_st02_contact_inspection_empty
4023,L1152,L,1152,bool,plc_setting_data,1,0,,,,,setting_st02_contact_inspection_station
4024,L1210,L,1210,bool,plc_setting_data,1,0,,,,,setting_st02_contact_inspection_part_presence
4025,D103,D,103,uint16,plc_product_data,0.1,0,,3,,,status_st03_contact_assembly_ct
4026,D520,D,520,int32,plc_setting_data,0.01,0,,,,,setting_st03_terminal_1_assembly_origin_position_pos_mm
4027,D522,D,522,int32,plc_setting_data,0.01,0,,,,,setting_st03_terminal_1_assembly_pickup_position_pos_mm
4028,D524,D,524,int32,plc_setting_data,0.01,0,,,,,setting_st03_terminal_1_assembly_release_location_pos_mm
4029,D526,D,526,int32,plc_setting_data,0.01,0,,,,,setting_st03_terminal_1_assembly_position_01_pos_mm
4030,D528,D,528,int32,plc_setting_data,0.01,0,,,,,setting_st03_terminal_1_assembly_position_02_pos_mm
4031,D1026,D,1026,int32,plc_product_data,0.01,0,,5,,,measurement_st03_terminal_1_assembly_act_current_pos_mm
4032,D1502,D,1502,uint16,plc_setting_data,0.1,0,,,,,setting_st03_terminal_1_assembly_material_arrival_delay
4033,L103,L,103,bool,plc_product_data,1,0,,,,,status_st03_terminal_1_assembly_exception
4034,L123,L,123,bool,plc_product_data,1,0,,,,,status_st03_terminal_1_assembly_origin
4035,L143,L,143,bool,plc_product_data,1,0,,,,,status_st03_terminal_1_assembly_active
4036,L163,L,163,bool,plc_product_data,1,0,,,,,status_st03_terminal_1_assembly_empty
4037,L1153,L,1153,bool,plc_setting_data,1,0,,,,,setting_st03_terminal_1_assembly_station
4038,L1201,L,1201,bool,plc_setting_data,1,0,,,,,setting_st03_terminal_1_assembly_material_presence
4039,L1221,L,1221,bool,plc_setting_data,1,0,,,,,setting_st03_terminal_1_assembly_vacuum_status
4040,D104,D,104,uint16,plc_product_data,1,0,,,,,status_st04_contact_assembly_ct
4041,D1522,D,1522,int16,plc_setting_data,1,0,,,,,setting_st04_terminal_1_inspection_consecutive_ng_limit_pcs
4042,D2400,D,2400,float32,plc_setting_data,1,0,2,,,,setting_st14_ccd1-1_l_compensation
4043,D2402,D,2402,float32,plc_setting_data,1,0,2,,,,setting_st14_ccd1-1_r_compensation
4044,D2404,D,2404,float32,plc_setting_data,1,0,2,,,,setting_st14_ccd1-2_l_compensation
4045,D2406,D,2406,float32,plc_setting_data,1,0,2,,,,setting_st14_ccd1-2_r_compensation
4046,D2410,D,2410,float32,plc_setting_data,1,0,2,,,,setting_st14_ccd1-1_l_upper
4047,D2412,D,2412,float32,plc_setting_data,1,0,2,,,,setting_st14_ccd1-1_l_lower
4048,D2414,D,2414,float32,plc_setting_data,1,0,2,,,,setting_st14_ccd1-1_r_upper
4049,D2416,D,2416,float32,plc_setting_data,1,0,2,,,,setting_st14_ccd1-1_r_lower
4050,D2418,D,2418,float32,plc_setting_data,1,0,2,,,,setting_st14_ccd1-2_l_upper
4051,D2420,D,2420,float32,plc_setting_data,1,0,2,,,,setting_st14_ccd1-2_l_lower
4052,D2422,D,2422,float32,plc_setting_data,1,0,2,,,,setting_st14_ccd1-2_r_upper
4053,D2424,D,2424,float32,plc_setting_data,1,0,2,,,,setting_st14_ccd1-2_r_lower
4054,D2430,D,2430,float32,plc_setting_data,1,0,2,,,,setting_st14_ccd2-1_l_compensation
4055,D2432,D,2432,float32,plc_setting_data,1,0,2,,,,setting_st14_ccd2-1_r_compensation
4056,D2434,D,2434,float32,plc_setting_data,1,0,2,,,,setting_st14_ccd2-2_l_compensation
4057,D2436,D,2436,float32,plc_setting_data,1,0,2,,,,setting_st14_ccd2-2_r_compensation
4058,D2440,D,2440,float32,plc_setting_data,1,0,2,,,,setting_st14_ccd2-1_l_upper
4059,D2442,D,2442,float32,plc_setting_data,1,0,2,,,,setting_st14_ccd2-1_l_lower
4060,D2444,D,2444,float32,plc_setting_data,1,0,2,,,,setting_st14_ccd2-1_r_upper
4061,D2446,D,2446,float32,plc_setting_data,1,0,2,,,,setting_st14_ccd2-1_r_lower
4062,D2448,D,2448,float32,plc_setting_data,1,0,2,,,,setting_st14_ccd2-2_l_upper
4063,D2450,D,2450,float32,plc_setting_data,1,0,2,,,,setting_st14_ccd2-2_l_lower
4064,D2452,D,2452,float32,plc_setting_data,1,0,2,,,,setting_st14_ccd2-2_r_upper
4065,D2454,D,2454,float32,plc_setting_data,1,0,2,,,,setting_st14_ccd2-2_r_lower
4066,D2460,D,2460,float32,plc_setting_data,1,0,2,,,,setting_st14_ccd3-1_l_compensation
4067,D2462,D,2462,float32,plc_setting_data,1,0,2,,,,setting_st14_ccd3-1_r_compensation
4068,D2464,D,2464,float32,plc_setting_data,1,0,2,,,,setting_st14_ccd3-2_l_compensation
4069,D2466,D,2466,float32,plc_setting_data,1,0,2,,,,setting_st14_ccd3-2_r_compensation
4070,D2470,D,2470,float32,plc_setting_data,1,0,2,,,,setting_st14_ccd3-1_l_upper
4071,D2472,D,2472,float32,plc_setting_data,1,0,2,,,,setting_st14_ccd3-1_l_lower
4072,D2474,D,2474,float32,plc_setting_data,1,0,2,,,,setting_st14_ccd3-1_r_upper
4073,D2476,D,2476,float32,plc_setting_data,1,0,2,,,,setting_st14_ccd3-1_r_lower
4074,D2478,D,2478,float32,plc_setting_data,1,0,2,,,,setting_st14_ccd3-2_l_upper
4075,D2480,D,2480,float32,plc_setting_data,1,0,2,,,,setting_st14_ccd3-2_l_lower
4076,D2482,D,2482,float32,plc_setting_data,1,0,2,,,,setting_st14_ccd3-2_r_upper
4077,D2484,D,2484,float32,plc_setting_data,1,0,2,,,,setting_st14_ccd3-2_r_lower
4078,D2500,D,2500,float32,plc_product_data,1,0,2,,,,measurement_st14_ccd1-1_l_real
4079,D2502,D,2502,float32,plc_product_data,1,0,2,,,,measurement_st14_ccd1-1_r_real
4080,D2504,D,2504,float32,plc_product_data,1,0,2,,,,measurement_st14_ccd1-2_l_real
4081,D2506,D,2506,float32,plc_product_data,1,0,2,,,,measurement_st14_ccd1-2_r_real
4082,D2510,D,2510,float32,plc_product_data,1,0,2,,,,measurement_st14_ccd1-1_l_result
4083,D2512,D,2512,float32,plc_product_data,1,0,2,,,,measurement_st14_ccd1-1_r_result
4084,D2514,D,2514,float32,plc_product_data,1,0,2,,,,measurement_st14_ccd1-2_l_result
4085,D2516,D,2516,float32,plc_product_data,1,0,2,,,,measurement_st14_ccd1-2_r_result
4086,D2518,D,2518,uint16,plc_product_data,0.01,0,,,,,measurement_st14_ccd1-1_status
4087,D2519,D,2519,uint16,plc_product_data,0.01,0,,,,,measurement_st14_ccd1-2_status
4088,D2520,D,2520,float32,plc_product_data,1,0,2,,,,measurement_st14_ccd2-1_l_real
4089,D2522,D,2522,float32,plc_product_data,1,0,2,,,,measurement_st14_ccd2-1_r_real
4090,D2524,D,2524,float32,plc_product_data,1,0,2,,,,measurement_st14_ccd2-2_l_real
4091,D2526,D,2526,float32,plc_product_data,1,0,2,,,,measurement_st14_ccd2-2_r_real
4092,D2530,D,2530,float32,plc_product_data,1,0,2,,,,measurement_st14_ccd2-1_l_result
4093,D2532,D,2532,float32,plc_product_data,1,0,2,,,,measurement_st14_ccd2-1_r_result
4094,D2534,D,2534,float32,plc_product_data,1,0,2,,,,measurement_st14_ccd2-2_l_result
4095,D2536,D,2536,float32,plc_product_data,1,0,2,,,,measurement_st14_ccd2-2_r_result
4096,D2538,D,2538,uint16,plc_product_data,0.01,0,,,,,measurement_st14_ccd2-1_status
4097,D2539,D,2539,uint16,plc_product_data,0.01,0,,,,,measurement_st14_ccd2-2_status
4098,D2540,D,2540,float32,plc_product_data,1,0,2,,,,measurement_st14_ccd3-1_l_real
4099,D2542,D,2542,float32,plc_product_data,1,0,2,,,,measurement_st14_ccd3-1_r_real
4100,D2544,D,2544,float32,plc_product_data,1,0,2,,,,measurement_st14_ccd3-2_l_real
4101,D2546,D,2546,float32,plc_product_data,1,0,2,,,,measurement_st14_ccd3-2_r_real
4102,D2550,D,2550,float32,plc_product_data,1,0,2,,,,measurement_st14_ccd3-1_l_result
4103,D2552,D,2552,float32,plc_product_data,1,0,2,,,,measurement_st14_ccd3-1_r_result
4104,D2554,D,2554,float32,plc_product_data,1,0,2,,,,measurement_st14_ccd3-2_l_result
4105,D2556,D,2556,float32,plc_product_data,1,0,2,,,,measurement_st14_ccd3-2_r_result
4106,D2558,D,2558,uint16,plc_product_data,0.01,0,,,,,measurement_st14_ccd3-1_status
4107,D2559,D,2559,uint16,plc_product_data,0.01,0,,,,,measurement_st14_ccd3-2_status
4108,D2560,D,2560,uint32,plc_product_data,1,0,,6,,,judgment_st14_ccd1_ok_count_pcs
4109,D2562,D,2562,uint32,plc_product_data,1,0,,6,,,judgment_st14_ccd1_ng_count_pcs
4110,D2564,D,2564,uint32,plc_product_data,1,0,,6,,,judgment_st14_ccd2_ok_count_pcs
4111,D2566,D,2566,uint32,plc_product_data,1,0,,6,,,judgment_st14_ccd2_ng_count_pcs
4112,D2568,D,2568,uint32,plc_product_data,1,0,,6,,,judgment_st14_ccd3_ok_count_pcs
4113,D2570,D,2570,uint32,plc_product_data,1,0,,6,,,judgment_st14_ccd3_ng_count_pcs
4114,L104,L,104,bool,plc_product_data,1,0,,,,,status_st04_terminal_1_inspection_exception
4115,L124,L,124,bool,plc_product_data,1,0,,,,,status_st04_terminal_1_inspection_origin
4116,L144,L,144,bool,plc_product_data,1,0,,,,,status_st04_terminal_1_inspection_active
4117,L164,L,164,bool,plc_product_data,1,0,,,,,status_st04_terminal_1_inspection_empty
4118,L1154,L,1154,bool,plc_setting_data,1,0,,,,,setting_st04_terminal_1_inspection_station
4119,L1211,L,1211,bool,plc_setting_data,1,0,,,,,setting_st04_terminal_1_inspection_part_presence
4120,D105,D,105,uint16,plc_product_data,0.1,0,,3,,,status_st05_contact_assembly_ct
4121,D540,D,540,int32,plc_setting_data,0.01,0,,,,,setting_st05_terminal_2_assembly_origin_position_pos_mm
4122,D542,D,542,int32,plc_setting_data,0.01,0,,,,,setting_st05_terminal_2_assembly_pickup_position_pos_mm
4123,D544,D,544,int32,plc_setting_data,0.01,0,,,,,setting_st05_terminal_2_assembly_release_location_pos_mm
4124,D546,D,546,int32,plc_setting_data,0.01,0,,,,,setting_st05_terminal_2_assembly_position_01_pos_mm
4125,D548,D,548,int32,plc_setting_data,0.01,0,,,,,setting_st05_terminal_2_assembly_position_02_pos_mm
4126,D1046,D,1046,int32,plc_product_data,0.01,0,,5,,,measurement_st05_terminal_2_assembly_act_current_pos_mm
4127,D1504,D,1504,uint16,plc_setting_data,0.1,0,,,,,setting_st05_terminal_2_assembly_material_arrival_delay
4128,L105,L,105,bool,plc_product_data,1,0,,,,,status_st05_terminal_2_assembly_exception
4129,L125,L,125,bool,plc_product_data,1,0,,,,,status_st05_terminal_2_assembly_origin
4130,L145,L,145,bool,plc_product_data,1,0,,,,,status_st05_terminal_2_assembly_active
4131,L165,L,165,bool,plc_product_data,1,0,,,,,status_st05_terminal_2_assembly_empty
4132,L1155,L,1155,bool,plc_setting_data,1,0,,,,,setting_st05_terminal_2_assembly_station
4133,L1202,L,1202,bool,plc_setting_data,1,0,,,,,setting_st05_terminal_2_assembly_material_presence
4134,L1222,L,1222,bool,plc_setting_data,1,0,,,,,setting_st05_terminal_2_assembly_vacuum_status
4135,D106,D,106,uint16,plc_product_data,1,0,,,,,status_st06_contact_assembly_ct
4136,D1524,D,1524,int16,plc_setting_data,1,0,,,,,setting_st06_terminal_2_inspection_consecutive_ng_limit_pcs
4137,L106,L,106,bool,plc_product_data,1,0,,,,,status_st06_terminal_2_inspection_exception
4138,L126,L,126,bool,plc_product_data,1,0,,,,,status_st06_terminal_2_inspection_origin
4139,L146,L,146,bool,plc_product_data,1,0,,,,,status_st06_terminal_2_inspection_active
4140,L166,L,166,bool,plc_product_data,1,0,,,,,status_st06_terminal_2_inspection_empty
4141,L1156,L,1156,bool,plc_setting_data,1,0,,,,,setting_st06_terminal_2_inspection_station
4142,L1212,L,1212,bool,plc_setting_data,1,0,,,,,setting_st06_terminal_2_inspection_part_presence
4143,D107,D,107,uint16,plc_product_data,0.1,0,,3,,,status_st07_contact_assembly_ct
4144,D560,D,560,int32,plc_setting_data,0.01,0,,,,,setting_st07_terminal_3_assembly_origin_position_pos_mm
4145,D562,D,562,int32,plc_setting_data,0.01,0,,,,,setting_st07_terminal_3_assembly_pickup_position_pos_mm
4146,D564,D,564,int32,plc_setting_data,0.01,0,,,,,setting_st07_terminal_3_assembly_release_location_pos_mm
4147,D566,D,566,int32,plc_setting_data,0.01,0,,,,,setting_st07_terminal_3_assembly_position_01_pos_mm
4148,D568,D,568,int32,plc_setting_data,0.01,0,,,,,setting_st07_terminal_3_assembly_position_02_pos_mm
4149,D1066,D,1066,int32,plc_product_data,0.01,0,,5,,,measurement_st07_terminal_3_assembly_act_current_pos_mm
4150,D1506,D,1506,uint16,plc_setting_data,0.1,0,,,,,setting_st07_terminal_3_assembly_material_arrival_delay
4151,L107,L,107,bool,plc_product_data,1,0,,,,,status_st07_terminal_3_assembly_exception
4152,L127,L,127,bool,plc_product_data,1,0,,,,,status_st07_terminal_3_assembly_origin
4153,L147,L,147,bool,plc_product_data,1,0,,,,,status_st07_terminal_3_assembly_active
4154,L167,L,167,bool,plc_product_data,1,0,,,,,status_st07_terminal_3_assembly_empty
4155,L1157,L,1157,bool,plc_setting_data,1,0,,,,,setting_st07_terminal_3_assembly_station
4156,L1203,L,1203,bool,plc_setting_data,1,0,,,,,setting_st07_terminal_3_assembly_material_infeed
4157,L1223,L,1223,bool,plc_setting_data,1,0,,,,,setting_st07_terminal_3_assembly_vacuum_status
4158,D108,D,108,uint16,plc_product_data,1,0,,,,,status_st08_contact_assembly_ct
4159,D1526,D,1526,int16,plc_setting_data,1,0,,,,,setting_st08_terminal_3_inspection_consecutive_ng_limit_pcs
4160,L108,L,108,bool,plc_product_data,1,0,,,,,status_st08_terminal_3_inspection_exception
4161,L128,L,128,bool,plc_product_data,1,0,,,,,status_st08_terminal_3_inspection_origin
4162,L148,L,148,bool,plc_product_data,1,0,,,,,status_st08_terminal_3_inspection_active
4163,L168,L,168,bool,plc_product_data,1,0,,,,,status_st08_terminal_3_inspection_empty
4164,L1158,L,1158,bool,plc_setting_data,1,0,,,,,setting_st08_terminal_3_inspection_station
4165,L1213,L,1213,bool,plc_setting_data,1,0,,,,,setting_st08_terminal_3_inspection_part_presence
4166,D109,D,109,uint16,plc_product_data,0.1,0,,3,,,status_st09_contact_assembly_ct
4167,D580,D,580,int32,plc_setting_data,0.01,0,,,,,setting_st09_contact_riveting_origin_position_pos_mm
4168,D582,D,582,int32,plc_setting_data,0.01,0,,,,,setting_st09_contact_riveting_detect_approach_position_pos_mm
4169,D584,D,584,int32,plc_setting_data,0.01,0,,,,,setting_st09_contact_riveting_rivet_position_pos_mm
4170,D586,D,586,int32,plc_setting_data,0.01,0,,,,,setting_st09_contact_riveting_position_01_pos_mm
4171,D588,D,588,int32,plc_setting_data,0.01,0,,,,,setting_st09_contact_riveting_position_02_pos_mm
4172,D1086,D,1086,int32,plc_product_data,0.01,0,,5,,,measurement_st09_contact_riveting_act_current_pos_mm
4173,D1550,D,1550,uint16,plc_setting_data,0.1,0,,,,,setting_st09_contact_riveting_duration_sec
4174,L109,L,109,bool,plc_product_data,1,0,,,,,status_st09_contact_riveting_exception
4175,L129,L,129,bool,plc_product_data,1,0,,,,,status_st09_contact_riveting_origin
4176,L149,L,149,bool,plc_product_data,1,0,,,,,status_st09_contact_riveting_active
4177,L169,L,169,bool,plc_product_data,1,0,,,,,status_st09_contact_riveting_empty
4178,L1159,L,1159,bool,plc_setting_data,1,0,,,,,setting_st09_contact_riveting_station
4179,D110,D,110,uint16,plc_product_data,1,0,,,,,status_st10_contact_assembly_ct
4180,D1528,D,1528,int16,plc_setting_data,1,0,,,,,setting_st10_check_presence_consecutive_ng_limit_pcs
4181,L110,L,110,bool,plc_product_data,1,0,,,,,status_st10_check_presence_exception
4182,L130,L,130,bool,plc_product_data,1,0,,,,,status_st10_check_presence_origin
4183,L150,L,150,bool,plc_product_data,1,0,,,,,status_st10_check_presence_active
4184,L170,L,170,bool,plc_product_data,1,0,,,,,status_st10_check_presence_empty
4185,L1160,L,1160,bool,plc_setting_data,1,0,,,,,setting_st10_check_presence_station
4186,L1214,L,1214,bool,plc_setting_data,1,0,,,,,setting_st10_check_presence_part_presence
4187,D111,D,111,uint16,plc_product_data,0.1,0,,3,,,status_st11_contact_assembly_ct
4188,D600,D,600,int32,plc_setting_data,0.01,0,,,,,setting_st11_terminal_mounting_origin_position_pos_mm
4189,D602,D,602,int32,plc_setting_data,0.01,0,,,,,setting_st11_terminal_mounting_pickup_position_pos_mm
4190,D604,D,604,int32,plc_setting_data,0.01,0,,,,,setting_st11_terminal_mounting_release_location_pos_mm
4191,D606,D,606,int32,plc_setting_data,0.01,0,,,,,setting_st11_terminal_mounting_broken_vacuum_position_pos_mm
4192,D608,D,608,int32,plc_setting_data,0.01,0,,,,,setting_st11_terminal_mounting_position_02_pos_mm
4193,D1106,D,1106,int32,plc_product_data,0.01,0,,5,,,measurement_st11_terminal_mounting_act_current_pos_mm
4194,D1508,D,1508,uint16,plc_setting_data,0.1,0,,,,,setting_st11_terminal_mounting_material_arrival_delay_sec
4195,D1562,D,1562,uint16,plc_setting_data,0.1,0,,,,,setting_st11_terminal_mounting_vacuum_break_sec
4196,L111,L,111,bool,plc_product_data,1,0,,,,,status_st11_terminal_mounting_exception
4197,L131,L,131,bool,plc_product_data,1,0,,,,,status_st11_terminal_mounting_origin
4198,L151,L,151,bool,plc_product_data,1,0,,,,,status_st11_terminal_mounting_active
4199,L171,L,171,bool,plc_product_data,1,0,,,,,status_st11_terminal_mounting_empty
4200,L1161,L,1161,bool,plc_setting_data,1,0,,,,,setting_st11_terminal_mounting_station
4201,L1204,L,1204,bool,plc_setting_data,1,0,,,,,setting_st11_terminal_mounting_material_presence
4202,L1224,L,1224,bool,plc_setting_data,1,0,,,,,setting_st11_terminal_mounting_vacuum_status
4203,D112,D,112,uint16,plc_product_data,0.1,0,,3,,,status_st12_contact_assembly_ct
4204,D1564,D,1564,uint16,plc_setting_data,0.1,0,,,,,setting_st12_copper_terminal_vacuum_break_sec
4205,L112,L,112,bool,plc_product_data,1,0,,,,,status_st12_copper_terminal_exception
4206,L132,L,132,bool,plc_product_data,1,0,,,,,status_st12_copper_terminal_origin
4207,L152,L,152,bool,plc_product_data,1,0,,,,,status_st12_copper_terminal_active
4208,L172,L,172,bool,plc_product_data,1,0,,,,,status_st12_copper_terminal_empty
4209,L1162,L,1162,bool,plc_setting_data,1,0,,,,,setting_st12_copper_terminal_station
4210,L1215,L,1215,bool,plc_setting_data,1,0,,,,,setting_st12_copper_terminal_part_presence
4211,L1225,L,1225,bool,plc_setting_data,1,0,,,,,setting_st12_copper_terminal_vacuum_status
4212,D113,D,113,uint16,plc_product_data,0.1,0,,3,,,status_st13_contact_assembly_ct
4213,D620,D,620,int32,plc_setting_data,0.01,0,,,,,setting_st13_terminal_riveting_origin_position_pos_mm
4214,D622,D,622,int32,plc_setting_data,0.01,0,,,,,setting_st13_terminal_riveting_detect_approach_position_pos_mm
4215,D624,D,624,int32,plc_setting_data,0.01,0,,,,,setting_st13_terminal_riveting_rivet_position_pos_mm
4216,D626,D,626,int32,plc_setting_data,0.01,0,,,,,setting_st13_terminal_riveting_position_01_pos_mm
4217,D628,D,628,int32,plc_setting_data,0.01,0,,,,,setting_st13_terminal_riveting_position_02_pos_mm
4218,D1126,D,1126,int32,plc_product_data,0.01,0,,5,,,measurement_st13_terminal_riveting_act_current_pos_mm
4219,D1552,D,1552,uint16,plc_setting_data,0.1,0,,,,,setting_st13_terminal_riveting_duration_sec
4220,L113,L,113,bool,plc_product_data,1,0,,,,,status_st13_terminal_riveting_exception
4221,L133,L,133,bool,plc_product_data,1,0,,,,,status_st13_terminal_riveting_origin
4222,L153,L,153,bool,plc_product_data,1,0,,,,,status_st13_terminal_riveting_active
4223,L173,L,173,bool,plc_product_data,1,0,,,,,status_st13_terminal_riveting_empty
4224,L1163,L,1163,bool,plc_setting_data,1,0,,,,,setting_st13_terminal_riveting_station
4225,D114,D,114,uint16,plc_product_data,0.1,0,,3,,,status_st14_contact_assembly_ct
4226,D640,D,640,int32,plc_setting_data,0.01,0,,,,,setting_st14_ccd_origin_position_pos_mm
4227,D642,D,642,int32,plc_setting_data,0.01,0,,,,,setting_st14_ccd_set_approach_pos_mm
4228,D644,D,644,int32,plc_setting_data,0.01,0,,,,,setting_st14_ccd_bottom_dead_center_pos_mm
4229,D646,D,646,int32,plc_setting_data,0.01,0,,,,,setting_st14_ccd_position_01_pos_mm
4230,D648,D,648,int32,plc_setting_data,0.01,0,,,,,setting_st14_ccd_position_02_pos_mm
4231,D1146,D,1146,int32,plc_product_data,0.01,0,,5,,,measurement_st14_ccd_act_current_pos_mm
4232,D1530,D,1530,int16,plc_setting_data,1,0,,,,,setting_st14_ccd_consecutive_ng_limit_pcs
4233,D1532,D,1532,int16,plc_setting_data,1,0,,,,,setting_st14_ccd_dial_cycle_limit_pcs
4234,L114,L,114,bool,plc_product_data,1,0,,,,,status_st14_ccd_exception
4235,L134,L,134,bool,plc_product_data,1,0,,,,,status_st14_ccd_origin
4236,L154,L,154,bool,plc_product_data,1,0,,,,,status_st14_ccd_active
4237,L174,L,174,bool,plc_product_data,1,0,,,,,status_st14_ccd_empty
4238,L1164,L,1164,bool,plc_setting_data,1,0,,,,,setting_st14_ccd_station
4239,L1216,L,1216,bool,plc_setting_data,1,0,,,,,setting_st14_ccd_inspection
4240,L1229,L,1229,bool,plc_setting_data,1,0,,,,,setting_st14_ccd_cylinder
4241,D115,D,115,uint16,plc_product_data,0.1,0,,3,,,status_st15_contact_assembly_ct
4242,D660,D,660,int32,plc_setting_data,0.01,0,,,,,setting_st15_product_extraction_origin_position_pos_mm
4243,D662,D,662,int32,plc_setting_data,0.01,0,,,,,setting_st15_product_extraction_pickup_position_pos_mm
4244,D664,D,664,int32,plc_setting_data,0.01,0,,,,,setting_st15_product_extraction_release_location_pos_mm
4245,D666,D,666,int32,plc_setting_data,0.01,0,,,,,setting_st15_product_extraction_act_defect_pos_mm
4246,D668,D,668,int32,plc_setting_data,0.01,0,,,,,setting_st15_product_extraction_position_02_pos_mm
4247,D1166,D,1166,int32,plc_product_data,0.01,0,,5,,,measurement_st15_product_extraction_act_current_pos_mm
4248,L115,L,115,bool,plc_product_data,1,0,,,,,status_st15_product_extraction_exception
4249,L135,L,135,bool,plc_product_data,1,0,,,,,status_st15_product_extraction_origin
4250,L155,L,155,bool,plc_product_data,1,0,,,,,status_st15_product_extraction_active
4251,L175,L,175,bool,plc_product_data,1,0,,,,,status_st15_product_extraction_empty
4252,L1165,L,1165,bool,plc_setting_data,1,0,,,,,setting_st15_product_extraction_station
4253,L1226,L,1226,bool,plc_setting_data,1,0,,,,,setting_st15_product_extraction_ejection_check
4254,D116,D,116,uint16,plc_product_data,0.1,0,,3,,,status_st16_contact_assembly_ct
4255,D1534,D,1534,uint16,plc_setting_data,0.1,0,,,,,setting_st16_dust_blow_on_time_sec
4256,D1535,D,1535,uint16,plc_setting_data,0.1,0,,,,,setting_st16_dust_blow_off_time_sec
4257,D1536,D,1536,int16,plc_setting_data,1,0,,,,,setting_st16_dust_blow_count_pcs
4258,L116,L,116,bool,plc_product_data,1,0,,,,,status_st16_dust_removal_exception
4259,L136,L,136,bool,plc_product_data,1,0,,,,,status_st16_dust_removal_origin
4260,L156,L,156,bool,plc_product_data,1,0,,,,,status_st16_dust_removal_active
4261,L176,L,176,bool,plc_product_data,1,0,,,,,status_st16_dust_removal_empty
4262,L1166,L,1166,bool,plc_setting_data,1,0,,,,,setting_st16_dust_removal_station
4263,L1217,L,1217,bool,plc_setting_data,1,0,,,,,setting_st16_dust_removal_tool_broken_detect
4264,D1122,D,1122,uint32,plc_setting_data,0.01,0,,,,,setting_st13_terminal_riveting_manual_speed_pos_mm
4265,D1130,D,1130,uint32,plc_setting_data,0.01,0,,,,,setting_st13_terminal_riveting_dry_run_speed_pos_mm
4266,D1132,D,1132,uint32,plc_setting_data,0.01,0,,,,,setting_st13_terminal_riveting_speed_pos_mm
5000,D100,D,100,int16,plc_product_data,1,0,,4,,,status_line_current_model
5001,D900,D,900,string,plc_product_data,1,0,,10,,,status_line_model_name
5002,M806,M,806,bool,plc_product_data,1,0,,,,,action_line_model_change_button
5003,L988,L,988,bool,plc_product_data,1,0,,,,,status_line_emergency_stop_pressed
5004,L989,L,989,bool,plc_product_data,1,0,,,,,status_line_pause_button_pressed
5005,X10F,X,10F,bool,plc_product_data,1,0,,,,,measurement_line_turntable_index_sensor
5006,X18B,X,18B,bool,plc_product_data,1,0,,,,,status_line_silo_05_material_empty
5007,X18F,X,18F,bool,plc_product_data,1,0,,,,,status_line_silo_11_material_empty
5008,Y40B,Y,40B,bool,plc_product_data,1,0,,,,,action_line_feeding_belt
5009,Y459,Y,459,bool,plc_product_data,1,0,,,,,action_line_turntable_pulse_output
5010,X113,X,113,bool,plc_product_data,1,0,,,,,measurement_st01_contact_assembly_feeding_02_end
5011,X160,X,160,bool,plc_product_data,1,0,,,,,measurement_st01_contact_assembly_material_arrive_jig01
5012,X161,X,161,bool,plc_product_data,1,0,,,,,measurement_st01_contact_assembly_material_arrive_jig02
5013,X162,X,162,bool,plc_product_data,1,0,,,,,measurement_st01_contact_assembly_material_arrive_jig03
5014,X163,X,163,bool,plc_product_data,1,0,,,,,measurement_st01_contact_assembly_material_arrive_aux
5015,Y410,Y,410,bool,plc_product_data,1,0,,,,,action_st01_contact_assembly_feeding_01
5016,Y411,Y,411,bool,plc_product_data,1,0,,,,,action_st01_contact_assembly_feeding_02
5017,Y44C,Y,44C,bool,plc_product_data,1,0,,,,,action_st01_contact_assembly_impact_plate_stop
5018,Y460,Y,460,bool,plc_product_data,1,0,,,,,action_st01_contact_assembly_direct_vibration_stop
5019,X164,X,164,bool,plc_product_data,1,0,,,,,measurement_st02_contact_inspection_detect_01
5020,X165,X,165,bool,plc_product_data,1,0,,,,,measurement_st02_contact_inspection_detect_02
5021,X166,X,166,bool,plc_product_data,1,0,,,,,measurement_st02_contact_inspection_detect_03
5022,X167,X,167,bool,plc_product_data,1,0,,,,,measurement_st02_contact_inspection_detect_04
5023,X168,X,168,bool,plc_product_data,1,0,,,,,measurement_st02_contact_inspection_detect_05
5024,X169,X,169,bool,plc_product_data,1,0,,,,,measurement_st02_contact_inspection_detect_06
5025,X11A,X,11A,bool,plc_product_data,1,0,,,,,measurement_st03_terminal_01_assembly_feeding
5026,X11B,X,11B,bool,plc_product_data,1,0,,,,,measurement_st03_terminal_01_assembly_feeding_end
5027,X16A,X,16A,bool,plc_product_data,1,0,,,,,measurement_st03_terminal_01_assembly_material_inspect
5028,X16C,X,16C,bool,plc_product_data,1,0,,,,,measurement_st03_terminal_01_assembly_in_place_push
5029,X189,X,189,bool,plc_product_data,1,0,,,,,status_st03_terminal_01_assembly_silo_material_empty
5030,X18A,X,18A,bool,plc_product_data,1,0,,,,,status_st03_terminal_01_assembly_silo_full
5031,Y419,Y,419,bool,plc_product_data,1,0,,,,,action_st03_terminal_01_assembly_feeding
5032,Y447,Y,447,bool,plc_product_data,1,0,,,,,action_st03_terminal_01_assembly_silo_stop
5033,Y461,Y,461,bool,plc_product_data,1,0,,,,,action_st03_terminal_01_assembly_direct_vibration_stop
5034,L14,L,14,bool,plc_product_data,1,0,,,,,status_st04_terminal_01_inspection_reset
5035,L54,L,54,bool,plc_product_data,1,0,,,,,status_st04_terminal_01_inspection_reset_complete
5036,X16F,X,16F,bool,plc_product_data,1,0,,,,,measurement_st04_terminal_01_inspection_detect_01
5037,X122,X,122,bool,plc_product_data,1,0,,,,,measurement_st05_terminal_02_assembly_feeding
5038,X123,X,123,bool,plc_product_data,1,0,,,,,measurement_st05_terminal_02_assembly_feeding_end
5039,X170,X,170,bool,plc_product_data,1,0,,,,,measurement_st05_terminal_02_assembly_material_inspect
5040,X172,X,172,bool,plc_product_data,1,0,,,,,measurement_st05_terminal_02_assembly_in_place_push
5041,X18C,X,18C,bool,plc_product_data,1,0,,,,,status_st05_terminal_02_assembly_silo_full
5042,Y41E,Y,41E,bool,plc_product_data,1,0,,,,,action_st05_terminal_02_assembly_feeding
5043,Y448,Y,448,bool,plc_product_data,1,0,,,,,action_st05_terminal_02_assembly_silo_stop
5044,Y462,Y,462,bool,plc_product_data,1,0,,,,,action_st05_terminal_02_assembly_direct_vibration_stop
5045,L16,L,16,bool,plc_product_data,1,0,,,,,status_st06_terminal_02_inspection_reset
5046,L56,L,56,bool,plc_product_data,1,0,,,,,status_st06_terminal_02_inspection_reset_complete
5047,X175,X,175,bool,plc_product_data,1,0,,,,,measurement_st06_terminal_02_inspection_detect_01
5048,X12A,X,12A,bool,plc_product_data,1,0,,,,,measurement_st07_terminal_03_assembly_feeding
5049,X12B,X,12B,bool,plc_product_data,1,0,,,,,measurement_st07_terminal_03_assembly_feeding_end
5050,X176,X,176,bool,plc_product_data,1,0,,,,,measurement_st07_terminal_03_assembly_material_inspect
5051,X178,X,178,bool,plc_product_data,1,0,,,,,measurement_st07_terminal_03_assembly_in_place_push
5052,X18E,X,18E,bool,plc_product_data,1,0,,,,,status_st07_terminal_03_assembly_silo_full
5053,Y423,Y,423,bool,plc_product_data,1,0,,,,,action_st07_terminal_03_assembly_feeding
5054,Y449,Y,449,bool,plc_product_data,1,0,,,,,action_st07_terminal_03_assembly_silo_stop
5055,Y453,Y,453,bool,plc_product_data,1,0,,,,,action_st07_terminal_03_assembly_feeding_servo_on
5056,Y463,Y,463,bool,plc_product_data,1,0,,,,,action_st07_terminal_03_assembly_direct_vibration_stop
5057,L18,L,18,bool,plc_product_data,1,0,,,,,status_st08_terminal_03_inspection_reset
5058,L58,L,58,bool,plc_product_data,1,0,,,,,status_st08_terminal_03_inspection_reset_complete
5059,X17B,X,17B,bool,plc_product_data,1,0,,,,,measurement_st08_terminal_03_inspection_detect_01
5060,D1082,D,1082,uint32,plc_setting_data,1,0,,6,,,setting_st09_contact_riveting_manual_speed
5061,D1088,D,1088,uint16,plc_setting_data,1,0,,4,,,setting_st09_contact_riveting_origin_interval
5062,D1090,D,1090,uint32,plc_setting_data,1,0,,6,,,setting_st09_contact_riveting_dry_run_speed
5063,D1092,D,1092,uint32,plc_setting_data,1,0,,6,,,setting_st09_contact_riveting_detect_speed
5064,M58,M,58,bool,plc_product_data,1,0,,,,,status_st09_contact_riveting_negative_limit_indicator
5065,M59,M,59,bool,plc_product_data,1,0,,,,,status_st09_contact_riveting_positive_limit_indicator
5066,L19,L,19,bool,plc_product_data,1,0,,,,,status_st09_contact_riveting_reset
5067,L59,L,59,bool,plc_product_data,1,0,,,,,status_st09_contact_riveting_reset_complete
5068,L1109,L,1109,bool,plc_product_data,1,0,,,,,status_st09_contact_riveting_semi_auto
5069,X132,X,132,bool,plc_product_data,1,0,,,,,measurement_st09_contact_riveting_jig_updown_origin
5070,X133,X,133,bool,plc_product_data,1,0,,,,,measurement_st09_contact_riveting_jig_top
5071,X15A,X,15A,bool,plc_product_data,1,0,,,,,status_st09_contact_riveting_servo_alarm
5072,Y428,Y,428,bool,plc_product_data,1,0,,,,,measurement_st09_contact_riveting_fixture_top
5073,Y454,Y,454,bool,plc_product_data,1,0,,,,,measurement_st09_contact_riveting_servo_on
5074,L20,L,20,bool,plc_product_data,1,0,,,,,status_st10_check_presence_reset
5075,L60,L,60,bool,plc_product_data,1,0,,,,,status_st10_check_presence_reset_complete
5076,X17C,X,17C,bool,plc_product_data,1,0,,,,,measurement_st10_check_presence_detect_jig01
5077,X17D,X,17D,bool,plc_product_data,1,0,,,,,measurement_st10_check_presence_detect_jig02
5078,X17E,X,17E,bool,plc_product_data,1,0,,,,,measurement_st10_check_presence_detect_jig03
5079,X17F,X,17F,bool,plc_product_data,1,0,,,,,measurement_st11_terminal_mounting_material_arrive_jig01
5080,X180,X,180,bool,plc_product_data,1,0,,,,,measurement_st11_terminal_mounting_material_arrive_jig02
5081,X181,X,181,bool,plc_product_data,1,0,,,,,measurement_st11_terminal_mounting_material_arrive_jig03
5082,X190,X,190,bool,plc_product_data,1,0,,,,,status_st11_terminal_mounting_silo_full
5083,Y429,Y,429,bool,plc_product_data,1,0,,,,,action_st11_terminal_mounting_feeding_01
5084,Y42A,Y,42A,bool,plc_product_data,1,0,,,,,action_st11_terminal_mounting_feeding_02
5085,Y44A,Y,44A,bool,plc_product_data,1,0,,,,,action_st11_terminal_mounting_silo_stop
5086,Y44D,Y,44D,bool,plc_product_data,1,0,,,,,action_st11_terminal_mounting_impact_plate_stop
5087,Y45D,Y,45D,bool,plc_product_data,1,0,,,,,action_st11_terminal_mounting_vibrator_blow_01
5088,Y45E,Y,45E,bool,plc_product_data,1,0,,,,,action_st11_terminal_mounting_vibrator_blow_02
5089,Y464,Y,464,bool,plc_product_data,1,0,,,,,action_st11_terminal_mounting_direct_vibration_stop
5090,X182,X,182,bool,plc_product_data,1,0,,,,,measurement_st12_copper_terminal_detect_jig01
5091,X183,X,183,bool,plc_product_data,1,0,,,,,measurement_st12_copper_terminal_detect_jig02
5092,X184,X,184,bool,plc_product_data,1,0,,,,,measurement_st12_copper_terminal_detect_jig03
5093,D1128,D,1128,uint16,plc_setting_data,1,0,,4,,,setting_st13_terminal_riveting_origin_interval
5094,M78,M,78,bool,plc_product_data,1,0,,,,,status_st13_terminal_riveting_negative_limit_indicator
5095,M79,M,79,bool,plc_product_data,1,0,,,,,status_st13_terminal_riveting_positive_limit_indicator
5096,L23,L,23,bool,plc_product_data,1,0,,,,,status_st13_terminal_riveting_reset
5097,L63,L,63,bool,plc_product_data,1,0,,,,,status_st13_terminal_riveting_reset_complete
5098,L1113,L,1113,bool,plc_product_data,1,0,,,,,status_st13_terminal_riveting_semi_auto
5099,X144,X,144,bool,plc_product_data,1,0,,,,,measurement_st13_terminal_riveting_jig_updown_origin
5100,X145,X,145,bool,plc_product_data,1,0,,,,,measurement_st13_terminal_riveting_jig_top
5101,X15C,X,15C,bool,plc_product_data,1,0,,,,,status_st13_terminal_riveting_servo_alarm
5102,Y439,Y,439,bool,plc_product_data,1,0,,,,,measurement_st13_terminal_riveting_jig_top_output
5103,Y456,Y,456,bool,plc_product_data,1,0,,,,,measurement_st13_terminal_riveting_servo_on
5104,M210,M,210,bool,plc_product_data,1,0,,,,,action_st14_ccd_inspection_photo_trigger
5105,M220,M,220,bool,plc_product_data,1,0,,,,,judgment_st14_ccd_inspection_ccd01_ok
5106,M221,M,221,bool,plc_product_data,1,0,,,,,judgment_st14_ccd_inspection_ccd01_ng
5107,M222,M,222,bool,plc_product_data,1,0,,,,,judgment_st14_ccd_inspection_ccd02_ok
5108,M223,M,223,bool,plc_product_data,1,0,,,,,judgment_st14_ccd_inspection_ccd02_ng
5109,M224,M,224,bool,plc_product_data,1,0,,,,,judgment_st14_ccd_inspection_ccd03_ok
5110,M225,M,225,bool,plc_product_data,1,0,,,,,judgment_st14_ccd_inspection_ccd03_ng
5111,Y43C,Y,43C,bool,plc_product_data,1,0,,,,,action_st14_ccd_inspection_photo_output
5112,L779,L,779,bool,plc_product_data,1,0,,,,,status_st15_product_extraction_discharge_pit_full_02
5113,X14A,X,14A,bool,plc_product_data,1,0,,,,,measurement_st15_product_extraction_rotary_origin
5114,X14B,X,14B,bool,plc_product_data,1,0,,,,,measurement_st15_product_extraction_rotary_end
5115,X14C,X,14C,bool,plc_product_data,1,0,,,,,measurement_st15_product_extraction_jig01_vacuum_pickup
5116,X14D,X,14D,bool,plc_product_data,1,0,,,,,measurement_st15_product_extraction_jig02_vacuum_pickup
5117,X14E,X,14E,bool,plc_product_data,1,0,,,,,measurement_st15_product_extraction_jig03_vacuum_pickup
5118,X191,X,191,bool,plc_product_data,1,0,,,,,measurement_st15_product_extraction_jig01_detect
5119,X192,X,192,bool,plc_product_data,1,0,,,,,measurement_st15_product_extraction_jig02_detect
5120,X193,X,193,bool,plc_product_data,1,0,,,,,measurement_st15_product_extraction_jig03_detect
5121,Y441,Y,441,bool,plc_product_data,1,0,,,,,action_st15_product_extraction_jig01_vacuum_release
5122,Y442,Y,442,bool,plc_product_data,1,0,,,,,action_st15_product_extraction_jig02_vacuum_release
5123,Y443,Y,443,bool,plc_product_data,1,0,,,,,action_st15_product_extraction_jig03_vacuum_release
5124,Y444,Y,444,bool,plc_product_data,1,0,,,,,action_st15_product_extraction_discharge_bad
5125,Y45B,Y,45B,bool,plc_product_data,1,0,,,,,action_st15_product_extraction_discharge_good
5126,Y465,Y,465,bool,plc_product_data,1,0,,,,,action_st15_product_extraction_direct_vibration_stop
5127,X187,X,187,bool,plc_product_data,1,0,,,,,measurement_st16_jig_cleaning_residue_detect_01
5128,X188,X,188,bool,plc_product_data,1,0,,,,,measurement_st16_jig_cleaning_residue_detect_02
5129,Y446,Y,446,bool,plc_product_data,1,0,,,,,action_st16_dust_removal_dust_blower
5131,D2,D,2,uint16,plc_product_data,1,0,,4,,,status_auto
5144,D218,D,218,uint32,plc_product_data,1,0,,6,,,measurement_current_cycle
5145,D228,D,228,uint16,plc_product_data,1,0,,4,,,measurement_st02_jig_01_l
5146,D230,D,230,uint16,plc_product_data,1,0,,4,,,measurement_st02_jig_01_r
5147,D232,D,232,uint16,plc_product_data,1,0,,4,,,measurement_st02_jig_02_l
5148,D234,D,234,uint16,plc_product_data,1,0,,4,,,measurement_st02_jig_02_r
5149,D236,D,236,uint16,plc_product_data,1,0,,4,,,measurement_st02_jig_03_l
5150,D238,D,238,uint16,plc_product_data,1,0,,4,,,measurement_st02_jig_03_r
5151,D240,D,240,uint16,plc_product_data,1,0,,4,,,measurement_st02_jig_04_l
5152,D242,D,242,uint16,plc_product_data,1,0,,4,,,measurement_st02_jig_04_r
5153,D244,D,244,uint16,plc_product_data,1,0,,4,,,measurement_st02_jig_01_l
5154,D246,D,246,uint16,plc_product_data,1,0,,4,,,measurement_st02_jig_01_r
5155,D248,D,248,uint16,plc_product_data,1,0,,4,,,measurement_st02_jig_02_l
5156,D250,D,250,uint16,plc_product_data,1,0,,4,,,measurement_st02_jig_02_r
5157,D252,D,252,uint16,plc_product_data,1,0,,4,,,measurement_st02_jig_03_l
5158,D254,D,254,uint16,plc_product_data,1,0,,4,,,measurement_st02_jig_03_r
5159,D256,D,256,uint16,plc_product_data,1,0,,4,,,measurement_st02_jig_04_l
5160,D258,D,258,uint16,plc_product_data,1,0,,4,,,measurement_st02_jig_04_r
5161,D266,D,266,uint16,plc_product_data,1,0,,4,,,judgment_st02_detect
5162,D268,D,268,uint16,plc_setting_data,1,0,,4,,,setting_st02_detect_setting
5163,D270,D,270,uint16,plc_product_data,1,0,,4,,,measurement_st02_jig_01
5164,D272,D,272,uint16,plc_product_data,1,0,,4,,,measurement_st02_jig_02
5165,D274,D,274,uint16,plc_product_data,1,0,,4,,,measurement_st02_jig_03
5166,D276,D,276,uint16,plc_product_data,1,0,,4,,,measurement_st02_jig_04
5167,D280,D,280,uint16,plc_setting_data,1,0,,4,,,setting_st02
5168,D282,D,282,uint16,plc_setting_data,1,0,,4,,,setting_st02
5169,D284,D,284,uint16,plc_product_data,1,0,,4,,,judgment_ng
5170,D286,D,286,uint16,plc_product_data,1,0,,4,,,measurement_test
5171,D300,D,300,uint16,plc_product_data,1,0,,4,,,measurement_st03_jig_01
5172,D302,D,302,uint16,plc_product_data,1,0,,4,,,measurement_st03_jig_02
5173,D304,D,304,uint16,plc_product_data,1,0,,4,,,measurement_st04_jig_01
5174,D306,D,306,uint16,plc_product_data,1,0,,4,,,measurement_st04_jig_02
5175,D308,D,308,uint16,plc_product_data,1,0,,4,,,measurement_st05_jig_01
5176,D310,D,310,uint16,plc_product_data,1,0,,4,,,measurement_st05_jig_02
5177,D312,D,312,uint16,plc_product_data,1,0,,4,,,measurement_st05_jig_03
5178,D314,D,314,uint16,plc_product_data,1,0,,4,,,measurement_st05_jig_04
5179,D316,D,316,uint16,plc_product_data,1,0,,4,,,measurement_st06_jig_01
5180,D318,D,318,uint16,plc_product_data,1,0,,4,,,measurement_st06_jig_02
5181,D320,D,320,uint16,plc_product_data,1,0,,4,,,measurement_st06_jig_03
5182,D322,D,322,uint16,plc_product_data,1,0,,4,,,measurement_st06_jig_04
5183,D330,D,330,uint16,plc_product_data,1,0,,4,,,measurement_st03_pressure_jig_01
5184,D332,D,332,uint16,plc_product_data,1,0,,4,,,measurement_st03_pressure_jig_02
5185,D334,D,334,uint16,plc_product_data,1,0,,4,,,measurement_st04_pressure_jig_01
5186,D336,D,336,uint16,plc_product_data,1,0,,4,,,measurement_st04_pressure_jig_02
5187,D338,D,338,uint16,plc_product_data,1,0,,4,,,measurement_st05_pressure_jig_01
5188,D340,D,340,uint16,plc_product_data,1,0,,4,,,measurement_st05_pressure_jig_02
5189,D342,D,342,uint16,plc_product_data,1,0,,4,,,measurement_st05_pressure_jig_03
5190,D344,D,344,uint16,plc_product_data,1,0,,4,,,measurement_st05_pressure_jig_04
5191,D346,D,346,uint16,plc_product_data,1,0,,4,,,measurement_st06_pressure_jig_01
5192,D348,D,348,uint16,plc_product_data,1,0,,4,,,measurement_st06_pressure_jig_02
5193,D350,D,350,uint16,plc_product_data,1,0,,4,,,measurement_st06_pressure_jig_03
5194,D352,D,352,uint16,plc_product_data,1,0,,4,,,measurement_st06_pressure_jig_04
5195,D390,D,390,uint16,plc_setting_data,1,0,,4,,,setting_st03_ccd_upper
5196,D392,D,392,uint16,plc_setting_data,1,0,,4,,,setting_st03_ccd_lower
5197,D394,D,394,uint16,plc_setting_data,1,0,,4,,,setting_st03_ccd_upper
5198,D396,D,396,uint16,plc_setting_data,1,0,,4,,,setting_st03_ccd_lower
5199,D400,D,400,uint16,plc_setting_data,1,0,,4,,,setting_st04_ccd_upper
5200,D402,D,402,uint16,plc_setting_data,1,0,,4,,,setting_st04_ccd_lower
5201,D404,D,404,uint16,plc_setting_data,1,0,,4,,,setting_st04_ccd_upper
5202,D406,D,406,uint16,plc_setting_data,1,0,,4,,,setting_st04_ccd_lower
5203,D410,D,410,uint16,plc_product_data,1,0,,4,,,measurement_st03_ccd_l_status
5204,D412,D,412,uint16,plc_product_data,1,0,,4,,,measurement_st03_ccd_r_status
5205,D414,D,414,uint16,plc_product_data,1,0,,4,,,measurement_st03_ccd_l_status
5206,D416,D,416,uint16,plc_product_data,1,0,,4,,,measurement_st03_ccd_r_status
5207,D420,D,420,uint16,plc_product_data,1,0,,4,,,measurement_st04_ccd_l_status
5208,D422,D,422,uint16,plc_product_data,1,0,,4,,,measurement_st04_ccd_r_status
5209,D424,D,424,uint16,plc_product_data,1,0,,4,,,measurement_st04_ccd_l_status
5210,D426,D,426,uint16,plc_product_data,1,0,,4,,,measurement_st04_ccd_r_status
5211,D430,D,430,uint16,plc_setting_data,1,0,,4,,,setting_st03_updown_jig_01
5212,D432,D,432,uint16,plc_setting_data,1,0,,4,,,setting_st03_updown_jig_02
5213,D434,D,434,uint16,plc_setting_data,1,0,,4,,,setting_st04_updown_jig_01
5214,D436,D,436,uint16,plc_setting_data,1,0,,4,,,setting_st04_updown_jig_02
5215,D440,D,440,uint16,plc_product_data,1,0,,4,,,measurement_st03_updown_jig_01
5216,D442,D,442,uint16,plc_product_data,1,0,,4,,,measurement_st03_updown_jig_02
5217,D444,D,444,uint16,plc_product_data,1,0,,4,,,measurement_st04_updown_jig_01
5218,D446,D,446,uint16,plc_product_data,1,0,,4,,,measurement_st04_updown_jig_02
5219,D450,D,450,uint16,plc_product_data,1,0,,4,,,measurement_st03_updown_jig_01
5220,D452,D,452,uint16,plc_product_data,1,0,,4,,,measurement_st03_updown_jig_02
5221,D454,D,454,uint16,plc_product_data,1,0,,4,,,measurement_st04_updown_jig_01
5222,D456,D,456,uint16,plc_product_data,1,0,,4,,,measurement_st04_updown_jig_02
5223,D460,D,460,uint16,plc_product_data,1,0,,4,,,measurement_st03_updown_jig_01
5224,D462,D,462,uint16,plc_product_data,1,0,,4,,,measurement_st03_updown_jig_02
5225,D464,D,464,uint16,plc_product_data,1,0,,4,,,measurement_st04_updown_jig_01
5226,D466,D,466,uint16,plc_product_data,1,0,,4,,,measurement_st04_updown_jig_02
5227,D470,D,470,uint16,plc_product_data,1,0,,4,,,measurement_st03_pressure_jig_01
5228,D472,D,472,uint16,plc_product_data,1,0,,4,,,measurement_st03_pressure_jig_02
5229,D474,D,474,uint16,plc_product_data,1,0,,4,,,measurement_st04_pressure_jig_01
5230,D476,D,476,uint16,plc_product_data,1,0,,4,,,measurement_st04_pressure_jig_02
5231,D480,D,480,uint16,plc_product_data,1,0,,4,,,measurement_st03_updown_jig_01
5232,D482,D,482,uint16,plc_product_data,1,0,,4,,,measurement_st03_updown_jig_02
5233,D484,D,484,uint16,plc_product_data,1,0,,4,,,measurement_st04_updown_jig_01
5234,D486,D,486,uint16,plc_product_data,1,0,,4,,,measurement_st04_updown_jig_02
5235,D490,D,490,uint16,plc_product_data,1,0,,4,,,measurement_st03_pressure_jig_01
5236,D492,D,492,uint16,plc_product_data,1,0,,4,,,measurement_st03_pressure_jig_02
5237,D494,D,494,uint16,plc_product_data,1,0,,4,,,measurement_st04_pressure_jig_01
5238,D496,D,496,int32,plc_product_data,1,0,,8,,,measurement_st04_pressure_jig_02
5239,D510,D,510,int32,plc_setting_data,1,0,,8,,,setting_st01_pick
5240,D530,D,530,int32,plc_setting_data,1,0,,8,,,setting_st03_pick
5241,D550,D,550,int32,plc_setting_data,1,0,,8,,,setting_st05_pick
5242,D570,D,570,int32,plc_setting_data,1,0,,8,,,setting_st07_pick
5243,D590,D,590,int32,plc_setting_data,1,0,,8,,,setting_st09_riveting
5244,D610,D,610,int32,plc_setting_data,1,0,,8,,,setting_st11_pick
5245,D630,D,630,int32,plc_setting_data,1,0,,8,,,setting_st13_riveting
5246,D650,D,650,int32,plc_setting_data,1,0,,8,,,setting_st14_updown
5247,D670,D,670,int32,plc_setting_data,1,0,,8,,,setting_st15_pick
5248,D680,D,680,uint16,plc_setting_data,1,0,,4,,,setting_st06_origin
5249,D682,D,682,uint16,plc_setting_data,1,0,,4,,,setting_st06_detect
5250,D684,D,684,uint16,plc_setting_data,1,0,,4,,,setting_st06_detect_end
5251,D686,D,686,uint16,plc_setting_data,1,0,,4,,,setting_st06_detect
5252,D688,D,688,uint16,plc_setting_data,1,0,,4,,,setting_st06_detect
5253,D690,D,690,uint16,plc_setting_data,1,0,,4,,,setting_st06_detect
5254,D700,D,700,uint16,plc_setting_data,1,0,,4,,,setting_st06_origin
5255,D702,D,702,uint16,plc_setting_data,1,0,,4,,,setting_st06_detect
5256,D704,D,704,uint16,plc_setting_data,1,0,,4,,,setting_st06_detect_end
5257,D706,D,706,uint16,plc_setting_data,1,0,,4,,,setting_st06_detect
5258,D708,D,708,uint16,plc_setting_data,1,0,,4,,,setting_st06_detect
5259,D710,D,710,uint16,plc_setting_data,1,0,,4,,,setting_st06_detect
5260,D720,D,720,uint16,plc_setting_data,1,0,,4,,,setting_st06_origin
5261,D722,D,722,uint16,plc_setting_data,1,0,,4,,,setting_st06_detect
5262,D724,D,724,uint16,plc_setting_data,1,0,,4,,,setting_st06_detect_end
5263,D726,D,726,uint16,plc_setting_data,1,0,,4,,,setting_st06_detect
5264,D728,D,728,uint16,plc_setting_data,1,0,,4,,,setting_st06_detect
5265,D730,D,730,uint16,plc_setting_data,1,0,,4,,,setting_st06_detect
5266,D740,D,740,uint16,plc_setting_data,1,0,,4,,,setting_st10_pick
5267,D742,D,742,uint16,plc_setting_data,1,0,,4,,,setting_st10_ccd
5268,D744,D,744,uint16,plc_product_data,1,0,,4,,,measurement_10_ng_aging
5269,D746,D,746,uint16,plc_product_data,1,0,,4,,,judgment_st10_release_force
5270,D748,D,748,uint16,plc_setting_data,1,0,,4,,,setting_st10_ng
5271,D750,D,750,uint16,plc_product_data,1,0,,4,,,measurement_st10_pressure
5272,D752,D,752,uint16,plc_setting_data,1,0,,4,,,setting_st10_sync_time
5273,D754,D,754,uint16,plc_product_data,1,0,,4,,,judgment_st10_op_voltage
5274,D756,D,756,uint16,plc_product_data,1,0,,4,,,judgment_st10_rel_voltage
5275,D1000,D,1000,uint32,plc_setting_data,1,0,,6,,,setting_st01_pick_auto
5277,D1004,D,1004,uint32,plc_product_data,1,0,,6,,,measurement_st01_pick
5280,D1012,D,1012,uint32,plc_setting_data,1,0,,6,,,setting_st01_pick
5281,D1014,D,1014,uint32,plc_setting_data,1,0,,6,,,setting_st01_pick
5282,D1020,D,1020,uint32,plc_setting_data,1,0,,6,,,setting_st03_pick_auto
5284,D1024,D,1024,uint32,plc_product_data,1,0,,6,,,measurement_st03_pick
5287,D1032,D,1032,uint32,plc_setting_data,1,0,,6,,,setting_st03_pick
5288,D1034,D,1034,uint32,plc_setting_data,1,0,,6,,,setting_st03_pick
5289,D1040,D,1040,uint32,plc_setting_data,1,0,,6,,,setting_st05_pick_auto
5291,D1044,D,1044,uint32,plc_product_data,1,0,,6,,,measurement_st05_pick
5294,D1052,D,1052,uint32,plc_setting_data,1,0,,6,,,setting_st05_pick
5295,D1054,D,1054,uint32,plc_setting_data,1,0,,6,,,setting_st05_pick
5296,D1060,D,1060,uint32,plc_setting_data,1,0,,6,,,setting_st07_pick_auto
5298,D1064,D,1064,uint32,plc_product_data,1,0,,6,,,measurement_st07_pick
5301,D1072,D,1072,uint32,plc_setting_data,1,0,,6,,,setting_st07_pick
5302,D1074,D,1074,uint32,plc_setting_data,1,0,,6,,,setting_st07_pick
5303,D1080,D,1080,uint32,plc_setting_data,1,0,,6,,,setting_st09_riveting_auto
5304,D1084,D,1084,uint32,plc_product_data,1,0,,6,,,measurement_st09_riveting
5305,D1100,D,1100,uint32,plc_setting_data,1,0,,6,,,setting_st11_pick_auto
5307,D1104,D,1104,uint32,plc_product_data,1,0,,6,,,measurement_st11_pick
5310,D1112,D,1112,uint32,plc_setting_data,1,0,,6,,,setting_st11_pick
5311,D1120,D,1120,uint32,plc_setting_data,1,0,,6,,,setting_st13_riveting_auto
5312,D1124,D,1124,uint32,plc_product_data,1,0,,6,,,measurement_st13_riveting
5313,D1140,D,1140,uint32,plc_setting_data,1,0,,6,,,setting_st14_updown_auto
5315,D1144,D,1144,uint32,plc_product_data,1,0,,6,,,measurement_st14_updown
5318,D1152,D,1152,uint32,plc_setting_data,1,0,,6,,,setting_st14_updown
5319,D1160,D,1160,uint32,plc_setting_data,1,0,,6,,,setting_st15_pick_auto
5321,D1164,D,1164,uint32,plc_product_data,1,0,,6,,,measurement_st15_pick
5324,D1172,D,1172,uint32,plc_setting_data,1,0,,6,,,setting_st15_pick
5325,D1180,D,1180,uint16,plc_setting_data,1,0,,4,,,setting_st06_detect_auto
5327,D1184,D,1184,uint16,plc_product_data,1,0,,4,,,judgment_st06_detect
5328,D1186,D,1186,uint16,plc_setting_data,1,0,,4,,,setting_st06_detect
5329,D1188,D,1188,uint16,plc_setting_data,1,0,,4,,,setting_st06_origin
5330,D1190,D,1190,uint16,plc_setting_data,1,0,,4,,,setting_st06_detect
5331,D1192,D,1192,uint16,plc_setting_data,1,0,,4,,,setting_st06_detect
5332,D1200,D,1200,uint16,plc_setting_data,1,0,,4,,,setting_st06_detect_auto
5334,D1204,D,1204,uint16,plc_product_data,1,0,,4,,,judgment_st06_detect
5335,D1206,D,1206,uint16,plc_setting_data,1,0,,4,,,setting_st06_detect
5336,D1208,D,1208,uint16,plc_setting_data,1,0,,4,,,setting_st06_origin
5337,D1210,D,1210,uint16,plc_setting_data,1,0,,4,,,setting_st06_detect
5338,D1212,D,1212,uint16,plc_setting_data,1,0,,4,,,setting_st06_detect
5339,D1220,D,1220,uint16,plc_setting_data,1,0,,4,,,setting_st06_detect_auto
5341,D1224,D,1224,uint16,plc_product_data,1,0,,4,,,judgment_st06_detect
5342,D1226,D,1226,uint16,plc_setting_data,1,0,,4,,,setting_st06_detect
5343,D1228,D,1228,uint16,plc_setting_data,1,0,,4,,,setting_st06_origin
5344,D1230,D,1230,uint16,plc_setting_data,1,0,,4,,,setting_st06_detect
5345,D1232,D,1232,uint16,plc_setting_data,1,0,,4,,,setting_st06_detect
5346,D1240,D,1240,uint16,plc_setting_data,1,0,,4,,,setting_servo_auto
5348,D1244,D,1244,uint16,plc_product_data,1,0,,4,,,measurement_servo
5349,D1246,D,1246,uint16,plc_setting_data,1,0,,4,,,setting_servo
5350,D1248,D,1248,uint16,plc_setting_data,1,0,,4,,,setting_servo
5358,D2000,D,2000,uint16,plc_product_data,1,0,,4,,,measurement_st03_updown
5359,D2001,D,2001,uint16,plc_product_data,1,0,,4,,,measurement_st03_updown
5360,D2002,D,2002,uint16,plc_product_data,1,0,,4,,,measurement_st03_updown
5361,D2004,D,2004,uint16,plc_product_data,1,0,,4,,,measurement_st03_pressure
5362,D2005,D,2005,uint16,plc_product_data,1,0,,4,,,measurement_st03_pressure
5363,D2006,D,2006,uint16,plc_product_data,1,0,,4,,,measurement_st03_pressure
5364,D2010,D,2010,uint16,plc_product_data,1,0,,4,,,measurement_st03_updown
5365,D2011,D,2011,uint16,plc_product_data,1,0,,4,,,measurement_st03_updown
5366,D2012,D,2012,uint16,plc_product_data,1,0,,4,,,measurement_st03_updown
5367,D2014,D,2014,uint16,plc_product_data,1,0,,4,,,measurement_st03_pressure
5368,D2015,D,2015,uint16,plc_product_data,1,0,,4,,,measurement_st03_pressure
5369,D2016,D,2016,uint16,plc_product_data,1,0,,4,,,measurement_st03_pressure
5370,D2020,D,2020,uint16,plc_product_data,1,0,,4,,,measurement_st04_updown
5371,D2021,D,2021,uint16,plc_product_data,1,0,,4,,,measurement_st04_updown
5372,D2022,D,2022,uint16,plc_product_data,1,0,,4,,,measurement_st04_updown
5373,D2024,D,2024,uint16,plc_product_data,1,0,,4,,,measurement_st04_pressure
5374,D2025,D,2025,uint16,plc_product_data,1,0,,4,,,measurement_st04_pressure
5375,D2026,D,2026,uint16,plc_product_data,1,0,,4,,,measurement_st04_pressure
5376,D2030,D,2030,uint16,plc_product_data,1,0,,4,,,measurement_st04_updown
5377,D2031,D,2031,uint16,plc_product_data,1,0,,4,,,measurement_st04_updown
5378,D2032,D,2032,uint16,plc_product_data,1,0,,4,,,measurement_st04_updown
5379,D2034,D,2034,uint16,plc_product_data,1,0,,4,,,measurement_st04_pressure
5380,D2035,D,2035,uint16,plc_product_data,1,0,,4,,,measurement_st04_pressure
5381,D2036,D,2036,uint16,plc_product_data,1,0,,4,,,measurement_st04_pressure
5382,D2040,D,2040,uint16,plc_product_data,1,0,,4,,,measurement_st03_ng_jig_01_r
5383,D2050,D,2050,uint16,plc_product_data,1,0,,4,,,measurement_st03_ng_jig_02_r
5384,D2060,D,2060,uint16,plc_product_data,1,0,,4,,,measurement_st04_ng_jig_01_r
5385,D2070,D,2070,uint16,plc_product_data,1,0,,4,,,measurement_st04_ng_jig_02_r
5386,D2080,D,2080,uint16,plc_product_data,1,0,,4,,,measurement_st03_pressure_jig_01_r
5387,D2090,D,2090,uint16,plc_product_data,1,0,,4,,,measurement_st03_pressure_jig_02_r
5388,D2100,D,2100,uint16,plc_product_data,1,0,,4,,,measurement_st04_pressure_jig_01_r
5389,D2110,D,2110,uint16,plc_product_data,1,0,,4,,,measurement_st04_pressure_jig_02_r
5390,D2120,D,2120,uint16,plc_product_data,1,0,,4,,,measurement_st03_ng_jig_01_r
5391,D2130,D,2130,uint16,plc_product_data,1,0,,4,,,measurement_st03_ng_jig_02_r
5392,D2140,D,2140,uint16,plc_product_data,1,0,,4,,,measurement_st04_ng_jig_01_r
5393,D2150,D,2150,uint16,plc_product_data,1,0,,4,,,measurement_st04_ng_jig_02_r
5394,D2160,D,2160,uint16,plc_product_data,1,0,,4,,,measurement_st03_pressure_jig_01_r
5395,D2170,D,2170,uint16,plc_product_data,1,0,,4,,,measurement_st03_pressure_jig_02_r
5396,D2180,D,2180,uint16,plc_product_data,1,0,,4,,,measurement_st04_pressure_jig_01_r
5397,D2190,D,2190,uint16,plc_product_data,1,0,,4,,,measurement_st04_pressure_jig_02_r
5398,D2200,D,2200,uint16,plc_setting_data,1,0,,4,,,setting_st03_jig_01_upper
5399,D2202,D,2202,uint16,plc_setting_data,1,0,,4,,,setting_st03_jig_01_lower
5400,D2204,D,2204,uint16,plc_setting_data,1,0,,4,,,setting_st03_jig_01_l_compensation
5401,D2206,D,2206,uint16,plc_setting_data,1,0,,4,,,setting_st03_jig_01_r_compensation
5402,D2208,D,2208,uint16,plc_setting_data,1,0,,4,,,setting_st03_pressure_jig_01_upper
5403,D2210,D,2210,uint16,plc_setting_data,1,0,,4,,,setting_st03_pressure_jig_01_lower
5404,D2212,D,2212,uint16,plc_setting_data,1,0,,4,,,setting_st03_pressure_jig_01_l_compensation
5405,D2214,D,2214,uint16,plc_setting_data,1,0,,4,,,setting_st03_pressure_jig_01_r_compensation
5406,D2216,D,2216,uint16,plc_product_data,1,0,,4,,,measurement_st03_jig_01_l_actual
5407,D2218,D,2218,uint16,plc_product_data,1,0,,4,,,measurement_st03_jig_01_l_result
5408,D2220,D,2220,uint16,plc_product_data,1,0,,4,,,measurement_st03_jig_01_r_actual
5409,D2222,D,2222,uint16,plc_product_data,1,0,,4,,,measurement_st03_jig_01_r_result
5410,D2224,D,2224,uint16,plc_product_data,1,0,,4,,,measurement_st03_pressure_jig_01_l_actual
5411,D2226,D,2226,uint16,plc_product_data,1,0,,4,,,measurement_st03_pressure_jig_01_l_result
5412,D2228,D,2228,uint16,plc_product_data,1,0,,4,,,measurement_st03_pressure_jig_01_r_actual
5413,D2230,D,2230,uint16,plc_product_data,1,0,,4,,,measurement_st03_pressure_jig_01_r_result
5414,D2232,D,2232,uint16,plc_product_data,1,0,,4,,,measurement_st03_jig_01_l_status
5415,D2234,D,2234,uint16,plc_product_data,1,0,,4,,,measurement_st03_jig_01_r_status
5416,D2236,D,2236,uint16,plc_product_data,1,0,,4,,,measurement_st03_pressure_jig_01_l_status
5417,D2238,D,2238,uint16,plc_product_data,1,0,,4,,,measurement_st03_pressure_jig_01_r_status
5418,D2240,D,2240,uint16,plc_setting_data,1,0,,4,,,setting_st03_jig_02_upper
5419,D2242,D,2242,uint16,plc_setting_data,1,0,,4,,,setting_st03_jig_02_lower
5420,D2244,D,2244,uint16,plc_setting_data,1,0,,4,,,setting_st03_jig_02_l_compensation
5421,D2246,D,2246,uint16,plc_setting_data,1,0,,4,,,setting_st03_jig_02_r_compensation
5422,D2248,D,2248,uint16,plc_setting_data,1,0,,4,,,setting_st03_pressure_jig_02_upper
5423,D2250,D,2250,uint16,plc_setting_data,1,0,,4,,,setting_st03_pressure_jig_02_lower
5424,D2252,D,2252,uint16,plc_setting_data,1,0,,4,,,setting_st03_pressure_jig_02_l_compensation
5425,D2254,D,2254,uint16,plc_setting_data,1,0,,4,,,setting_st03_pressure_jig_02_r_compensation
5426,D2256,D,2256,uint16,plc_product_data,1,0,,4,,,measurement_st03_jig_02_l_actual
5427,D2258,D,2258,uint16,plc_product_data,1,0,,4,,,measurement_st03_jig_02_l_result
5428,D2260,D,2260,uint16,plc_product_data,1,0,,4,,,measurement_st03_jig_02_r_actual
5429,D2262,D,2262,uint16,plc_product_data,1,0,,4,,,measurement_st03_jig_02_r_result
5430,D2264,D,2264,uint16,plc_product_data,1,0,,4,,,measurement_st03_pressure_jig_02_l_actual
5431,D2266,D,2266,uint16,plc_product_data,1,0,,4,,,measurement_st03_pressure_jig_02_l_result
5432,D2268,D,2268,uint16,plc_product_data,1,0,,4,,,measurement_st03_pressure_jig_02_r_actual
5433,D2270,D,2270,uint16,plc_product_data,1,0,,4,,,measurement_st03_pressure_jig_02_r_result
5434,D2272,D,2272,uint16,plc_product_data,1,0,,4,,,measurement_st03_jig_02_l_status
5435,D2274,D,2274,uint16,plc_product_data,1,0,,4,,,measurement_st03_jig_02_r_status
5436,D2276,D,2276,uint16,plc_product_data,1,0,,4,,,measurement_st03_pressure_jig_02_l_status
5437,D2278,D,2278,uint16,plc_product_data,1,0,,4,,,measurement_st03_pressure_jig_02_r_status
5438,D2280,D,2280,uint16,plc_product_data,1,0,,4,,,measurement_st03_pressure_jig_01
5439,D2282,D,2282,uint16,plc_product_data,1,0,,4,,,measurement_st03_pressure_jig_02
5440,D2300,D,2300,uint16,plc_setting_data,1,0,,4,,,setting_st04_jig_01_upper
5441,D2302,D,2302,uint16,plc_setting_data,1,0,,4,,,setting_st04_jig_01_lower
5442,D2304,D,2304,uint16,plc_setting_data,1,0,,4,,,setting_st04_jig_01_l_compensation
5443,D2306,D,2306,uint16,plc_setting_data,1,0,,4,,,setting_st04_jig_01_r_compensation
5444,D2308,D,2308,uint16,plc_setting_data,1,0,,4,,,setting_st04_pressure_jig_01_upper
5445,D2310,D,2310,uint16,plc_setting_data,1,0,,4,,,setting_st04_pressure_jig_01_lower
5446,D2312,D,2312,uint16,plc_setting_data,1,0,,4,,,setting_st04_pressure_jig_01_l_compensation
5447,D2314,D,2314,uint16,plc_setting_data,1,0,,4,,,setting_st04_pressure_jig_01_r_compensation
5448,D2316,D,2316,uint16,plc_product_data,1,0,,4,,,measurement_st04_jig_01_l_actual
5449,D2318,D,2318,uint16,plc_product_data,1,0,,4,,,measurement_st04_jig_01_l_result
5450,D2320,D,2320,uint16,plc_product_data,1,0,,4,,,measurement_st04_jig_01_r_actual
5451,D2322,D,2322,uint16,plc_product_data,1,0,,4,,,measurement_st04_jig_01_r_result
5452,D2324,D,2324,uint16,plc_product_data,1,0,,4,,,measurement_st04_pressure_jig_01_l_actual
5453,D2326,D,2326,uint16,plc_product_data,1,0,,4,,,measurement_st04_pressure_jig_01_l_result
5454,D2328,D,2328,uint16,plc_product_data,1,0,,4,,,measurement_st04_pressure_jig_01_r_actual
5455,D2330,D,2330,uint16,plc_product_data,1,0,,4,,,measurement_st04_pressure_jig_01_r_result
5456,D2332,D,2332,uint16,plc_product_data,1,0,,4,,,measurement_st04_jig_01_l_status
5457,D2334,D,2334,uint16,plc_product_data,1,0,,4,,,measurement_st04_jig_01_r_status
5458,D2336,D,2336,uint16,plc_product_data,1,0,,4,,,measurement_st04_pressure_jig_01_l_status
5459,D2338,D,2338,uint16,plc_product_data,1,0,,4,,,measurement_st04_pressure_jig_01_r_status
5460,D2340,D,2340,uint16,plc_setting_data,1,0,,4,,,setting_st04_jig_02_upper
5461,D2342,D,2342,uint16,plc_setting_data,1,0,,4,,,setting_st04_jig_02_lower
5462,D2344,D,2344,uint16,plc_setting_data,1,0,,4,,,setting_st04_jig_02_l_compensation
5463,D2346,D,2346,uint16,plc_setting_data,1,0,,4,,,setting_st04_jig_02_r_compensation
5464,D2348,D,2348,uint16,plc_setting_data,1,0,,4,,,setting_st04_pressure_jig_02_upper
5465,D2350,D,2350,uint16,plc_setting_data,1,0,,4,,,setting_st04_pressure_jig_02_lower
5466,D2352,D,2352,uint16,plc_setting_data,1,0,,4,,,setting_st04_pressure_jig_02_l_compensation
5467,D2354,D,2354,uint16,plc_setting_data,1,0,,4,,,setting_st04_pressure_jig_02_r_compensation
5468,D2356,D,2356,uint16,plc_product_data,1,0,,4,,,measurement_st04_jig_02_l_actual
5469,D2358,D,2358,uint16,plc_product_data,1,0,,4,,,measurement_st04_jig_02_l_result
5470,D2360,D,2360,uint16,plc_product_data,1,0,,4,,,measurement_st04_jig_02_r_actual
5471,D2362,D,2362,uint16,plc_product_data,1,0,,4,,,measurement_st04_jig_02_r_result
5472,D2364,D,2364,uint16,plc_product_data,1,0,,4,,,measurement_st04_pressure_jig_02_l_actual
5473,D2366,D,2366,uint16,plc_product_data,1,0,,4,,,measurement_st04_pressure_jig_02_l_result
5474,D2368,D,2368,uint16,plc_product_data,1,0,,4,,,measurement_st04_pressure_jig_02_r_actual
5475,D2370,D,2370,uint16,plc_product_data,1,0,,4,,,measurement_st04_pressure_jig_02_r_result
5476,D2372,D,2372,uint16,plc_product_data,1,0,,4,,,measurement_st04_jig_02_l_status
5477,D2374,D,2374,uint16,plc_product_data,1,0,,4,,,measurement_st04_jig_02_r_status
5478,D2376,D,2376,uint16,plc_product_data,1,0,,4,,,measurement_st04_pressure_jig_02_l_status
5479,D2378,D,2378,uint16,plc_product_data,1,0,,4,,,measurement_st04_pressure_jig_02_r_status
5480,D2380,D,2380,uint16,plc_product_data,1,0,,4,,,measurement_st04_pressure_jig_01
5481,D2382,D,2382,uint16,plc_product_data,1,0,,4,,,measurement_st04_pressure_jig_02
5482,D2572,D,2572,uint32,plc_product_data,1,0,,6,,,judgment_st04_release_force_jig_01
5483,D2574,D,2574,uint32,plc_product_data,1,0,,6,,,judgment_st04_release_force_jig_01
5484,D2576,D,2576,uint16,plc_product_data,1,0,,4,,,measurement_st04_ok_jig_02
5485,D2578,D,2578,uint16,plc_product_data,1,0,,4,,,measurement_st04_ng_jig_02
5492,D2620,D,2620,uint16,plc_product_data,1,0,,4,,,measurement_st05_pressure_jig_01
5493,D2622,D,2622,uint16,plc_product_data,1,0,,4,,,measurement_st05_pressure_jig_02
5494,D2624,D,2624,uint16,plc_product_data,1,0,,4,,,measurement_st05_pressure_jig_03
5495,D2626,D,2626,uint16,plc_product_data,1,0,,4,,,measurement_st05_pressure_jig_04
5496,D2630,D,2630,uint16,plc_product_data,1,0,,4,,,measurement_st06_pressure_jig_01
5497,D2632,D,2632,uint16,plc_product_data,1,0,,4,,,measurement_st06_pressure_jig_02
5498,D2634,D,2634,uint16,plc_product_data,1,0,,4,,,measurement_st06_pressure_jig_03
5499,D2636,D,2636,uint16,plc_product_data,1,0,,4,,,measurement_st06_pressure_jig_04
5500,D2650,D,2650,uint16,plc_setting_data,1,0,,4,,,setting_st06_pressure_upper
5501,D2652,D,2652,uint16,plc_setting_data,1,0,,4,,,setting_st06_pressure_lower
5502,D2660,D,2660,uint16,plc_setting_data,1,0,,4,,,setting_st06_detect_compensation
5503,D2662,D,2662,uint16,plc_setting_data,1,0,,4,,,setting_st06_detect_compensation
5504,D2664,D,2664,uint16,plc_setting_data,1,0,,4,,,setting_st06_detect_compensation
5505,D2666,D,2666,uint16,plc_setting_data,1,0,,4,,,setting_st06_detect_compensation
5506,D2670,D,2670,uint16,plc_product_data,1,0,,4,,,measurement_st06_pressure
5507,D2672,D,2672,uint16,plc_product_data,1,0,,4,,,measurement_st06_pressure
5508,D2674,D,2674,uint16,plc_product_data,1,0,,4,,,measurement_st06_pressure
5509,D2676,D,2676,uint16,plc_product_data,1,0,,4,,,measurement_st06_pressure
5510,D2680,D,2680,uint16,plc_product_data,1,0,,4,,,measurement_st06_pressure
5511,D2682,D,2682,uint16,plc_product_data,1,0,,4,,,measurement_st06_pressure
5512,D2684,D,2684,uint16,plc_product_data,1,0,,4,,,measurement_st06_pressure
5513,D2686,D,2686,uint16,plc_product_data,1,0,,4,,,measurement_st06_pressure
5514,D2690,D,2690,uint16,plc_product_data,1,0,,4,,,judgment_st06_detect_status
5515,D2692,D,2692,uint16,plc_product_data,1,0,,4,,,judgment_st06_detect_status
5516,D2694,D,2694,uint16,plc_product_data,1,0,,4,,,judgment_st06_detect_status
5517,D2696,D,2696,uint16,plc_product_data,1,0,,4,,,judgment_st06_detect_status
5518,D2700,D,2700,uint16,plc_product_data,1,0,,4,,,measurement_5_1ok
5519,D2702,D,2702,uint16,plc_product_data,1,0,,4,,,measurement_5_1ng
5520,D2704,D,2704,uint16,plc_product_data,1,0,,4,,,measurement_5_2ok
5521,D2706,D,2706,uint16,plc_product_data,1,0,,4,,,measurement_5_2ng
5522,D2708,D,2708,uint16,plc_product_data,1,0,,4,,,measurement_5_3ok
5523,D2710,D,2710,uint16,plc_product_data,1,0,,4,,,measurement_5_3ng
5524,D2712,D,2712,uint16,plc_product_data,1,0,,4,,,measurement_5_4ok
5525,D2714,D,2714,uint16,plc_product_data,1,0,,4,,,measurement_5_4ng
5526,D2720,D,2720,uint16,plc_product_data,1,0,,4,,,measurement_6_1ok
5527,D2722,D,2722,uint16,plc_product_data,1,0,,4,,,measurement_6_1ng
5528,D2724,D,2724,uint16,plc_product_data,1,0,,4,,,measurement_6_2ok
5529,D2726,D,2726,uint16,plc_product_data,1,0,,4,,,measurement_6_2ng
5530,D2728,D,2728,uint16,plc_product_data,1,0,,4,,,measurement_6_3ok
5531,D2730,D,2730,uint16,plc_product_data,1,0,,4,,,measurement_6_3ng
5532,D2732,D,2732,uint16,plc_product_data,1,0,,4,,,measurement_6_4ok
5533,D2734,D,2734,uint16,plc_product_data,1,0,,4,,,measurement_6_4ng
5534,D2750,D,2750,uint16,plc_setting_data,1,0,,4,,,setting_st07_op_voltage_jig_01_upper
5535,D2752,D,2752,uint16,plc_setting_data,1,0,,4,,,setting_st07_op_voltage_jig_01_lower
5536,D2754,D,2754,uint16,plc_setting_data,1,0,,4,,,setting_st07_op_voltage_jig_01_compensation
5537,D2756,D,2756,uint16,plc_product_data,1,0,,4,,,measurement_st07_op_voltage_jig_01_actual
5538,D2758,D,2758,uint16,plc_product_data,1,0,,4,,,measurement_st07_op_voltage_jig_01_result
5539,D2760,D,2760,uint16,plc_product_data,1,0,,4,,,measurement_st07_op_voltage_jig_01_status
5540,D2770,D,2770,uint16,plc_setting_data,1,0,,4,,,setting_st07_rel_voltage_jig_01_upper
5541,D2772,D,2772,uint16,plc_setting_data,1,0,,4,,,setting_st07_rel_voltage_jig_01_lower
5542,D2774,D,2774,uint16,plc_setting_data,1,0,,4,,,setting_st07_rel_voltage_jig_01_compensation
5543,D2776,D,2776,uint16,plc_product_data,1,0,,4,,,measurement_st07_rel_voltage_jig_01_actual
5544,D2778,D,2778,uint16,plc_product_data,1,0,,4,,,measurement_st07_rel_voltage_jig_01_result
5545,D2780,D,2780,uint16,plc_product_data,1,0,,4,,,measurement_st07_rel_voltage_jig_01_status
5546,D2790,D,2790,uint16,plc_setting_data,1,0,,4,,,setting_st07_sync_time_jig_01_upper
5547,D2794,D,2794,uint16,plc_setting_data,1,0,,4,,,setting_st07_sync_time_jig_01_compensation
5548,D2796,D,2796,uint16,plc_setting_data,1,0,,4,,,setting_st07_sync_time_jig_01_actual
5549,D2798,D,2798,uint16,plc_setting_data,1,0,,4,,,setting_st07_sync_time_jig_01_result
5550,D2800,D,2800,uint16,plc_setting_data,1,0,,4,,,setting_st07_sync_time_jig_01_status
5551,D2804,D,2804,uint16,plc_product_data,1,0,,4,,,counter_st07_count_jig_01
5552,D2806,D,2806,uint16,plc_product_data,1,0,,4,,,counter_st07_count_jig_01
5553,D2820,D,2820,uint16,plc_setting_data,1,0,,4,,,setting_st07_op_voltage_jig_02_upper
5554,D2822,D,2822,uint16,plc_setting_data,1,0,,4,,,setting_st07_op_voltage_jig_02_lower
5555,D2824,D,2824,uint16,plc_setting_data,1,0,,4,,,setting_st07_op_voltage_jig_02_compensation
5556,D2826,D,2826,uint16,plc_product_data,1,0,,4,,,measurement_st07_op_voltage_jig_02_actual
5557,D2828,D,2828,uint16,plc_product_data,1,0,,4,,,measurement_st07_op_voltage_jig_02_result
5558,D2830,D,2830,uint16,plc_product_data,1,0,,4,,,measurement_st07_op_voltage_jig_02_status
5559,D2840,D,2840,uint16,plc_setting_data,1,0,,4,,,setting_st07_rel_voltage_jig_02_upper
5560,D2842,D,2842,uint16,plc_setting_data,1,0,,4,,,setting_st07_rel_voltage_jig_02_lower
5561,D2844,D,2844,uint16,plc_setting_data,1,0,,4,,,setting_st07_rel_voltage_jig_02_compensation
5562,D2846,D,2846,uint16,plc_product_data,1,0,,4,,,measurement_st07_rel_voltage_jig_02_actual
5563,D2848,D,2848,uint16,plc_product_data,1,0,,4,,,measurement_st07_rel_voltage_jig_02_result
5564,D2850,D,2850,uint16,plc_product_data,1,0,,4,,,measurement_st07_rel_voltage_jig_02_status
5565,D2860,D,2860,uint16,plc_setting_data,1,0,,4,,,setting_st07_sync_time_jig_02_upper
5566,D2864,D,2864,uint16,plc_setting_data,1,0,,4,,,setting_st07_sync_time_jig_02_compensation
5567,D2866,D,2866,uint16,plc_setting_data,1,0,,4,,,setting_st07_sync_time_jig_02_actual
5568,D2868,D,2868,uint16,plc_setting_data,1,0,,4,,,setting_st07_sync_time_jig_02_result
5569,D2870,D,2870,uint16,plc_setting_data,1,0,,4,,,setting_st07_sync_time_jig_02_status
5570,D2874,D,2874,uint16,plc_product_data,1,0,,4,,,counter_st07_count_jig_02
5571,D2876,D,2876,uint16,plc_product_data,1,0,,4,,,counter_st07_count_jig_02
5572,D2890,D,2890,uint16,plc_setting_data,1,0,,4,,,setting_st07_op_voltage_jig_03_upper
5573,D2892,D,2892,uint16,plc_setting_data,1,0,,4,,,setting_st07_op_voltage_jig_03_lower
5574,D2894,D,2894,uint16,plc_setting_data,1,0,,4,,,setting_st07_op_voltage_jig_03_compensation
5575,D2896,D,2896,uint16,plc_product_data,1,0,,4,,,measurement_st07_op_voltage_jig_03_actual
5576,D2898,D,2898,uint16,plc_product_data,1,0,,4,,,measurement_st07_op_voltage_jig_03_result
5577,D2900,D,2900,uint16,plc_product_data,1,0,,4,,,measurement_st07_op_voltage_jig_03_status
5578,D2910,D,2910,uint16,plc_setting_data,1,0,,4,,,setting_st07_rel_voltage_jig_03_upper
5579,D2912,D,2912,uint16,plc_setting_data,1,0,,4,,,setting_st07_rel_voltage_jig_03_lower
5580,D2914,D,2914,uint16,plc_setting_data,1,0,,4,,,setting_st07_rel_voltage_jig_03_compensation
5581,D2916,D,2916,uint16,plc_product_data,1,0,,4,,,measurement_st07_rel_voltage_jig_03_actual
5582,D2918,D,2918,uint16,plc_product_data,1,0,,4,,,measurement_st07_rel_voltage_jig_03_result
5583,D2920,D,2920,uint16,plc_product_data,1,0,,4,,,measurement_st07_rel_voltage_jig_03_status
5584,D2930,D,2930,uint16,plc_setting_data,1,0,,4,,,setting_st07_sync_time_jig_03_upper
5585,D2934,D,2934,uint16,plc_setting_data,1,0,,4,,,setting_st07_sync_time_jig_03_compensation
5586,D2936,D,2936,uint16,plc_setting_data,1,0,,4,,,setting_st07_sync_time_jig_03_actual
5587,D2938,D,2938,uint16,plc_setting_data,1,0,,4,,,setting_st07_sync_time_jig_03_result
5588,D2940,D,2940,uint16,plc_setting_data,1,0,,4,,,setting_st07_sync_time_jig_03_status
5589,D2944,D,2944,uint16,plc_product_data,1,0,,4,,,counter_st07_count_jig_03
5590,D2946,D,2946,uint16,plc_product_data,1,0,,4,,,counter_st07_count_jig_03
5591,D2960,D,2960,uint16,plc_setting_data,1,0,,4,,,setting_st07_op_voltage_jig_04_upper
5592,D2962,D,2962,uint16,plc_setting_data,1,0,,4,,,setting_st07_op_voltage_jig_04_lower
5593,D2964,D,2964,uint16,plc_setting_data,1,0,,4,,,setting_st07_op_voltage_jig_04_compensation
5594,D2966,D,2966,uint16,plc_product_data,1,0,,4,,,measurement_st07_op_voltage_jig_04_actual
5595,D2968,D,2968,uint16,plc_product_data,1,0,,4,,,measurement_st07_op_voltage_jig_04_result
5596,D2970,D,2970,uint16,plc_product_data,1,0,,4,,,measurement_st07_op_voltage_jig_04_status
5597,D2980,D,2980,uint16,plc_setting_data,1,0,,4,,,setting_st07_rel_voltage_jig_04_upper
5598,D2982,D,2982,uint16,plc_setting_data,1,0,,4,,,setting_st07_rel_voltage_jig_04_lower
5599,D2984,D,2984,uint16,plc_setting_data,1,0,,4,,,setting_st07_rel_voltage_jig_04_compensation
5600,D2986,D,2986,uint16,plc_product_data,1,0,,4,,,measurement_st07_rel_voltage_jig_04_actual
5601,D2988,D,2988,uint16,plc_product_data,1,0,,4,,,measurement_st07_rel_voltage_jig_04_result
5602,D2990,D,2990,uint16,plc_product_data,1,0,,4,,,measurement_st07_rel_voltage_jig_04_status
5603,D3000,D,3000,uint16,plc_setting_data,1,0,,4,,,setting_st07_sync_time_jig_04_upper
5604,D3004,D,3004,uint16,plc_setting_data,1,0,,4,,,setting_st07_sync_time_jig_04_compensation
5605,D3006,D,3006,uint16,plc_setting_data,1,0,,4,,,setting_st07_sync_time_jig_04_actual
5606,D3008,D,3008,uint16,plc_setting_data,1,0,,4,,,setting_st07_sync_time_jig_04_result
5607,D3010,D,3010,uint16,plc_setting_data,1,0,,4,,,setting_st07_sync_time_jig_04_status
5608,D3014,D,3014,uint16,plc_product_data,1,0,,4,,,counter_st07_count_jig_04
5609,D3016,D,3016,uint16,plc_product_data,1,0,,4,,,counter_st07_count_jig_04
5610,D3030,D,3030,uint16,plc_product_data,1,0,,4,,,measurement_st08_jig_01_status
5611,D3032,D,3032,uint16,plc_product_data,1,0,,4,,,measurement_st08_jig_02_status
5612,D3034,D,3034,uint16,plc_product_data,1,0,,4,,,measurement_st08_jig_03_status
5613,D3036,D,3036,uint16,plc_product_data,1,0,,4,,,measurement_st08_jig_04_status
5614,D3040,D,3040,uint16,plc_product_data,1,0,,4,,,counter_st08_count_jig_01
5615,D3042,D,3042,uint16,plc_product_data,1,0,,4,,,counter_st08_count_jig_01
5616,D3044,D,3044,uint16,plc_product_data,1,0,,4,,,counter_st08_count_jig_02
5617,D3046,D,3046,uint16,plc_product_data,1,0,,4,,,counter_st08_count_jig_02
5618,D3048,D,3048,uint16,plc_product_data,1,0,,4,,,counter_st08_count_jig_03
5619,D3050,D,3050,uint16,plc_product_data,1,0,,4,,,counter_st08_count_jig_03
5620,D3052,D,3052,uint16,plc_product_data,1,0,,4,,,counter_st08_count_jig_04
5621,D3054,D,3054,uint16,plc_product_data,1,0,,4,,,counter_st08_count_jig_04
5622,D3100,D,3100,uint16,plc_product_data,1,0,,4,,,measurement_status
5623,D3102,D,3102,uint16,plc_product_data,1,0,,4,,,measurement_status
5624,D3104,D,3104,uint16,plc_product_data,1,0,,4,,,measurement_l
5625,D3106,D,3106,uint16,plc_product_data,1,0,,4,,,measurement_l
5626,D3108,D,3108,uint16,plc_product_data,1,0,,4,,,measurement_r
5627,D3110,D,3110,uint16,plc_product_data,1,0,,4,,,measurement_r
5628,D3112,D,3112,uint16,plc_product_data,1,0,,4,,,measurement_l_status
5629,D3114,D,3114,uint16,plc_product_data,1,0,,4,,,measurement_pressure
5630,D3116,D,3116,uint16,plc_product_data,1,0,,4,,,measurement_pressure
5631,D3118,D,3118,uint16,plc_product_data,1,0,,4,,,measurement_test_003_height_l_real_distance_001
5632,D3120,D,3120,uint16,plc_product_data,1,0,,4,,,measurement_r
5633,D3122,D,3122,uint16,plc_product_data,1,0,,4,,,measurement_ccd_status
5634,D3124,D,3124,uint16,plc_product_data,1,0,,4,,,measurement_ccd
5635,D3126,D,3126,uint16,plc_product_data,1,0,,4,,,measurement_ccd_r
5636,D3128,D,3128,uint16,plc_product_data,1,0,,4,,,measurement_status
5637,D3130,D,3130,uint16,plc_product_data,1,0,,4,,,measurement_pressure
5638,D3132,D,3132,uint16,plc_product_data,1,0,,4,,,measurement_status
5639,D3134,D,3134,uint16,plc_product_data,1,0,,4,,,measurement_pressure_r
5640,D3136,D,3136,uint16,plc_product_data,1,0,,4,,,measurement_status
5641,D3138,D,3138,uint16,plc_product_data,1,0,,4,,,measurement_op_voltage_r
5642,D3140,D,3140,uint16,plc_product_data,1,0,,4,,,measurement_op_voltage_r
5643,D3142,D,3142,uint16,plc_setting_data,1,0,,4,,,setting_sync_time_r
5644,D3144,D,3144,uint16,plc_product_data,1,0,,4,,,measurement_status
5645,D3146,D,3146,uint16,plc_product_data,1,0,,4,,,judgment_ng_r
5646,D3150,D,3150,uint16,plc_product_data,1,0,,4,,,measurement_status
5647,D3152,D,3152,uint16,plc_product_data,1,0,,4,,,measurement_ccd_status
5648,D3154,D,3154,uint16,plc_product_data,1,0,,4,,,measurement_r_status
5649,D3156,D,3156,uint16,plc_product_data,1,0,,4,,,measurement_status
5650,D3200,D,3200,uint16,plc_product_data,1,0,,4,,,measurement_status
5651,D3202,D,3202,uint16,plc_product_data,1,0,,4,,,measurement_status
5652,D3204,D,3204,uint16,plc_product_data,1,0,,4,,,measurement_l
5653,D3206,D,3206,uint16,plc_product_data,1,0,,4,,,measurement_l
5654,D3208,D,3208,uint16,plc_product_data,1,0,,4,,,measurement_r
5655,D3210,D,3210,uint16,plc_product_data,1,0,,4,,,measurement_r
5656,D3212,D,3212,uint16,plc_product_data,1,0,,4,,,measurement_l_status
5657,D3214,D,3214,uint16,plc_product_data,1,0,,4,,,measurement_pressure
5658,D3216,D,3216,uint16,plc_product_data,1,0,,4,,,measurement_pressure
5659,D3218,D,3218,uint16,plc_product_data,1,0,,4,,,measurement_test_003_height_l_real_distance_002
5660,D3220,D,3220,uint16,plc_product_data,1,0,,4,,,measurement_r
5661,D3222,D,3222,uint16,plc_product_data,1,0,,4,,,measurement_ccd_status
5662,D3224,D,3224,uint16,plc_product_data,1,0,,4,,,measurement_ccd
5663,D3226,D,3226,uint16,plc_product_data,1,0,,4,,,measurement_ccd_r
5664,D3228,D,3228,uint16,plc_product_data,1,0,,4,,,measurement_status
5665,D3230,D,3230,uint16,plc_product_data,1,0,,4,,,measurement_pressure
5666,D3232,D,3232,uint16,plc_product_data,1,0,,4,,,measurement_status
5667,D3234,D,3234,uint16,plc_product_data,1,0,,4,,,measurement_pressure_r
5668,D3236,D,3236,uint16,plc_product_data,1,0,,4,,,measurement_status
5669,D3238,D,3238,uint16,plc_product_data,1,0,,4,,,measurement_op_voltage_r
5670,D3240,D,3240,uint16,plc_product_data,1,0,,4,,,measurement_op_voltage_r
5671,D3242,D,3242,uint16,plc_setting_data,1,0,,4,,,setting_sync_time_r
5672,D3244,D,3244,uint16,plc_product_data,1,0,,4,,,measurement_status
5673,D3246,D,3246,uint16,plc_product_data,1,0,,4,,,judgment_ng_r
5674,D3250,D,3250,uint16,plc_product_data,1,0,,4,,,measurement_status
5675,D3252,D,3252,uint16,plc_product_data,1,0,,4,,,measurement_ccd_status
5676,D3254,D,3254,uint16,plc_product_data,1,0,,4,,,measurement_r_status
5677,D3256,D,3256,uint16,plc_product_data,1,0,,4,,,measurement_status
5678,D3300,D,3300,uint16,plc_product_data,1,0,,4,,,measurement_status
5679,D3302,D,3302,uint16,plc_product_data,1,0,,4,,,measurement_status
5680,D3304,D,3304,uint16,plc_product_data,1,0,,4,,,measurement_l
5681,D3306,D,3306,uint16,plc_product_data,1,0,,4,,,measurement_l
5682,D3308,D,3308,uint16,plc_product_data,1,0,,4,,,measurement_r
5683,D3310,D,3310,uint16,plc_product_data,1,0,,4,,,measurement_r
5684,D3312,D,3312,uint16,plc_product_data,1,0,,4,,,measurement_l_status
5685,D3314,D,3314,uint16,plc_product_data,1,0,,4,,,measurement_pressure
5686,D3316,D,3316,uint16,plc_product_data,1,0,,4,,,measurement_pressure
5687,D3318,D,3318,uint16,plc_product_data,1,0,,4,,,measurement_test_003_height_l_real_distance_003
5688,D3320,D,3320,uint16,plc_product_data,1,0,,4,,,measurement_r
5689,D3322,D,3322,uint16,plc_product_data,1,0,,4,,,measurement_ccd_status
5690,D3324,D,3324,uint16,plc_product_data,1,0,,4,,,measurement_ccd
5691,D3326,D,3326,uint16,plc_product_data,1,0,,4,,,measurement_ccd_r
5692,D3328,D,3328,uint16,plc_product_data,1,0,,4,,,measurement_status
5693,D3330,D,3330,uint16,plc_product_data,1,0,,4,,,measurement_pressure
5694,D3332,D,3332,uint16,plc_product_data,1,0,,4,,,measurement_status
5695,D3334,D,3334,uint16,plc_product_data,1,0,,4,,,measurement_pressure_r
5696,D3336,D,3336,uint16,plc_product_data,1,0,,4,,,measurement_status
5697,D3338,D,3338,uint16,plc_product_data,1,0,,4,,,measurement_op_voltage_r
5698,D3340,D,3340,uint16,plc_product_data,1,0,,4,,,measurement_op_voltage_r
5699,D3342,D,3342,uint16,plc_setting_data,1,0,,4,,,setting_sync_time_r
5700,D3344,D,3344,uint16,plc_product_data,1,0,,4,,,measurement_status
5701,D3346,D,3346,uint16,plc_product_data,1,0,,4,,,judgment_ng_r
5702,D3350,D,3350,uint16,plc_product_data,1,0,,4,,,measurement_status
5703,D3352,D,3352,uint16,plc_product_data,1,0,,4,,,measurement_ccd_status
5704,D3354,D,3354,uint16,plc_product_data,1,0,,4,,,measurement_r_status
5705,D3356,D,3356,uint16,plc_product_data,1,0,,4,,,measurement_status
5706,D3400,D,3400,uint16,plc_product_data,1,0,,4,,,measurement_status
5707,D3402,D,3402,uint16,plc_product_data,1,0,,4,,,measurement_status
5708,D3404,D,3404,uint16,plc_product_data,1,0,,4,,,measurement_l
5709,D3406,D,3406,uint16,plc_product_data,1,0,,4,,,measurement_l
5710,D3408,D,3408,uint16,plc_product_data,1,0,,4,,,measurement_r
5711,D3410,D,3410,uint16,plc_product_data,1,0,,4,,,measurement_r
5712,D3412,D,3412,uint16,plc_product_data,1,0,,4,,,measurement_l_status
5713,D3414,D,3414,uint16,plc_product_data,1,0,,4,,,measurement_pressure
5714,D3416,D,3416,uint16,plc_product_data,1,0,,4,,,measurement_pressure
5715,D3418,D,3418,uint16,plc_product_data,1,0,,4,,,measurement_test_003_height_l_real_distance_004
5716,D3420,D,3420,uint16,plc_product_data,1,0,,4,,,measurement_r
5717,D3422,D,3422,uint16,plc_product_data,1,0,,4,,,measurement_ccd_status
5718,D3424,D,3424,uint16,plc_product_data,1,0,,4,,,measurement_ccd
5719,D3426,D,3426,uint16,plc_product_data,1,0,,4,,,measurement_ccd_r
5720,D3428,D,3428,uint16,plc_product_data,1,0,,4,,,measurement_status
5721,D3430,D,3430,uint16,plc_product_data,1,0,,4,,,measurement_pressure
5722,D3432,D,3432,uint16,plc_product_data,1,0,,4,,,measurement_status
5723,D3434,D,3434,uint16,plc_product_data,1,0,,4,,,measurement_pressure_r
5724,D3436,D,3436,uint16,plc_product_data,1,0,,4,,,measurement_status
5725,D3438,D,3438,uint16,plc_product_data,1,0,,4,,,measurement_op_voltage_r
5726,D3440,D,3440,uint16,plc_product_data,1,0,,4,,,measurement_op_voltage_r
5727,D3442,D,3442,uint16,plc_setting_data,1,0,,4,,,setting_sync_time_r
5728,D3444,D,3444,uint16,plc_product_data,1,0,,4,,,measurement_status
5729,D3446,D,3446,uint16,plc_product_data,1,0,,4,,,judgment_ng_r
5730,D3450,D,3450,uint16,plc_product_data,1,0,,4,,,measurement_status
5731,D3452,D,3452,uint16,plc_product_data,1,0,,4,,,measurement_ccd_status
5732,D3454,D,3454,uint16,plc_product_data,1,0,,4,,,measurement_r_status
5733,D3456,D,3456,uint16,plc_product_data,1,0,,4,,,measurement_status
5734,D3500,D,3500,uint16,plc_product_data,1,0,,4,,,measurement_001_job_idswitch_address
5735,D3600,D,3600,uint16,plc_product_data,1,0,,4,,,measurement_001_job_iddisplay
5736,D3606,D,3606,uint16,plc_product_data,1,0,,4,,,measurement_1ok2ng
5737,D3607,D,3607,uint16,plc_product_data,1,0,,4,,,measurement_1ok2ng
5738,D3608,D,3608,uint16,plc_product_data,1,0,,4,,,measurement_1ok2ng
5739,D3900,D,3900,int32,log,1,0,,,,,log_st2_off_l
5740,D3902,D,3902,int32,log,1,0,,,,,log_test3_height_l
5741,D3904,D,3904,int32,log,1,0,,,,,log_number_h
5742,D3906,D,3906,int32,log,1,0,,,,,log_ok_number_h
5743,D3908,D,3908,int32,log,1,0,,,,,log_ng_number_h
5744,D3910,D,3910,int32,log,1,0,,,,,log_ok
5745,D3912,D,3912,int32,log,1,0,,,,,log_st2_on_l
5746,D3914,D,3914,float32,log,1,0,,,,,log_test2_off_r
5749,D3920,D,3920,float32,log,1,0,,,,,log_test2_off_r
5750,D3922,D,3922,int32,log,1,0,,,,,log_test3_status
5751,D3924,D,3924,float32,log,1,0,,,,,log_test3_status_ccd
5752,D3926,D,3926,float32,log,1,0,,,,,log_test3_leave_l
5753,D3928,D,3928,int32,log,1,0,,,,,log_test3_status_height
5754,D3930,D,3930,float32,log,1,0,,,,,log_test3_height_l
5755,D3932,D,3932,int32,log,1,0,,,,,log_test3_status_ccd
5756,D3934,D,3934,float32,log,1,0,,,,,log_test3_appearance_ccd
5757,D3936,D,3936,int32,log,1,0,,,,,log_date
5758,D3938,D,3938,float32,log,1,0,,,,,log_test3_height_r
5759,D3940,D,3940,float32,log,1,0,,,,,log_test5_status
5760,D3942,D,3942,float32,log,1,0,,,,,log_test5_pressure_l
5761,D3944,D,3944,int32,log,1,0,,,,,log_test6_status
5762,D3946,D,3946,float32,log,1,0,,,,,log_test6_pressure_r
5763,D3950,D,3950,int32,log,1,0,,,,,log_test7_status_open
5764,D3952,D,3952,int32,log,1,0,,,,,log_test7_status_reset
5765,D3954,D,3954,int32,log,1,0,,,,,log_test7_status_time
5766,D3956,D,3956,int32,log,1,0,,,,,log_time
5767,D4000,D,4000,uint16,plc_product_data,1,0,,4,,,measurement_odbus_tcp_processing_id
5768,D4001,D,4001,uint16,plc_product_data,1,0,,4,,,measurement_odbus_tcp_odule_id
5769,D4002,D,4002,uint16,plc_setting_data,1,0,,4,,,setting_odbus_tcp_write_slave_position_001_002_00_004_006
5770,D4003,D,4003,uint16,plc_product_data,1,0,,4,,,measurement_odbus_tcp_write_slave_word_count
5771,D4010,D,4010,uint16,plc_product_data,1,0,,4,,,measurement_noral_return_data_processing_id
5772,D4011,D,4011,uint16,plc_product_data,1,0,,4,,,measurement_noral_return_data_odule_id
5773,D4012,D,4012,uint16,plc_setting_data,1,0,,4,,,setting_noral_return_data_slave_position
5774,D4013,D,4013,uint16,plc_product_data,1,0,,4,,,measurement_noral_return_data_write_slave_word_count
5778,D4030,D,4030,uint16,plc_setting_data,1,0,,4,,,setting_r
5779,D4034,D,4034,uint16,plc_product_data,1,0,,4,,,measurement_closedata_001
5780,D4035,D,4035,uint16,plc_product_data,1,0,,4,,,measurement_closedata_002
5781,D4038,D,4038,uint16,plc_product_data,1,0,,4,,,measurement_opendata_001
5782,D4039,D,4039,uint16,plc_product_data,1,0,,4,,,measurement_opendata_002
5783,D4040,D,4040,uint16,plc_product_data,1,0,,4,,,measurement_address
5784,D4042,D,4042,uint16,plc_product_data,1,0,,4,,,measurement_nuber_001
5785,D4043,D,4043,uint16,plc_product_data,1,0,,4,,,measurement_nuber_002
5786,D4044,D,4044,uint16,plc_product_data,1,0,,4,,,measurement_nuber_003
5787,D4045,D,4045,uint16,plc_product_data,1,0,,4,,,measurement_nuber_004
5788,D4046,D,4046,uint16,plc_product_data,1,0,,4,,,measurement_nuber_005
5789,D4047,D,4047,uint16,plc_product_data,1,0,,4,,,measurement_nuber_006
5790,D4048,D,4048,uint16,plc_product_data,1,0,,4,,,measurement_nuber_007
5791,D4049,D,4049,uint16,plc_product_data,1,0,,4,,,measurement_nuber_008
5792,D4099,D,4099,uint16,plc_product_data,1,0,,4,,,measurement_odbus_tcpsend_data
5793,D4100,D,4100,uint16,plc_product_data,1,0,,4,,,measurement_odbus_tcpsend_dataaddress_001_002_003
5794,D4224,D,4224,uint16,plc_product_data,1,0,,4,,,measurement_end
5795,D4900,D,4900,int32,plc_product_data,1,0,,,,,status_ascll_total_status_lag_ngsave
5796,D4902,D,4902,int32,log,1,0,,,,,log_test2_status_ascll_status_lag_ngsave
5797,D4904,D,4904,int32,log,1,0,,,,,log_test2_on_l_int_llag_ngsave
5798,D4906,D,4906,int32,log,1,0,,,,,log_test2_off_l_int_llag_ngsave
5799,D4908,D,4908,int32,log,1,0,,,,,log_test2_on_r_int_rlag_ngsave
5800,D4910,D,4910,int32,log,1,0,,,,,log_test2_off_r_int_rlag_ngsave
5801,D4912,D,4912,int32,log,1,0,,,,,log_test3_status_leave_ascll_status_lag_ngsave
5802,D4914,D,4914,float32,log,1,0,,,,,log_test3_leave_l_release_force_lag_ngsave
5803,D4916,D,4916,float32,log,1,0,,,,,log_test3_leave_r_release_force_lag_ngsave
5804,D4918,D,4918,float32,log,1,0,,,,,log_test3_height_l_distance_lag_ngsave
5805,D4920,D,4920,float32,log,1,0,,,,,log_test3_height_r_distance_lag_ngsave
5806,D4922,D,4922,int32,log,1,0,,,,,log_test3_appearance_ccd_ascll_status_lag_ngsave
5807,D4924,D,4924,float32,log,1,0,,,,,log_test3_height_l_ccd_distance_lag_ngsave
5808,D4926,D,4926,float32,log,1,0,,,,,log_test3_height_r_ccd_distance_lag_ngsave
5809,D4928,D,4928,int32,log,1,0,,,,,log_test5_status_ascll_status_lag_ngsave
5810,D4930,D,4930,float32,log,1,0,,,,,log_test5_pressure_l_pressure_lag_ngsave
5811,D4932,D,4932,int32,log,1,0,,,,,log_test6_status_ascll_status_lag_ngsave
5812,D4934,D,4934,float32,log,1,0,,,,,log_test6_pressure_r_pressure_lag_ngsave
5813,D4936,D,4936,int32,log,1,0,,,,,log_test7_status_ascll_status_lag_ngsave
5814,D4938,D,4938,float32,log,1,0,,,,,log_test7_openvoltage_action_voltage_lag_ngsave
5815,D4940,D,4940,float32,log,1,0,,,,,log_test7_resetvoltage_action_voltage_lag_ngsave
5816,D4942,D,4942,float32,log,1,0,,,,,log_test7_time_time_lag_ngsave
5817,D4944,D,4944,int32,log,1,0,,,,,log_test8_status_ascll_status_lag_ngsave
5818,D4946,D,4946,float32,log,1,0,,,,,log_test8_ngvoltage_real_ng_voltage_lag_ngsave
5819,D4950,D,4950,int32,log,1,0,,,,,log_test3_status_height_ascll_status_lag_ngsave
5820,D4952,D,4952,int32,log,1,0,,,,,log_test3_status_ccd_ascll_status_lag_ngsave
5821,D4954,D,4954,int32,log,1,0,,,,,log_test7_status_reset_ascll_status_lag_ngsave
5822,D4956,D,4956,int32,log,1,0,,,,,log_test7_status_time_ascll_status_lag_ngsave
5823,D5000,D,5000,uint16,plc_setting_data,1,0,,4,,,setting_st03_updown_save
5824,D6000,D,6000,uint16,plc_setting_data,1,0,,4,,,setting_st03_pressure_save
5825,D7000,D,7000,uint16,plc_setting_data,1,0,,4,,,setting_st03_updown_save
5826,D8000,D,8000,uint16,plc_setting_data,1,0,,4,,,setting_st03_pressure_save
5827,D9000,D,9000,uint16,plc_setting_data,1,0,,4,,,setting_st04_updown_save
5828,D11000,D,11000,uint16,plc_setting_data,1,0,,4,,,setting_st04_pressure_save
5829,D12000,D,12000,uint16,plc_setting_data,1,0,,4,,,setting_st04_updown_save
5830,D13000,D,13000,uint16,plc_setting_data,1,0,,4,,,setting_st04_pressure_save
5835,M11,M,11,bool,plc_product_data,1,0,,,,,status_st01_pick
5836,M12,M,12,bool,plc_product_data,1,0,,,,,status_st01_pick_done
5839,M15,M,15,bool,plc_product_data,1,0,,,,,measurement_st01_pick_stop
5840,M16,M,16,bool,plc_product_data,1,0,,,,,measurement_st01_pick
5841,M17,M,17,bool,plc_product_data,1,0,,,,,status_st01_pick_indicator
5844,M21,M,21,bool,plc_product_data,1,0,,,,,status_st03_pick
5845,M22,M,22,bool,plc_product_data,1,0,,,,,status_st03_pick_done
5848,M25,M,25,bool,plc_product_data,1,0,,,,,measurement_st03_pick_stop
5849,M26,M,26,bool,plc_product_data,1,0,,,,,measurement_st03_pick
5850,M27,M,27,bool,plc_product_data,1,0,,,,,status_st03_pick_indicator
5853,M31,M,31,bool,plc_product_data,1,0,,,,,status_st05_pick
5854,M32,M,32,bool,plc_product_data,1,0,,,,,status_st05_pick_done
5857,M35,M,35,bool,plc_product_data,1,0,,,,,measurement_st05_pick_stop
5858,M36,M,36,bool,plc_product_data,1,0,,,,,measurement_st05_pick
5859,M37,M,37,bool,plc_product_data,1,0,,,,,status_st05_pick_indicator
5862,M41,M,41,bool,plc_product_data,1,0,,,,,status_st07_pick
5863,M42,M,42,bool,plc_product_data,1,0,,,,,status_st07_pick_done
5866,M45,M,45,bool,plc_product_data,1,0,,,,,measurement_st07_pick_stop
5867,M46,M,46,bool,plc_product_data,1,0,,,,,measurement_st07_pick
5868,M47,M,47,bool,plc_product_data,1,0,,,,,status_st07_pick_indicator
5871,M51,M,51,bool,plc_product_data,1,0,,,,,status_st09_origin
5872,M52,M,52,bool,plc_product_data,1,0,,,,,status_st09_origin_done
5875,M55,M,55,bool,plc_product_data,1,0,,,,,measurement_st09_stop_stop
5876,M56,M,56,bool,plc_product_data,1,0,,,,,measurement_st09_servo
5877,M57,M,57,bool,plc_product_data,1,0,,,,,status_st09_origin_indicator
5878,M61,M,61,bool,plc_product_data,1,0,,,,,status_st11_pick
5879,M62,M,62,bool,plc_product_data,1,0,,,,,status_st11_pick_done
5882,M65,M,65,bool,plc_product_data,1,0,,,,,measurement_st11_pick_stop
5883,M66,M,66,bool,plc_product_data,1,0,,,,,measurement_st11_pick
5884,M67,M,67,bool,plc_product_data,1,0,,,,,status_st11_pick_indicator
5887,M71,M,71,bool,plc_product_data,1,0,,,,,status_st13_origin
5888,M72,M,72,bool,plc_product_data,1,0,,,,,status_st13_origin_done
5891,M75,M,75,bool,plc_product_data,1,0,,,,,measurement_st13_stop_stop
5892,M76,M,76,bool,plc_product_data,1,0,,,,,measurement_st13_riveting
5893,M77,M,77,bool,plc_product_data,1,0,,,,,status_st13_origin_indicator
5894,M81,M,81,bool,plc_product_data,1,0,,,,,status_st14_origin
5895,M82,M,82,bool,plc_product_data,1,0,,,,,status_st14_origin_done
5898,M85,M,85,bool,plc_product_data,1,0,,,,,measurement_st14_stop_stop
5899,M86,M,86,bool,plc_product_data,1,0,,,,,measurement_st14_updown
5900,M87,M,87,bool,plc_product_data,1,0,,,,,status_st14_origin_indicator
5903,M91,M,91,bool,plc_product_data,1,0,,,,,status_st15_pick
5904,M92,M,92,bool,plc_product_data,1,0,,,,,status_st15_pick_done
5907,M95,M,95,bool,plc_product_data,1,0,,,,,measurement_st15_pick_stop
5908,M96,M,96,bool,plc_product_data,1,0,,,,,measurement_st15_pick
5909,M97,M,97,bool,plc_product_data,1,0,,,,,status_st15_pick_indicator
5912,M101,M,101,bool,plc_product_data,1,0,,,,,judgment_st06_origin
5913,M102,M,102,bool,plc_product_data,1,0,,,,,judgment_st06_origin_done
5916,M105,M,105,bool,plc_product_data,1,0,,,,,judgment_st06_stop_stop
5917,M106,M,106,bool,plc_product_data,1,0,,,,,judgment_st06_detect
5918,M107,M,107,bool,plc_product_data,1,0,,,,,judgment_st06_origin_indicator
5919,M108,M,108,bool,plc_product_data,1,0,,,,,judgment_st06_detect_indicator
5920,M109,M,109,bool,plc_product_data,1,0,,,,,judgment_st06_detect_indicator
5921,M111,M,111,bool,plc_product_data,1,0,,,,,judgment_st06_origin
5922,M112,M,112,bool,plc_product_data,1,0,,,,,judgment_st06_servo_done
5925,M115,M,115,bool,plc_product_data,1,0,,,,,judgment_st06_stop_stop
5926,M116,M,116,bool,plc_product_data,1,0,,,,,judgment_st06_servo
5927,M117,M,117,bool,plc_product_data,1,0,,,,,judgment_st06_origin_indicator
5928,M118,M,118,bool,plc_product_data,1,0,,,,,judgment_st06_detect_indicator
5929,M119,M,119,bool,plc_product_data,1,0,,,,,judgment_st06_detect_indicator
5930,M121,M,121,bool,plc_product_data,1,0,,,,,judgment_st06_origin
5931,M122,M,122,bool,plc_product_data,1,0,,,,,judgment_st06_origin_done
5934,M125,M,125,bool,plc_product_data,1,0,,,,,judgment_st06_stop_stop
5935,M126,M,126,bool,plc_product_data,1,0,,,,,judgment_st06_detect
5936,M127,M,127,bool,plc_product_data,1,0,,,,,judgment_st06_origin_indicator
5937,M128,M,128,bool,plc_product_data,1,0,,,,,judgment_st06_detect_indicator
5938,M129,M,129,bool,plc_product_data,1,0,,,,,judgment_st06_detect_indicator
5939,M131,M,131,bool,plc_product_data,1,0,,,,,judgment_st10_ng
5940,M132,M,132,bool,plc_product_data,1,0,,,,,judgment_st10_ng_done
5943,M135,M,135,bool,plc_product_data,1,0,,,,,judgment_st10_ng_stop
5944,M136,M,136,bool,plc_product_data,1,0,,,,,judgment_st10_ng
5945,M137,M,137,bool,plc_product_data,1,0,,,,,judgment_st10_ng_indicator
5946,M138,M,138,bool,plc_product_data,1,0,,,,,judgment_st10_ng_indicator
5947,M139,M,139,bool,plc_product_data,1,0,,,,,judgment_st10_ng_indicator
5948,M180,M,180,bool,log,1,0,,,,,log_start
5949,M181,M,181,bool,plc_product_data,1,0,,,,,judgment_ok_log
5950,M182,M,182,bool,plc_product_data,1,0,,,,,judgment_ok_log
5951,M183,M,183,bool,plc_product_data,1,0,,,,,judgment_ok_log
5952,M184,M,184,bool,log,1,0,,,,,log_ng_start
5953,M185,M,185,bool,plc_product_data,1,0,,,,,judgment_ng_log
5954,M186,M,186,bool,plc_product_data,1,0,,,,,judgment_ng_log
5955,M187,M,187,bool,plc_product_data,1,0,,,,,judgment_ng_log
5959,M200,M,200,bool,plc_product_data,1,0,,,,,measurement_turntable
5960,M201,M,201,bool,plc_product_data,1,0,,,,,measurement_turntable
5961,M202,M,202,bool,plc_product_data,1,0,,,,,status_reset_done
5962,M500,M,500,bool,plc_setting_data,1,0,,,,,setting_st01_pick_positioning
5963,M501,M,501,bool,plc_setting_data,1,0,,,,,setting_st01_pick_arrived
5964,M502,M,502,bool,plc_product_data,1,0,,,,,status_st01_pick_positioning
5965,M503,M,503,bool,plc_product_data,1,0,,,,,status_st01_pick_arrived
5966,M504,M,504,bool,plc_product_data,1,0,,,,,status_st01_pick_positioning
5967,M505,M,505,bool,plc_product_data,1,0,,,,,status_st01_pick_arrived
5968,M506,M,506,bool,plc_product_data,1,0,,,,,judgment_st01_pick_positioning
5969,M507,M,507,bool,plc_product_data,1,0,,,,,judgment_st01_pick_arrived
5970,M508,M,508,bool,plc_setting_data,1,0,,,,,setting_st01_pick_positioning
5971,M509,M,509,bool,plc_setting_data,1,0,,,,,setting_st01_pick_arrived
5972,M510,M,510,bool,plc_setting_data,1,0,,,,,setting_st01_pick_positioning
5973,M511,M,511,bool,plc_setting_data,1,0,,,,,setting_st01_pick_arrived
5974,M520,M,520,bool,plc_setting_data,1,0,,,,,setting_st03_pick_positioning
5975,M521,M,521,bool,plc_setting_data,1,0,,,,,setting_st03_pick_arrived
5976,M522,M,522,bool,plc_product_data,1,0,,,,,status_st03_pick_positioning
5977,M523,M,523,bool,plc_product_data,1,0,,,,,status_st03_pick_arrived
5978,M524,M,524,bool,plc_product_data,1,0,,,,,status_st03_pick_positioning
5979,M525,M,525,bool,plc_product_data,1,0,,,,,status_st03_pick_arrived
5980,M526,M,526,bool,plc_product_data,1,0,,,,,judgment_st03_pick_positioning
5981,M527,M,527,bool,plc_product_data,1,0,,,,,judgment_st03_pick_arrived
5982,M528,M,528,bool,plc_setting_data,1,0,,,,,setting_st03_pick_positioning
5983,M529,M,529,bool,plc_setting_data,1,0,,,,,setting_st03_pick_arrived
5984,M530,M,530,bool,plc_setting_data,1,0,,,,,setting_st03_pick_positioning
5985,M531,M,531,bool,plc_setting_data,1,0,,,,,setting_st03_pick_arrived
5986,M540,M,540,bool,plc_setting_data,1,0,,,,,setting_st05_pick_positioning
5987,M541,M,541,bool,plc_setting_data,1,0,,,,,setting_st05_pick_arrived
5988,M542,M,542,bool,plc_product_data,1,0,,,,,status_st05_pick_positioning
5989,M543,M,543,bool,plc_product_data,1,0,,,,,status_st05_pick_arrived
5990,M544,M,544,bool,plc_product_data,1,0,,,,,status_st05_pick_positioning
5991,M545,M,545,bool,plc_product_data,1,0,,,,,status_st05_pick_arrived
5992,M546,M,546,bool,plc_product_data,1,0,,,,,judgment_st05_pick_positioning
5993,M547,M,547,bool,plc_product_data,1,0,,,,,judgment_st05_pick_arrived
5994,M548,M,548,bool,plc_setting_data,1,0,,,,,setting_st05_pick_positioning
5995,M549,M,549,bool,plc_setting_data,1,0,,,,,setting_st05_pick_arrived
5996,M550,M,550,bool,plc_setting_data,1,0,,,,,setting_st05_pick_positioning
5997,M551,M,551,bool,plc_setting_data,1,0,,,,,setting_st05_pick_arrived
5998,M560,M,560,bool,plc_setting_data,1,0,,,,,setting_st07_pick_positioning
5999,M561,M,561,bool,plc_setting_data,1,0,,,,,setting_st07_pick_arrived
6000,M562,M,562,bool,plc_product_data,1,0,,,,,status_st07_pick_positioning
6001,M563,M,563,bool,plc_product_data,1,0,,,,,status_st07_pick_arrived
6002,M564,M,564,bool,plc_product_data,1,0,,,,,status_st07_pick_positioning
6003,M565,M,565,bool,plc_product_data,1,0,,,,,status_st07_pick_arrived
6004,M566,M,566,bool,plc_product_data,1,0,,,,,judgment_st07_pick_positioning
6005,M567,M,567,bool,plc_product_data,1,0,,,,,judgment_st07_pick_arrived
6006,M568,M,568,bool,plc_setting_data,1,0,,,,,setting_st07_pick_positioning
6007,M569,M,569,bool,plc_setting_data,1,0,,,,,setting_st07_pick_arrived
6008,M570,M,570,bool,plc_setting_data,1,0,,,,,setting_st07_pick_positioning
6009,M571,M,571,bool,plc_setting_data,1,0,,,,,setting_st07_pick_arrived
6010,M580,M,580,bool,plc_setting_data,1,0,,,,,setting_st09_origin_positioning
6011,M581,M,581,bool,plc_setting_data,1,0,,,,,setting_st09_origin_arrived
6012,M582,M,582,bool,plc_product_data,1,0,,,,,judgment_st09_detect_positioning
6013,M583,M,583,bool,plc_product_data,1,0,,,,,judgment_st09_detect_arrived
6014,M584,M,584,bool,plc_product_data,1,0,,,,,judgment_st09_detect_positioning
6015,M585,M,585,bool,plc_product_data,1,0,,,,,judgment_st09_detect_arrived
6016,M586,M,586,bool,plc_setting_data,1,0,,,,,setting_st09_riveting_positioning
6017,M587,M,587,bool,plc_setting_data,1,0,,,,,setting_st09_riveting_arrived
6018,M588,M,588,bool,plc_setting_data,1,0,,,,,setting_st09_riveting_positioning
6019,M589,M,589,bool,plc_setting_data,1,0,,,,,setting_st09_riveting_arrived
6020,M590,M,590,bool,plc_setting_data,1,0,,,,,setting_st09_riveting_positioning
6021,M591,M,591,bool,plc_setting_data,1,0,,,,,setting_st09_riveting_arrived
6022,M600,M,600,bool,plc_setting_data,1,0,,,,,setting_st11_pick_positioning
6023,M601,M,601,bool,plc_setting_data,1,0,,,,,setting_st11_pick_arrived
6024,M602,M,602,bool,plc_product_data,1,0,,,,,judgment_st11_pick_positioning
6025,M603,M,603,bool,plc_product_data,1,0,,,,,judgment_st11_pick_arrived
6026,M604,M,604,bool,plc_product_data,1,0,,,,,judgment_st11_pick_positioning
6027,M605,M,605,bool,plc_product_data,1,0,,,,,judgment_st11_pick_arrived
6028,M606,M,606,bool,plc_setting_data,1,0,,,,,setting_st11_pick_positioning
6029,M607,M,607,bool,plc_setting_data,1,0,,,,,setting_st11_pick_arrived
6030,M608,M,608,bool,plc_setting_data,1,0,,,,,setting_st11_pick_positioning
6031,M609,M,609,bool,plc_setting_data,1,0,,,,,setting_st11_pick_arrived
6032,M610,M,610,bool,plc_setting_data,1,0,,,,,setting_st11_pick_positioning
6033,M611,M,611,bool,plc_setting_data,1,0,,,,,setting_st11_pick_arrived
6034,M620,M,620,bool,plc_setting_data,1,0,,,,,setting_st13_origin_positioning
6035,M621,M,621,bool,plc_setting_data,1,0,,,,,setting_st13_origin_arrived
6036,M622,M,622,bool,plc_product_data,1,0,,,,,judgment_st13_detect_positioning
6037,M623,M,623,bool,plc_product_data,1,0,,,,,judgment_st13_detect_arrived
6038,M624,M,624,bool,plc_product_data,1,0,,,,,judgment_st13_detect_positioning
6039,M625,M,625,bool,plc_product_data,1,0,,,,,judgment_st13_detect_arrived
6040,M626,M,626,bool,plc_setting_data,1,0,,,,,setting_st13_riveting_positioning
6041,M627,M,627,bool,plc_setting_data,1,0,,,,,setting_st13_riveting_arrived
6042,M628,M,628,bool,plc_setting_data,1,0,,,,,setting_st13_riveting_positioning
6043,M629,M,629,bool,plc_setting_data,1,0,,,,,setting_st13_riveting_arrived
6044,M630,M,630,bool,plc_setting_data,1,0,,,,,setting_st13_riveting_positioning
6045,M631,M,631,bool,plc_setting_data,1,0,,,,,setting_st13_riveting_arrived
6046,M640,M,640,bool,plc_setting_data,1,0,,,,,setting_st14_origin_positioning
6047,M641,M,641,bool,plc_setting_data,1,0,,,,,setting_st14_origin_arrived
6048,M642,M,642,bool,plc_product_data,1,0,,,,,judgment_st14_updown_positioning
6049,M643,M,643,bool,plc_product_data,1,0,,,,,judgment_st14_updown_arrived
6050,M644,M,644,bool,plc_product_data,1,0,,,,,judgment_st14_updown_positioning
6051,M645,M,645,bool,plc_product_data,1,0,,,,,judgment_st14_updown_arrived
6052,M646,M,646,bool,plc_setting_data,1,0,,,,,setting_st14_updown_positioning
6053,M647,M,647,bool,plc_setting_data,1,0,,,,,setting_st14_updown_arrived
6054,M648,M,648,bool,plc_setting_data,1,0,,,,,setting_st14_updown_positioning
6055,M649,M,649,bool,plc_setting_data,1,0,,,,,setting_st14_updown_arrived
6056,M650,M,650,bool,plc_setting_data,1,0,,,,,setting_st14_updown_positioning
6057,M651,M,651,bool,plc_setting_data,1,0,,,,,setting_st14_updown_arrived
6058,M660,M,660,bool,plc_setting_data,1,0,,,,,setting_st15_pick_positioning
6059,M661,M,661,bool,plc_setting_data,1,0,,,,,setting_st15_pick_arrived
6060,M662,M,662,bool,plc_product_data,1,0,,,,,judgment_st15_pick_positioning
6061,M663,M,663,bool,plc_product_data,1,0,,,,,judgment_st15_pick_arrived
6062,M664,M,664,bool,plc_product_data,1,0,,,,,judgment_st15_pick_positioning
6063,M665,M,665,bool,plc_product_data,1,0,,,,,judgment_st15_pick_arrived
6064,M666,M,666,bool,plc_setting_data,1,0,,,,,setting_st15_pick_positioning
6065,M667,M,667,bool,plc_setting_data,1,0,,,,,setting_st15_pick_arrived
6066,M668,M,668,bool,plc_setting_data,1,0,,,,,setting_st15_pick_positioning
6067,M669,M,669,bool,plc_setting_data,1,0,,,,,setting_st15_pick_arrived
6068,M670,M,670,bool,plc_setting_data,1,0,,,,,setting_st15_pick_positioning
6069,M671,M,671,bool,plc_setting_data,1,0,,,,,setting_st15_pick_arrived
6070,M680,M,680,bool,plc_setting_data,1,0,,,,,setting_st06_origin_jig_02_positioning
6071,M681,M,681,bool,plc_setting_data,1,0,,,,,setting_st06_origin_jig_02_arrived
6072,M682,M,682,bool,plc_product_data,1,0,,,,,judgment_st06_detect_jig_02_positioning
6073,M683,M,683,bool,plc_product_data,1,0,,,,,judgment_st06_detect_jig_02_arrived
6074,M684,M,684,bool,plc_product_data,1,0,,,,,judgment_st06_detect_jig_02_positioning
6075,M685,M,685,bool,plc_product_data,1,0,,,,,judgment_st06_detect_jig_02_arrived
6076,M686,M,686,bool,plc_setting_data,1,0,,,,,setting_st06_jig_02_positioning
6077,M687,M,687,bool,plc_setting_data,1,0,,,,,setting_st06_jig_02_arrived
6078,M688,M,688,bool,plc_setting_data,1,0,,,,,setting_st06_jig_02_positioning
6079,M689,M,689,bool,plc_setting_data,1,0,,,,,setting_st06_jig_02_arrived
6080,M690,M,690,bool,plc_setting_data,1,0,,,,,setting_st06_jig_02_positioning
6081,M691,M,691,bool,plc_setting_data,1,0,,,,,setting_st06_jig_02_arrived
6082,M700,M,700,bool,plc_setting_data,1,0,,,,,setting_st06_origin_jig_03_positioning
6083,M701,M,701,bool,plc_setting_data,1,0,,,,,setting_st06_origin_jig_03_arrived
6084,M702,M,702,bool,plc_product_data,1,0,,,,,judgment_st06_detect_jig_03_positioning
6085,M703,M,703,bool,plc_product_data,1,0,,,,,judgment_st06_detect_jig_03_arrived
6086,M704,M,704,bool,plc_product_data,1,0,,,,,judgment_st06_detect_jig_03_positioning
6087,M705,M,705,bool,plc_product_data,1,0,,,,,judgment_st06_detect_jig_03_arrived
6088,M706,M,706,bool,plc_setting_data,1,0,,,,,setting_st06_jig_03_positioning
6089,M707,M,707,bool,plc_setting_data,1,0,,,,,setting_st06_jig_03_arrived
6090,M708,M,708,bool,plc_setting_data,1,0,,,,,setting_st06_jig_03_positioning
6091,M709,M,709,bool,plc_setting_data,1,0,,,,,setting_st06_jig_03_arrived
6092,M710,M,710,bool,plc_setting_data,1,0,,,,,setting_st06_jig_03_positioning
6093,M711,M,711,bool,plc_setting_data,1,0,,,,,setting_st06_jig_03_arrived
6094,M720,M,720,bool,plc_setting_data,1,0,,,,,setting_st06_origin_jig_04_positioning
6095,M721,M,721,bool,plc_setting_data,1,0,,,,,setting_st06_origin_jig_04_arrived
6096,M722,M,722,bool,plc_product_data,1,0,,,,,judgment_st06_detect_jig_04_positioning
6097,M723,M,723,bool,plc_product_data,1,0,,,,,judgment_st06_detect_jig_04_arrived
6098,M724,M,724,bool,plc_product_data,1,0,,,,,judgment_st06_detect_jig_04_positioning
6099,M725,M,725,bool,plc_product_data,1,0,,,,,judgment_st06_detect_jig_04_arrived
6100,M726,M,726,bool,plc_setting_data,1,0,,,,,setting_st06_jig_04_positioning
6101,M727,M,727,bool,plc_setting_data,1,0,,,,,setting_st06_jig_04_arrived
6102,M728,M,728,bool,plc_setting_data,1,0,,,,,setting_st06_jig_04_positioning
6103,M729,M,729,bool,plc_setting_data,1,0,,,,,setting_st06_jig_04_arrived
6104,M730,M,730,bool,plc_setting_data,1,0,,,,,setting_st06_jig_04_positioning
6105,M731,M,731,bool,plc_setting_data,1,0,,,,,setting_st06_jig_04_arrived
6106,M740,M,740,bool,plc_setting_data,1,0,,,,,setting_st10_pick_positioning
6107,M741,M,741,bool,plc_setting_data,1,0,,,,,setting_st10_pick_arrived
6108,M742,M,742,bool,plc_setting_data,1,0,,,,,setting_st10_ccd_positioning
6109,M743,M,743,bool,plc_setting_data,1,0,,,,,setting_st10_ccd_arrived
6110,M744,M,744,bool,plc_product_data,1,0,,,,,judgment_st10_aging_positioning
6111,M745,M,745,bool,plc_product_data,1,0,,,,,judgment_st10_aging_arrived
6112,M746,M,746,bool,plc_product_data,1,0,,,,,judgment_st10_release_force_positioning
6113,M747,M,747,bool,plc_product_data,1,0,,,,,judgment_st10_release_force_arrived
6114,M748,M,748,bool,plc_setting_data,1,0,,,,,setting_st10_ng_positioning
6115,M749,M,749,bool,plc_setting_data,1,0,,,,,setting_st10_ng_arrived
6116,M750,M,750,bool,plc_product_data,1,0,,,,,measurement_st10_pressure_positioning
6117,M751,M,751,bool,plc_product_data,1,0,,,,,measurement_st10_pressure_arrived
6118,M752,M,752,bool,plc_setting_data,1,0,,,,,setting_st10_sync_time_positioning
6119,M753,M,753,bool,plc_setting_data,1,0,,,,,setting_st10_sync_time_arrived
6120,M754,M,754,bool,plc_product_data,1,0,,,,,judgment_st10_op_voltage_positioning
6121,M755,M,755,bool,plc_product_data,1,0,,,,,judgment_st10_op_voltage_arrived
6122,M756,M,756,bool,plc_product_data,1,0,,,,,judgment_st10_rel_voltage_positioning
6123,M757,M,757,bool,plc_product_data,1,0,,,,,judgment_st10_rel_voltage_arrived
6124,M3000,M,3000,bool,plc_product_data,1,0,,,,,measurement_001
6125,M3001,M,3001,bool,plc_product_data,1,0,,,,,measurement_001
6126,M3002,M,3002,bool,plc_product_data,1,0,,,,,measurement_001
6127,M3003,M,3003,bool,plc_product_data,1,0,,,,,measurement_001
6128,M3004,M,3004,bool,plc_product_data,1,0,,,,,measurement_001
6129,M3007,M,3007,bool,plc_setting_data,1,0,,,,,setting_001_set
6130,M3016,M,3016,bool,plc_setting_data,1,0,,,,,setting_001_setdata
6132,M3019,M,3019,bool,plc_product_data,1,0,,,,,measurement_photo
6133,M3024,M,3024,bool,plc_product_data,1,0,,,,,measurement_001_00
6134,M3100,M,3100,bool,plc_product_data,1,0,,,,,measurement_status
6135,M3101,M,3101,bool,plc_product_data,1,0,,,,,measurement_status
6136,M3103,M,3103,bool,plc_product_data,1,0,,,,,measurement_status
6137,M3107,M,3107,bool,plc_product_data,1,0,,,,,measurement_status
6138,M3109,M,3109,bool,plc_product_data,1,0,,,,,judgment_detect_status
6139,M3111,M,3111,bool,plc_product_data,1,0,,,,,measurement_status
6140,M3112,M,3112,bool,plc_product_data,1,0,,,,,measurement_status
6141,M3113,M,3113,bool,plc_product_data,1,0,,,,,measurement_status
6142,M3114,M,3114,bool,plc_product_data,1,0,,,,,measurement_status
6144,M3116,M,3116,bool,plc_setting_data,1,0,,,,,setting_status
6145,M3119,M,3119,bool,plc_product_data,1,0,,,,,measurement_status
6146,L0,L,0,bool,plc_product_data,1,0,,,,,measurement_st09
6149,L10,L,10,bool,plc_product_data,1,0,,,,,measurement_reset
6160,L27,L,27,bool,plc_product_data,1,0,,,,,measurement_st17_reset
6161,L28,L,28,bool,plc_product_data,1,0,,,,,measurement_st18_reset
6162,L29,L,29,bool,plc_product_data,1,0,,,,,measurement_st19_reset
6163,L50,L,50,bool,plc_product_data,1,0,,,,,action_reset_done
6174,L67,L,67,bool,plc_product_data,1,0,,,,,action_st17_reset_done
6175,L68,L,68,bool,plc_product_data,1,0,,,,,action_st18_reset_done
6176,L69,L,69,bool,plc_product_data,1,0,,,,,action_st19_reset_done
6180,L137,L,137,bool,plc_product_data,1,0,,,,,status_st17_origin
6181,L138,L,138,bool,plc_product_data,1,0,,,,,status_st18_origin
6182,L139,L,139,bool,plc_product_data,1,0,,,,,status_st19_origin
6183,L157,L,157,bool,plc_product_data,1,0,,,,,status_st17_active
6184,L158,L,158,bool,plc_product_data,1,0,,,,,status_st18_active
6185,L159,L,159,bool,plc_product_data,1,0,,,,,status_st19_active
6186,L177,L,177,bool,plc_product_data,1,0,,,,,status_st17
6187,L178,L,178,bool,plc_product_data,1,0,,,,,status_st18
6188,L179,L,179,bool,plc_product_data,1,0,,,,,status_st19
6218,L401,L,401,bool,plc_product_data,1,0,,,,,measurement_st01_feed
6219,L402,L,402,bool,plc_product_data,1,0,,,,,measurement_st01_feed
6220,L403,L,403,bool,plc_product_data,1,0,,,,,measurement_st01_pick
6221,L404,L,404,bool,plc_product_data,1,0,,,,,measurement_st01_pick
6222,L405,L,405,bool,plc_product_data,1,0,,,,,measurement_st01_pick
6223,L406,L,406,bool,plc_product_data,1,0,,,,,measurement_st01_pick
6224,L407,L,407,bool,plc_product_data,1,0,,,,,measurement_st01_pick
6225,L408,L,408,bool,plc_product_data,1,0,,,,,measurement_st01_pick
6226,L409,L,409,bool,plc_product_data,1,0,,,,,measurement_st02_updown
6227,L410,L,410,bool,plc_product_data,1,0,,,,,measurement_st03_feed
6228,L411,L,411,bool,plc_product_data,1,0,,,,,measurement_st03_feed
6229,L412,L,412,bool,plc_product_data,1,0,,,,,measurement_st03_pick
6230,L413,L,413,bool,plc_product_data,1,0,,,,,measurement_st03_pick
6231,L414,L,414,bool,plc_product_data,1,0,,,,,measurement_st03_pick
6232,L415,L,415,bool,plc_product_data,1,0,,,,,measurement_st05_feed
6233,L416,L,416,bool,plc_product_data,1,0,,,,,measurement_st05_feed
6234,L417,L,417,bool,plc_product_data,1,0,,,,,measurement_st05_pick
6235,L418,L,418,bool,plc_product_data,1,0,,,,,measurement_st05_pick
6236,L419,L,419,bool,plc_product_data,1,0,,,,,measurement_st05_pick
6237,L420,L,420,bool,plc_product_data,1,0,,,,,measurement_st07_feed
6238,L421,L,421,bool,plc_product_data,1,0,,,,,measurement_st07_feed
6239,L422,L,422,bool,plc_product_data,1,0,,,,,measurement_st07_pick
6240,L423,L,423,bool,plc_product_data,1,0,,,,,measurement_st07_pick
6241,L424,L,424,bool,plc_product_data,1,0,,,,,measurement_st07_pick
6242,L425,L,425,bool,plc_product_data,1,0,,,,,measurement_st09
6243,L426,L,426,bool,plc_product_data,1,0,,,,,measurement_st11_feed
6244,L427,L,427,bool,plc_product_data,1,0,,,,,measurement_st11_feed
6245,L428,L,428,bool,plc_product_data,1,0,,,,,measurement_st11_pick
6246,L429,L,429,bool,plc_product_data,1,0,,,,,measurement_st11_pick
6247,L430,L,430,bool,plc_product_data,1,0,,,,,measurement_st11_pick
6248,L431,L,431,bool,plc_product_data,1,0,,,,,measurement_st11_pick
6249,L432,L,432,bool,plc_product_data,1,0,,,,,measurement_st11_pick
6250,L433,L,433,bool,plc_product_data,1,0,,,,,measurement_st11_pick
6251,L434,L,434,bool,plc_product_data,1,0,,,,,measurement_st12_lateral
6252,L435,L,435,bool,plc_product_data,1,0,,,,,measurement_st12_updown
6253,L436,L,436,bool,plc_product_data,1,0,,,,,measurement_st12_vacuum
6254,L437,L,437,bool,plc_product_data,1,0,,,,,measurement_st12_vacuum
6255,L438,L,438,bool,plc_product_data,1,0,,,,,measurement_st12_vacuum
6256,L439,L,439,bool,plc_product_data,1,0,,,,,measurement_st12_vacuum
6257,L440,L,440,bool,plc_product_data,1,0,,,,,measurement_st12_vacuum
6258,L441,L,441,bool,plc_product_data,1,0,,,,,measurement_st12_vacuum
6259,L442,L,442,bool,plc_product_data,1,0,,,,,measurement_st13
6260,L443,L,443,bool,plc_product_data,1,0,,,,,measurement_st14_fwdback
6261,L444,L,444,bool,plc_product_data,1,0,,,,,measurement_st14_updown
6262,L445,L,445,bool,plc_product_data,1,0,,,,,measurement_14_ccd
6263,L446,L,446,bool,plc_product_data,1,0,,,,,measurement_st15_pick
6264,L447,L,447,bool,plc_product_data,1,0,,,,,measurement_st15_pick
6265,L448,L,448,bool,plc_product_data,1,0,,,,,measurement_st15_pick
6266,L449,L,449,bool,plc_product_data,1,0,,,,,measurement_st15_pick
6267,L450,L,450,bool,plc_product_data,1,0,,,,,measurement_st15_pick
6268,L451,L,451,bool,plc_product_data,1,0,,,,,measurement_st15_pick
6269,L452,L,452,bool,plc_product_data,1,0,,,,,measurement_st15_pick
6270,L453,L,453,bool,plc_product_data,1,0,,,,,measurement_st15_defect
6271,L454,L,454,bool,plc_product_data,1,0,,,,,measurement_st16_updown
6272,L455,L,455,bool,plc_product_data,1,0,,,,,measurement_st16
6273,L456,L,456,bool,plc_product_data,1,0,,,,,measurement_st01_feed
6274,L457,L,457,bool,plc_product_data,1,0,,,,,measurement_st15
6275,L460,L,460,bool,plc_product_data,1,0,,,,,measurement_st12
6503,L1001,L,1001,bool,plc_product_data,1,0,,,,,measurement_point
6504,L1002,L,1002,bool,plc_product_data,1,0,,,,,measurement_reset
6505,L1003,L,1003,bool,plc_product_data,1,0,,,,,measurement_end
6507,L1005,L,1005,bool,plc_product_data,1,0,,,,,measurement_auto
6508,L1007,L,1007,bool,plc_product_data,1,0,,,,,status_start_auto
6510,L1009,L,1009,bool,plc_product_data,1,0,,,,,measurement_reset
6515,L1100,L,1100,bool,plc_product_data,1,0,,,,,status_auto
6519,L1104,L,1104,bool,plc_product_data,1,0,,,,,status_st04_auto
6521,L1106,L,1106,bool,plc_product_data,1,0,,,,,status_st06_auto
6523,L1108,L,1108,bool,plc_product_data,1,0,,,,,status_st08_auto
6524,L1110,L,1110,bool,plc_product_data,1,0,,,,,status_st10_auto
6530,L1117,L,1117,bool,plc_product_data,1,0,,,,,status_st17_auto
6531,L1118,L,1118,bool,plc_product_data,1,0,,,,,status_st18_auto
6532,L1119,L,1119,bool,plc_product_data,1,0,,,,,status_st19_auto
6533,L1120,L,1120,bool,plc_product_data,1,0,,,,,status_st20_auto
6534,L1121,L,1121,bool,plc_product_data,1,0,,,,,status_st21_auto
6535,L1122,L,1122,bool,plc_product_data,1,0,,,,,status_st22_auto
6536,L1123,L,1123,bool,plc_product_data,1,0,,,,,status_st23_auto
6537,L1124,L,1124,bool,plc_product_data,1,0,,,,,status_st24_auto
6538,L1125,L,1125,bool,plc_product_data,1,0,,,,,status_st25_auto
6539,L1126,L,1126,bool,plc_product_data,1,0,,,,,status_st26_auto
6540,L1127,L,1127,bool,plc_product_data,1,0,,,,,status_st27_auto
6541,L1128,L,1128,bool,plc_product_data,1,0,,,,,status_st28_auto
6542,L1129,L,1129,bool,plc_product_data,1,0,,,,,status_st29_auto
6543,L1130,L,1130,bool,plc_product_data,1,0,,,,,status_st30_auto
6544,L1131,L,1131,bool,plc_product_data,1,0,,,,,status_st31_auto
6546,L1219,L,1219,bool,plc_product_data,1,0,,,,,judgment_st16_detect_mask
6551,L1254,L,1254,bool,plc_product_data,1,0,,,,,measurement_safety_door_mask
