tag_id,tag_name,memory,address,data_type,collection_group,scale,offset,decimals,word_length,format,unit,description
250,D210,D,210,uint32,plc_data,1,0,,10,,,총 생산량
245,D200,D,200,uint32,plc_data,1,0,,8,,,생산수량
246,D202,D,202,uint32,plc_data,1,0,,8,,,OK 수량_PCS
247,D204,D,204,uint32,plc_data,1,0,,8,,,NG 수량_PCS
253,D216,D,216,uint32,plc_data,0.1,0,,5,,,사이클 시간
1000,Y401,Y,401,bool,plc_data,1,0,,,,,자동 선택 표시 등
1001,Y402,Y,402,bool,plc_data,1,0,,,,,표시등을 수동으로 선택
1002,Y403,Y,403,bool,plc_data,1,0,,,,,자동 시작 표시등
1003,Y404,Y,404,bool,plc_data,1,0,,,,,자동 정지 표시등
1004,Y405,Y,405,bool,plc_data,1,0,,,,,재설정 표시등
1005,Y406,Y,406,bool,plc_data,1,0,,,,,알람 해제 표시등
1006,Y407,Y,407,bool,plc_data,1,0,,,,,사이클 시작 표시등
1007,Y408,Y,408,bool,plc_data,1,0,,,,,실린더 작동 표시 등
1008,Y409,Y,409,bool,plc_data,1,0,,,,,실린더 재설정 표시등
1009,Y40A,Y,40A,bool,plc_data,1,0,,,,,잔여물 처리 표시등
1010,Y40C,Y,40C,bool,tl_data,1,0,,,,,TL_RED
1011,Y40D,Y,40D,bool,tl_data,1,0,,,,,TL_Green
1012,Y40E,Y,40E,bool,tl_data,1,0,,,,,TL_Yellow
3000,M188,M,188,bool,log,1,0,,,,,Log3(D360-D368)
3001,D360,D,360,uint32,log,1,0,0,,,,Number/h
3002,D362,D,362,uint32,log,1,0,0,,,,OK_Number/h
3003,D364,D,364,uint32,log,1,0,0,,,,NG_Number/h
3004,D366,D,366,float32,log,1,0,2,,,,OK/%
3005,D368,D,368,float32,log,1,0,2,,,,NG/%
2000,L2001,L,2001,bool,alm,1,0,,,,,0# 이온 송풍 전자 밸브 수동 미환원
2001,L2002,L,2002,bool,alm,1,0,,,,,1# 재료 운송 1 실린더 수동 미환원
2002,L2003,L,2003,bool,alm,1,0,,,,,1# 재료 Pick up 회전 1 수동 미환원
2003,L2004,L,2004,bool,alm,1,0,,,,,1# 재료 Pick up 회전 2 수동 미환원
2004,L2005,L,2005,bool,alm,1,0,,,,,1# 재료 Pick up 그립퍼 1 수동 미환원
2005,L2006,L,2006,bool,alm,1,0,,,,,1# 재료 Pick up 그립퍼 1 수동 미환원
2006,L2007,L,2007,bool,alm,1,0,,,,,3# 재료 운송 수동 미환원
2007,L2008,L,2008,bool,alm,1,0,,,,,3#Pick up 회전 실린더 1 수동 미환원
2008,L2009,L,2009,bool,alm,1,0,,,,,3#Pick up 회전 실린더 2 수동 미환원
2009,L2010,L,2010,bool,alm,1,0,,,,,3#Pick up 그립퍼 1 수동 미환원
2010,L2011,L,2011,bool,alm,1,0,,,,,3#Pick up 그립퍼 2 수동 미환원
2011,L2012,L,2012,bool,alm,1,0,,,,,4#상하 검 수동 미환원
2012,L2013,L,2013,bool,alm,1,0,,,,,5# 재료 운송 수동 미환원
2013,L2014,L,2014,bool,alm,1,0,,,,,5# 기어가 수동으로 복원되지 않음
2014,L2015,L,2015,bool,alm,1,0,,,,,5# 중계 위치 교환 1 수동 미환원
2015,L2016,L,2016,bool,alm,1,0,,,,,5# 중계 그립퍼 1 수동 미환원
2016,L2017,L,2017,bool,alm,1,0,,,,,5# 중계 그립퍼 2 수동 미환원
2017,L2018,L,2018,bool,alm,1,0,,,,,5# Pick up 그립퍼 1 수동 미환원
2018,L2019,L,2019,bool,alm,1,0,,,,,5# Pick up 그립퍼 2 수동 미환원
2019,L2020,L,2020,bool,alm,1,0,,,,,5# 제품을 놓는 회전1 수동 미환원
2020,L2021,L,2021,bool,alm,1,0,,,,,5# 제품을 놓는 회전2 수동 미환원
2021,L2022,L,2022,bool,alm,1,0,,,,,5# 제품을 놓는 그립퍼 1 수동 미환원
2022,L2023,L,2023,bool,alm,1,0,,,,,5# 제품을 놓는 그립퍼 2 수동 미환원
2023,L2024,L,2024,bool,alm,1,0,,,,,5# 지그 실행  수동 미환원
2024,L2025,L,2025,bool,alm,1,0,,,,,6# 상하검사 1 수동 미환원
2025,L2026,L,2026,bool,alm,1,0,,,,,6# 상하검사 2 수동 미환원
2026,L2027,L,2027,bool,alm,1,0,,,,,9# 상하검사 2 수동 미환원
2027,L2028,L,2028,bool,alm,1,0,,,,,9# 위치를 막음 수동 미환원
2028,L2029,L,2029,bool,alm,1,0,,,,,9# 중계 위치 교환 1 수동 미환원
2029,L2030,L,2030,bool,alm,1,0,,,,,9# 중계 위치 교환 2 수동 미환원
2030,L2031,L,2031,bool,alm,1,0,,,,,9#Pick up 진공 1 수동 미환원
2031,L2032,L,2032,bool,alm,1,0,,,,,9#Pick up 파진공 1 수동 미환원
2032,L2033,L,2033,bool,alm,1,0,,,,,9#Pick up 진공 2 수동 미환원
2033,L2034,L,2034,bool,alm,1,0,,,,,9#Pick up 파진공 2 수동 미환원
2034,L2035,L,2035,bool,alm,1,0,,,,,9# 제품을 놓는 회전1 수동 미환원
2035,L2036,L,2036,bool,alm,1,0,,,,,9# 제품을 놓는 회전2 수동 미환원
2036,L2037,L,2037,bool,alm,1,0,,,,,9# 제품을 놓는 그립퍼 1 수동 미환원
2037,L2038,L,2038,bool,alm,1,0,,,,,9# 제품을 놓는 그립퍼 2 수동 미환원
2038,L2039,L,2039,bool,alm,1,0,,,,,9# 지그 실행  수동 미환원
2039,L2040,L,2040,bool,alm,1,0,,,,,10# 하부로 누름 수동 미 환원
2040,L2041,L,2041,bool,alm,1,0,,,,,10# 상하 검사 수동 미 환원
2041,L2042,L,2042,bool,alm,1,0,,,,,10# 위치 이동 수동 미 환원
2042,L2043,L,2043,bool,alm,1,0,,,,,10# CCD 수동 미 환원
2043,L2044,L,2044,bool,alm,1,0,,,,,14# 지그 실행  수동 미환원
2044,L2045,L,2045,bool,alm,1,0,,,,,14# Pick up 회전 수동 미환원
2045,L2046,L,2046,bool,alm,1,0,,,,,14# Pick up 그립퍼 1 수동 미환원
2046,L2047,L,2047,bool,alm,1,0,,,,,14# Pick up 그립퍼 2 수동 미환원
2047,L2048,L,2048,bool,alm,1,0,,,,,14# 제품을 놓는 상하 수동 미 환원
2048,L2049,L,2049,bool,alm,1,0,,,,,14# 제품을 놓는 그립퍼 1 수동 미 환원
2049,L2050,L,2050,bool,alm,1,0,,,,,14# 제품을 놓는 그립퍼 2 수동 미 환원
2050,L2051,L,2051,bool,alm,1,0,,,,,14# 중계 회전1 수동 미환원
2051,L2052,L,2052,bool,alm,1,0,,,,,14# 중계 회전2 수동 미환원
2052,L2053,L,2053,bool,alm,1,0,,,,,14# 위치 교환  수동 미환원
2053,L2054,L,2054,bool,alm,1,0,,,,,14# 제품 밀어내기  수동 미환원
2054,L2055,L,2055,bool,alm,1,0,,,,,14# 제품 갈라내기  수동 미환원
2056,L2057,L,2057,bool,alm,1,0,,,,,5# 위치 교환  수동 미환원
2057,L2058,L,2058,bool,alm,1,0,,,,,15# 지그 실행 수동 미환원
2058,L2059,L,2059,bool,alm,1,0,,,,,15# 가로이동 수동 미환원
2059,L2060,L,2060,bool,alm,1,0,,,,,15# 상하 수동 미환원
2060,L2061,L,2061,bool,alm,1,0,,,,,15# 그립퍼 1 수동 미환원
2061,L2062,L,2062,bool,alm,1,0,,,,,15# 그립퍼 2 수동 미환원
2062,L2063,L,2063,bool,alm,1,0,,,,,16# 먼지제거 상하 수동 미환원
2063,L2064,L,2064,bool,alm,1,0,,,,,16# 먼지제거 블로우 수동 미환원
2064,L2065,L,2065,bool,alm,1,0,,,,,9# 중계 진공 1 수동 미환원
2066,L2067,L,2067,bool,alm,1,0,,,,,10# 검사 전후 수동 미환원
2069,L3001,L,3001,bool,alm,1,0,,,,,0# 이온 송풍 전자 밸브 이상
2070,L3002,L,3002,bool,alm,1,0,,,,,1# 재료 운송 실린더 이상
2071,L3003,L,3003,bool,alm,1,0,,,,,1# Pick up 회전 1 실린더 이상
2072,L3004,L,3004,bool,alm,1,0,,,,,1# Pick up 회전 2 실린더 이상
2073,L3005,L,3005,bool,alm,1,0,,,,,1# Pick up 그립퍼 1 실린더 이상
2074,L3006,L,3006,bool,alm,1,0,,,,,1# Pick up 그립퍼 2 실린더 이상
2075,L3007,L,3007,bool,alm,1,0,,,,,3#자재 이송 실린더 이상
2076,L3008,L,3008,bool,alm,1,0,,,,,3# Pick up 회전 1 실린더 이상
2077,L3009,L,3009,bool,alm,1,0,,,,,3# Pick up 회전 2 실린더 이상
2078,L3010,L,3010,bool,alm,1,0,,,,,3# Pick up 그립퍼 1 실린더 이상
2079,L3011,L,3011,bool,alm,1,0,,,,,3# Pick up 그립퍼 2 실린더 이상
2080,L3012,L,3012,bool,alm,1,0,,,,,4# 상하검출 실린더  이상
2081,L3013,L,3013,bool,alm,1,0,,,,,5#자재 이송 실린더 이상
2082,L3014,L,3014,bool,alm,1,0,,,,,5# 위치를 막는 실린더 이상
2083,L3015,L,3015,bool,alm,1,0,,,,,5# 중계 위치 교환 1 실린더 이상
2084,L3016,L,3016,bool,alm,1,0,,,,,5# 중계 그립퍼 1 이상
2085,L3017,L,3017,bool,alm,1,0,,,,,5# 중계 그립퍼 2 이상
2086,L3018,L,3018,bool,alm,1,0,,,,,5# Pick up 그립퍼 1 이상
2087,L3019,L,3019,bool,alm,1,0,,,,,5# Pick up 그립퍼 2 이상
2088,L3020,L,3020,bool,alm,1,0,,,,,5# 제품 놓고 회전 1 실린더 이상
2089,L3021,L,3021,bool,alm,1,0,,,,,5# 제품 놓고 회전 2 실린더 이상
2090,L3022,L,3022,bool,alm,1,0,,,,,5# 제품 놓는 그립퍼 1 이상
2091,L3023,L,3023,bool,alm,1,0,,,,,5# 제품 놓는 그립퍼 2 이상
2092,L3024,L,3024,bool,alm,1,0,,,,,5# 지그 실행  실린더 이상
2093,L3025,L,3025,bool,alm,1,0,,,,,6# 상하 검사 1 실린더 이상
2094,L3026,L,3026,bool,alm,1,0,,,,,6# 상하 검사 2 실린더 이상
2095,L3027,L,3027,bool,alm,1,0,,,,,9# 자재 이송 실린더 이상
2096,L3028,L,3028,bool,alm,1,0,,,,,9# 위치를 막는 실린더 이상
2097,L3029,L,3029,bool,alm,1,0,,,,,9# 중계 위치 교환 1 실린더 이상
2098,L3030,L,3030,bool,alm,1,0,,,,,9# 중계 위치 교환 2 실린더 이상
2099,L3031,L,3031,bool,alm,1,0,,,,,9# Pick up 진공 1 이상
2100,L3032,L,3032,bool,alm,1,0,,,,,9# Pick up 파진공 1 이상
2101,L3033,L,3033,bool,alm,1,0,,,,,9# Pick up 진공 2 이상
2102,L3034,L,3034,bool,alm,1,0,,,,,9# Pick up 파진공 2 이상
2103,L3035,L,3035,bool,alm,1,0,,,,,9# 제품 놓는 회전 1 실린더 이상
2104,L3036,L,3036,bool,alm,1,0,,,,,9# 제품 놓는 회전 2 실린더 이상
2105,L3037,L,3037,bool,alm,1,0,,,,,9# 제품 놓는 그립퍼 1 실린더 이상
2106,L3038,L,3038,bool,alm,1,0,,,,,9# 제품 놓는 그립퍼 2 실린더 이상
2107,L3039,L,3039,bool,alm,1,0,,,,,9# 지그 실행  실린더 이상
2108,L3040,L,3040,bool,alm,1,0,,,,,10# 아래로 누르는 실린더 이상
2109,L3041,L,3041,bool,alm,1,0,,,,,10# 상하 검출 실린더 이상
2110,L3042,L,3042,bool,alm,1,0,,,,,13# 위치 이동 실린더 이상
2111,L3043,L,3043,bool,alm,1,0,,,,,13#CCD 이상
2112,L3044,L,3044,bool,alm,1,0,,,,,14# 지그 실행  실린더 이상
2113,L3045,L,3045,bool,alm,1,0,,,,,14# Pick up 회전 실린더 이상
2114,L3046,L,3046,bool,alm,1,0,,,,,14# Pick up 그립퍼 1 이상
2115,L3047,L,3047,bool,alm,1,0,,,,,14# Pick up 그립퍼 2 이상
2116,L3048,L,3048,bool,alm,1,0,,,,,14# 제품 놓는 상하 실린더 이상
2117,L3049,L,3049,bool,alm,1,0,,,,,14# 제품 놓는 그립퍼 1 이상
2118,L3050,L,3050,bool,alm,1,0,,,,,14# 제품 놓는 그립퍼 2 이상
2119,L3051,L,3051,bool,alm,1,0,,,,,14# 중계 회전 1 실린더 이상
2120,L3052,L,3052,bool,alm,1,0,,,,,14# 중계 회전 2 실린더 이상
2121,L3053,L,3053,bool,alm,1,0,,,,,14# 위치교환 실린더 이상
2122,L3054,L,3054,bool,alm,1,0,,,,,14# 제품 밀어내는 실린더 이상
2123,L3055,L,3055,bool,alm,1,0,,,,,14# 제품 가르는 실린더 이상
2125,L3057,L,3057,bool,alm,1,0,,,,,5# 중계 위치 교환 2 이상
2126,L3058,L,3058,bool,alm,1,0,,,,,15# 지그 실행  실린더 이상
2127,L3059,L,3059,bool,alm,1,0,,,,,15#가로이동 실린더  이상
2128,L3060,L,3060,bool,alm,1,0,,,,,15#상하 실린더  이상
2129,L3061,L,3061,bool,alm,1,0,,,,,15#그립퍼 1
2130,L3062,L,3062,bool,alm,1,0,,,,,15#그립퍼 2
2131,L3063,L,3063,bool,alm,1,0,,,,,16#먼지 제거 상하 실린더  이상
2132,L3064,L,3064,bool,alm,1,0,,,,,16#집진 블로우
2135,L3067,L,3067,bool,alm,1,0,,,,,10#전 후 검사 실린더  이상
2139,L800,L,800,bool,alm,1,0,,,,,리셋 시간 초과
2140,L801,L,801,bool,alm,1,0,,,,,턴테이블이 원점을 찾지 못해 알람이 울림
2141,L802,L,802,bool,alm,1,0,,,,,턴테이블 조건 부족(일시정지/안전문/급 정지)
2142,L803,L,803,bool,alm,1,0,,,,,ST1 턴테이블 조건이 부족합니다.
2143,L804,L,804,bool,alm,1,0,,,,,ST2 턴테이블 조건이 부족합니다.
2144,L805,L,805,bool,alm,1,0,,,,,ST3 턴테이블 조건이 부족합니다.
2145,L806,L,806,bool,alm,1,0,,,,,ST4 턴테이블 조건이 부족합니다.
2146,L807,L,807,bool,alm,1,0,,,,,ST5 턴테이블 조건이 부족합니다.
2147,L808,L,808,bool,alm,1,0,,,,,ST6 턴테이블 조건이 부족합니다.
2148,L809,L,809,bool,alm,1,0,,,,,ST7 턴테이블 조건이 부족합니다.
2149,L810,L,810,bool,alm,1,0,,,,,ST8 턴테이블 조건이 부족합니다.
2150,L811,L,811,bool,alm,1,0,,,,,ST9 턴테이블 조건이 부족합니다.
2151,L812,L,812,bool,alm,1,0,,,,,ST10 턴테이블 조건이 부족합니다.
2152,L813,L,813,bool,alm,1,0,,,,,ST11 턴테이블 조건이 부족합니다.
2153,L814,L,814,bool,alm,1,0,,,,,ST12 턴테이블 조건이 부족합니다.
2154,L815,L,815,bool,alm,1,0,,,,,ST13 턴테이블 조건이 부족합니다.
2155,L816,L,816,bool,alm,1,0,,,,,ST14 턴테이블 조건이 부족합니다.
2156,L817,L,817,bool,alm,1,0,,,,,ST15 턴테이블 조건이 부족합니다.
2157,L818,L,818,bool,alm,1,0,,,,,ST16 턴테이블 조건이 부족합니다.
2158,L819,L,819,bool,alm,1,0,,,,,ST17 턴테이블 조건이 부족합니다.
2159,L820,L,820,bool,alm,1,0,,,,,ST18 턴테이블 조건이 부족합니다.
2160,L821,L,821,bool,alm,1,0,,,,,ST19 턴테이블 조건이 부족합니다.
2161,L822,L,822,bool,alm,1,0,,,,,ST20 턴테이블 조건이 부족합니다.
2162,L823,L,823,bool,alm,1,0,,,,,위치 결정 모듈 1 고장
2163,L824,L,824,bool,alm,1,0,,,,,위치 결정 모듈 2 고장
2164,L825,L,825,bool,alm,1,0,,,,,위치 결정 모듈 3 고장
2165,L826,L,826,bool,alm,1,0,,,,,위치 결정 모듈 4 고장
2166,L827,L,827,bool,alm,1,0,,,,,위치 결정 모듈 5 고장
2167,L828,L,828,bool,alm,1,0,,,,,위치 결정 모듈 6 고장
2168,L829,L,829,bool,alm,1,0,,,,,위치 결정 모듈 7 고장
2169,L830,L,830,bool,alm,1,0,,,,,ST0 유닛 복귀 시간 초과
2170,L831,L,831,bool,alm,1,0,,,,,ST1 유닛 복귀 시간 초과
2171,L832,L,832,bool,alm,1,0,,,,,ST2 유닛 복귀 시간 초과
2172,L833,L,833,bool,alm,1,0,,,,,ST3 유닛 복귀 시간 초과
2173,L834,L,834,bool,alm,1,0,,,,,ST4 유닛 복귀 시간 초과
2174,L835,L,835,bool,alm,1,0,,,,,ST5 유닛 복귀 시간 초과
2175,L836,L,836,bool,alm,1,0,,,,,ST6 유닛 복귀 시간 초과
2176,L837,L,837,bool,alm,1,0,,,,,ST7 유닛 복귀 시간 초과
2177,L838,L,838,bool,alm,1,0,,,,,ST8 유닛 복귀 시간 초과
2178,L839,L,839,bool,alm,1,0,,,,,ST9 유닛 복귀 시간 초과
2179,L840,L,840,bool,alm,1,0,,,,,ST10 유닛 복귀 시간 초과
2180,L841,L,841,bool,alm,1,0,,,,,ST11 유닛 복귀 시간 초과
2181,L842,L,842,bool,alm,1,0,,,,,ST12 유닛 복귀 시간 초과
2182,L843,L,843,bool,alm,1,0,,,,,ST13 유닛 복귀 시간 초과
2183,L844,L,844,bool,alm,1,0,,,,,ST14 유닛 복귀 시간 초과
2184,L845,L,845,bool,alm,1,0,,,,,ST14 유닛 복귀 시간 초과
2185,L846,L,846,bool,alm,1,0,,,,,ST15 유닛 복귀 시간 초과
2186,L847,L,847,bool,alm,1,0,,,,,ST16 유닛 복귀 시간 초과
2187,L848,L,848,bool,alm,1,0,,,,,ST17 유닛 복귀 시간 초과
2188,L849,L,849,bool,alm,1,0,,,,,ST18 유닛 복귀 시간 초과
2189,L850,L,850,bool,alm,1,0,,,,,ST19 유닛 복귀 시간 초과
2199,L860,L,860,bool,alm,1,0,,,,,저기압 알람
2200,L861,L,861,bool,alm,1,0,,,,,1# 자재 Pick up 서보 알람
2201,L862,L,862,bool,alm,1,0,,,,,3# 자재 Pick up 서보 알람
2202,L863,L,863,bool,alm,1,0,,,,,5# 자재 Pick up 서보 알람
2203,L864,L,864,bool,alm,1,0,,,,,9# 자재 Pick up 서보 알람
2204,L865,L,865,bool,alm,1,0,,,,,11#리벳팅 서보 알람
2205,L866,L,866,bool,alm,1,0,,,,,12#리벳팅 서보 알람
2206,L867,L,867,bool,alm,1,0,,,,,14# 자재 Pick up 서보 알람
2220,L881,L,881,bool,alm,1,0,,,,,1# 자재 Pick up 서보 마이너스 리미트 이상
2221,L882,L,882,bool,alm,1,0,,,,,3# 자재 Pick up 서보 마이너스 리미트 이상
2222,L883,L,883,bool,alm,1,0,,,,,5# 자재 Pick up 서보 마이너스 리미트 이상
2223,L884,L,884,bool,alm,1,0,,,,,9# 리벳팅 서보 마이너스 리미트 이상
2224,L885,L,885,bool,alm,1,0,,,,,11# 리벳팅 서보 마이너스 리미트 이상
2225,L886,L,886,bool,alm,1,0,,,,,12# 리벳팅 서보 마이너스 리미트 이상
2226,L887,L,887,bool,alm,1,0,,,,,14# 자재 Pick up 서보 마이너스 리미트 이상
2240,L901,L,901,bool,alm,1,0,,,,,1# 자재 Pick up 서보 플러스 리미트 이상
2241,L902,L,902,bool,alm,1,0,,,,,3# 자재 Pick up 서보 플러스 리미트 이상
2242,L903,L,903,bool,alm,1,0,,,,,5# 자재 Pick up 서보 플러스 리미트 이상
2243,L904,L,904,bool,alm,1,0,,,,,9# 자재 Pick up 서보 플러스 리미트 이상
2244,L905,L,905,bool,alm,1,0,,,,,11# 리벳팅 서보 플러스 리미트 이상
2245,L906,L,906,bool,alm,1,0,,,,,12# 리벳팅 서보 플러스 리미트 이상
2246,L907,L,907,bool,alm,1,0,,,,,14# 자재 Pick up 서보 플러스 리미트 이상
2330,L991,L,991,bool,alm,1,0,,,,,급정지가 눌러져 있음
2331,L992,L,992,bool,alm,1,0,,,,,일시정지 버튼이 눌려져 있음
2332,L993,L,993,bool,alm,1,0,,,,,안전문이 이미 열렸습니다.
2333,L994,L,994,bool,alm,1,0,,,,,에어 공급원  열리지 않음
2349,L660,L,660,bool,action,1,0,,,,,설비 미 점검상태입니다 점검 바랍니다 !
2389,L700,L,700,bool,action,1,0,,,,,리셋  되지 않음
2390,L701,L,701,bool,action,1,0,,,,,1# 자재 Pick up 서보가 원점으로 돌아가지 않았습니다.
2391,L702,L,702,bool,action,1,0,,,,,3# 자재 Pick up 서보가 원점으로 돌아가지 않았습니다.
2392,L703,L,703,bool,action,1,0,,,,,5# 자재 Pick up 서보가 원점으로 돌아가지 않았습니다.
2393,L704,L,704,bool,action,1,0,,,,,9# 자재 Pick up 서보가 원점으로 돌아가지 않았습니다.
2394,L705,L,705,bool,action,1,0,,,,,11# 리벳팅 서보 원점으로 돌아가지 않았습니다.
2395,L706,L,706,bool,action,1,0,,,,,12# 자재 Pick up 서보가 원점으로 돌아가지 않았습니다.
2396,L707,L,707,bool,action,1,0,,,,,14# 자재 Pick up 서보가 원점으로 돌아가지 않았습니다.
2419,L730,L,730,bool,action,1,0,,,,,2# 연속 불량  검사바랍니다!
2420,L731,L,731,bool,action,1,0,,,,,4# 연속 불량  검사바랍니다!
2421,L732,L,732,bool,action,1,0,,,,,6# 연속 불량  검사바랍니다!
2422,L733,L,733,bool,action,1,0,,,,,8# 연속 불량  검사바랍니다!
2423,L734,L,734,bool,action,1,0,,,,,10# 연속 불량  검사바랍니다!
2424,L735,L,735,bool,action,1,0,,,,,13# CCD 타임지연!
2425,L736,L,736,bool,action,1,0,,,,,13#CCD 검사 연속 불량 검사 바랍니다!
2426,L737,L,737,bool,action,1,0,,,,,16# 잔류물이 검출되었으니 검사하시기 바랍니다!
2427,L738,L,738,bool,action,1,0,,,,,16# 지그가 제 위치에 미도착 검사하시기 바랍니다!
2428,L739,L,739,bool,action,1,0,,,,,1#지그 높이가 맞지않음 검사하기 바랍니다
2429,L740,L,740,bool,action,1,0,,,,,11#리벳팅 지그가 제 위치에 미도착 검사하시기 바랍니다!
2430,L741,L,741,bool,action,1,0,,,,,12#리벳팅 지그가 제 위치에 미도착 검사하시기 바랍니다!
2431,L742,L,742,bool,action,1,0,,,,,15# 잔류물이 검출되었으니 검사하시기 바랍니다!
2469,L780,L,780,bool,action,1,0,,,,,14# 자재 배출 직진 피트 만재
2471,L782,L,782,bool,action,1,0,,,,,1#HOPPER 재료 부족!
2472,L783,L,783,bool,action,1,0,,,,,3#HOPPER 재료 부족!
2479,L790,L,790,bool,action,1,0,,,,,1#자재 부족
2480,L791,L,791,bool,action,1,0,,,,,3#자재 부족
2481,L792,L,792,bool,action,1,0,,,,,5#자재 부족
2482,L793,L,793,bool,action,1,0,,,,,9#자재 부족
2489,M1001,M,1001,bool,action,1,0,,,,,1#자재오기를 기다립니다
2490,M1002,M,1002,bool,action,1,0,,,,,2#자재오기를 기다립니다
2491,M1003,M,1003,bool,action,1,0,,,,,3#자재오기를 기다립니다
2492,M1004,M,1004,bool,action,1,0,,,,,4#자재오기를 기다립니다
2493,M1005,M,1005,bool,action,1,0,,,,,5#자재오기를 기다립니다
2494,M1006,M,1006,bool,action,1,0,,,,,6#자재오기를 기다립니다
2495,M1007,M,1007,bool,action,1,0,,,,,7#자재오기를 기다립니다
2496,M1008,M,1008,bool,action,1,0,,,,,8#자재오기를 기다립니다
2497,M1009,M,1009,bool,action,1,0,,,,,9#자재오기를 기다립니다
4000,D101,D,101,uint16,plc_product_data,0.1,0,,3,,,status_st01_r_terminal_assembly_ct
4001,D500,D,500,int32,plc_setting_data,0.01,0,,,,,setting_st01_r_terminal_assembly_origin_position_pos_mm
4002,D502,D,502,int32,plc_setting_data,0.01,0,,,,,setting_st01_r_terminal_assembly_pickup_position_pos_mm
4003,D504,D,504,int32,plc_setting_data,0.01,0,,,,,setting_st01_r_terminal_assembly_release_location_pos_mm
4004,D506,D,506,int32,plc_setting_data,0.01,0,,,,,setting_st01_r_terminal_assembly_position_01_pos_mm
4005,D508,D,508,int32,plc_setting_data,0.01,0,,,,,setting_st01_r_terminal_assembly_position_02_pos_mm
4006,D1006,D,1006,int32,plc_product_data,0.01,0,,5,,,measurement_st01_r_terminal_assembly_act_current_pos_mm
4007,D1500,D,1500,uint16,plc_setting_data,0.1,0,,,,,setting_st01_r_terminal_assembly_material_arrival_delay_sec
4008,L101,L,101,bool,plc_product_data,1,0,,,,,status_st01_r_terminal_assembly_exception
4009,L121,L,121,bool,plc_product_data,1,0,,,,,status_st01_r_terminal_assembly_origin
4010,L141,L,141,bool,plc_product_data,1,0,,,,,status_st01_r_terminal_assembly_active
4011,L161,L,161,bool,plc_product_data,1,0,,,,,status_st01_r_terminal_assembly_empty
4012,L1151,L,1151,bool,plc_setting_data,1,0,,,,,setting_st01_r_terminal_assembly_station
4013,L1200,L,1200,bool,plc_setting_data,1,0,,,,,setting_st01_r_terminal_assembly_material_presence
4014,L1210,L,1210,bool,plc_setting_data,1,0,,,,,setting_st01_r_terminal_assembly_jig_height_detect
4015,L102,L,102,bool,plc_product_data,1,0,,,,,status_st02_idle_exception
4016,L122,L,122,bool,plc_product_data,1,0,,,,,status_st02_idle_origin
4017,L142,L,142,bool,plc_product_data,1,0,,,,,status_st02_idle_active
4018,L162,L,162,bool,plc_product_data,1,0,,,,,status_st02_idle_empty
4019,D103,D,103,uint16,plc_product_data,0.1,0,,3,,,status_st03_l_terminal_assembly_ct
4020,D520,D,520,int32,plc_setting_data,0.01,0,,,,,setting_st03_l_terminal_assembly_origin_position_pos_mm
4021,D522,D,522,int32,plc_setting_data,0.01,0,,,,,setting_st03_l_terminal_assembly_pickup_position_pos_mm
4022,D524,D,524,int32,plc_setting_data,0.01,0,,,,,setting_st03_l_terminal_assembly_release_location_pos_mm
4023,D526,D,526,int32,plc_setting_data,0.01,0,,,,,setting_st03_l_terminal_assembly_position_01_pos_mm
4024,D528,D,528,int32,plc_setting_data,0.01,0,,,,,setting_st03_l_terminal_assembly_position_02_pos_mm
4025,D1026,D,1026,int32,plc_product_data,0.01,0,,5,,,measurement_st03_l_terminal_assembly_act_current_pos_mm
4026,D1502,D,1502,uint16,plc_setting_data,0.1,0,,,,,setting_st03_l_terminal_assembly_material_arrival_delay_sec
4027,L103,L,103,bool,plc_product_data,1,0,,,,,status_st03_l_terminal_assembly_exception
4028,L123,L,123,bool,plc_product_data,1,0,,,,,status_st03_l_terminal_assembly_origin
4029,L143,L,143,bool,plc_product_data,1,0,,,,,status_st03_l_terminal_assembly_active
4030,L163,L,163,bool,plc_product_data,1,0,,,,,status_st03_l_terminal_assembly_empty
4031,L1153,L,1153,bool,plc_setting_data,1,0,,,,,setting_st03_l_terminal_assembly_station
4032,L1201,L,1201,bool,plc_setting_data,1,0,,,,,setting_st03_l_terminal_assembly_material_presence
4033,D104,D,104,uint16,plc_product_data,0.1,0,,3,,,status_st04_terminal_presence_inspection_ct
4034,D1520,D,1520,int16,plc_setting_data,1,0,,,,,setting_st04_terminal_presence_inspection_consecutive_ng_limit_pcs
4035,L104,L,104,bool,plc_product_data,1,0,,,,,status_st04_terminal_presence_inspection_exception
4036,L124,L,124,bool,plc_product_data,1,0,,,,,status_st04_terminal_presence_inspection_origin
4037,L144,L,144,bool,plc_product_data,1,0,,,,,status_st04_terminal_presence_inspection_active
4038,L164,L,164,bool,plc_product_data,1,0,,,,,status_st04_terminal_presence_inspection_empty
4039,L1154,L,1154,bool,plc_setting_data,1,0,,,,,setting_st04_terminal_presence_inspection_station
4040,L1211,L,1211,bool,plc_setting_data,1,0,,,,,setting_st04_terminal_presence_inspection_photo_sns
4041,D105,D,105,uint16,plc_product_data,0.1,0,,3,,,status_st05_coil_insertion_ct
4042,D540,D,540,int32,plc_setting_data,0.01,0,,,,,setting_st05_coil_insertion_origin_position_pos_mm
4043,D542,D,542,int32,plc_setting_data,0.01,0,,,,,setting_st05_coil_insertion_pickup_position_pos_mm
4044,D544,D,544,int32,plc_setting_data,0.01,0,,,,,setting_st05_coil_insertion_release_location_pos_mm
4045,D546,D,546,int32,plc_setting_data,0.01,0,,,,,setting_st05_coil_insertion_position_01_pos_mm
4046,D548,D,548,int32,plc_setting_data,0.01,0,,,,,setting_st05_coil_insertion_position_02_pos_mm
4047,D1046,D,1046,int32,plc_product_data,0.01,0,,5,,,measurement_st05_coil_insertion_act_current_pos_mm
4048,D1504,D,1504,uint16,plc_setting_data,0.1,0,,,,,setting_st05_coil_insertion_consecutive_ng_limit_pcs
4049,L105,L,105,bool,plc_product_data,1,0,,,,,status_st05_coil_insertion_exception
4050,L125,L,125,bool,plc_product_data,1,0,,,,,status_st05_coil_insertion_origin
4051,L145,L,145,bool,plc_product_data,1,0,,,,,status_st05_coil_insertion_active
4052,L165,L,165,bool,plc_product_data,1,0,,,,,status_st05_coil_insertion_empty
4053,L1155,L,1155,bool,plc_setting_data,1,0,,,,,setting_st05_coil_insertion_station
4054,L1202,L,1202,bool,plc_setting_data,1,0,,,,,setting_st05_coil_insertion_material_presence
4055,L1212,L,1212,bool,plc_setting_data,1,0,,,,,setting_st05_coil_insertion_transport_detect
4056,D106,D,106,uint16,plc_product_data,0.1,0,,3,,,status_st06_coil_presence_inspection_ct
4057,D1522,D,1522,int16,plc_setting_data,1,0,,,,,setting_st06_coil_presence_inspection_consecutive_ng_limit_pcs
4058,D1536,D,1536,uint16,plc_setting_data,0.1,0,,,,,setting_st06_coil_presence_inspection_hold_pressure_time_sec
4059,L106,L,106,bool,plc_product_data,1,0,,,,,status_st06_coil_presence_inspection_exception
4060,L126,L,126,bool,plc_product_data,1,0,,,,,status_st06_coil_presence_inspection_origin
4061,L146,L,146,bool,plc_product_data,1,0,,,,,status_st06_coil_presence_inspection_active
4062,L166,L,166,bool,plc_product_data,1,0,,,,,status_st06_coil_presence_inspection_empty
4063,L1156,L,1156,bool,plc_setting_data,1,0,,,,,setting_st06_coil_presence_inspection_station
4064,L1213,L,1213,bool,plc_setting_data,1,0,,,,,setting_st06_coil_presence_inspection__photo_sns
4065,L107,L,107,bool,plc_product_data,1,0,,,,,status_st07_idle_exception
4066,L127,L,127,bool,plc_product_data,1,0,,,,,status_st07_idle_origin
4067,L147,L,147,bool,plc_product_data,1,0,,,,,status_st07_idle_active
4068,L167,L,167,bool,plc_product_data,1,0,,,,,status_st07_idle_empty
4069,L108,L,108,bool,plc_product_data,1,0,,,,,status_st08_idle_exception
4070,L128,L,128,bool,plc_product_data,1,0,,,,,status_st08_idle_origin
4071,L148,L,148,bool,plc_product_data,1,0,,,,,status_st08_idle_active
4072,L168,L,168,bool,plc_product_data,1,0,,,,,status_st08_idle_empty
4073,D109,D,109,uint16,plc_product_data,0.1,0,,3,,,status_st09_contact_terminal_assembly_ct
4074,D560,D,560,int32,plc_setting_data,0.01,0,,,,,setting_st09_contact_terminal_assembly_origin_position_pos_mm
4075,D562,D,562,int32,plc_setting_data,0.01,0,,,,,setting_st09_contact_terminal_assembly_pickup_position_pos_mm
4076,D564,D,564,int32,plc_setting_data,0.01,0,,,,,setting_st09_contact_terminal_assembly_release_location_pos_mm
4077,D566,D,566,int32,plc_setting_data,0.01,0,,,,,setting_st09_contact_terminal_assembly_position_01_pos_mm
4078,D568,D,568,int32,plc_setting_data,0.01,0,,,,,setting_st09_contact_terminal_assembly_position_02_pos_mm
4079,D1066,D,1066,int32,plc_product_data,0.01,0,,5,,,measurement_st09_contact_terminal_assembly_act_current_pos_mm
4080,D1506,D,1506,uint16,plc_setting_data,0.1,0,,,,,setting_st09_contact_terminal_assembly_material_arrival_delay_sec
4081,L109,L,109,bool,plc_product_data,1,0,,,,,status_st09_contact_terminal_assembly_exception
4082,L129,L,129,bool,plc_product_data,1,0,,,,,status_st09_contact_terminal_assembly_origin
4083,L149,L,149,bool,plc_product_data,1,0,,,,,status_st09_contact_terminal_assembly_active
4084,L169,L,169,bool,plc_product_data,1,0,,,,,status_st09_contact_terminal_assembly_empty
4085,L1159,L,1159,bool,plc_setting_data,1,0,,,,,setting_st09_contact_terminal_assembly_station
4086,L1203,L,1203,bool,plc_setting_data,1,0,,,,,setting_st09_contact_terminal_assembly_material_presence
4087,L1214,L,1214,bool,plc_setting_data,1,0,,,,,setting_st09_contact_terminal_assembly_transport_detect
4088,D110,D,110,uint16,plc_product_data,0.1,0,,3,,,status_st10_contact_inspection_ct
4089,D1524,D,1524,int16,plc_setting_data,1,0,,,,,setting_st10_contact_inspection_consecutive_ng_limit_pcs
4090,L110,L,110,bool,plc_product_data,1,0,,,,,status_st10_contact_inspection_exception
4091,L130,L,130,bool,plc_product_data,1,0,,,,,status_st10_contact_inspection_origin
4092,L150,L,150,bool,plc_product_data,1,0,,,,,status_st10_contact_inspection_active
4093,L170,L,170,bool,plc_product_data,1,0,,,,,status_st10_contact_inspection_empty
4094,L1160,L,1160,bool,plc_setting_data,1,0,,,,,setting_st10_contact_inspection_station
4095,L1215,L,1215,bool,plc_setting_data,1,0,,,,,setting_st10_contact_inspection__photo_sns
4096,D111,D,111,uint16,plc_product_data,0.1,0,,3,,,status_st11_product_riveting_01_ct
4097,D580,D,580,int32,plc_setting_data,0.01,0,,,,,setting_st11_product_riveting_01_origin_position_pos_mm
4098,D582,D,582,int32,plc_setting_data,0.01,0,,,,,setting_st11_product_riveting_01_detect_approach_position_pos_mm
4099,D584,D,584,int32,plc_setting_data,0.01,0,,,,,setting_st11_product_riveting_01_rivet_position_pos_mm
4100,D586,D,586,int32,plc_setting_data,0.01,0,,,,,setting_st11_product_riveting_01_position_01_pos_mm
4101,D588,D,588,int32,plc_setting_data,0.01,0,,,,,setting_st11_product_riveting_01_position_02_pos_mm
4102,D1086,D,1086,int32,plc_product_data,0.01,0,,5,,,measurement_st11_product_riveting_01_act_current_pos_mm
4103,D1532,D,1532,int16,plc_setting_data,1,0,,,,,setting_st11_product_riveting_material_presence_pcs
4104,D1540,D,1540,uint16,plc_setting_data,0.1,0,,,,,setting_st11_product_riveting_hold_pressure_time_sec
4105,L111,L,111,bool,plc_product_data,1,0,,,,,status_st11_product_riveting_01_exception
4106,L131,L,131,bool,plc_product_data,1,0,,,,,status_st11_product_riveting_01_origin
4107,L151,L,151,bool,plc_product_data,1,0,,,,,status_st11_product_riveting_01_active
4108,L171,L,171,bool,plc_product_data,1,0,,,,,status_st11_product_riveting_01_empty
4109,L1161,L,1161,bool,plc_setting_data,1,0,,,,,setting_st11_product_riveting_station
4110,L1219,L,1219,bool,plc_setting_data,1,0,,,,,setting_st11_product_riveting_part_presence
4111,D112,D,112,uint16,plc_product_data,0.1,0,,3,,,status_st12_product_riveting_02_ct
4112,D600,D,600,int32,plc_setting_data,0.01,0,,,,,setting_st12_product_riveting_02_origin_position_pos_mm
4113,D602,D,602,int32,plc_setting_data,0.01,0,,,,,setting_st12_product_riveting_02_detect_approach_position_pos_mm
4114,D604,D,604,int32,plc_setting_data,0.01,0,,,,,setting_st12_product_riveting_02_rivet_position_pos_mm
4115,D606,D,606,int32,plc_setting_data,0.01,0,,,,,setting_st12_product_riveting_02_position_01_pos_mm
4116,D608,D,608,int32,plc_setting_data,0.01,0,,,,,setting_st12_product_riveting_02_position_02_pos_mm
4117,D1106,D,1106,int32,plc_product_data,0.01,0,,5,,,measurement_st12_product_riveting_02_act_current_pos_mm
4118,D1534,D,1534,int16,plc_setting_data,1,0,,,,,setting_st12_product_riveting_material_presence_pcs
4119,D1542,D,1542,uint16,plc_setting_data,0.1,0,,,,,setting_st12_product_riveting_press_fit_hold_sec
4120,L112,L,112,bool,plc_product_data,1,0,,,,,status_st12_product_riveting_02_exception
4121,L132,L,132,bool,plc_product_data,1,0,,,,,status_st12_product_riveting_02_origin
4122,L152,L,152,bool,plc_product_data,1,0,,,,,status_st12_product_riveting_02_active
4123,L172,L,172,bool,plc_product_data,1,0,,,,,status_st12_product_riveting_02_empty
4124,L1162,L,1162,bool,plc_setting_data,1,0,,,,,setting_st12_product_riveting_station
4125,L1220,L,1220,bool,plc_setting_data,1,0,,,,,setting_st12_product_riveting_part_presence
4126,D113,D,113,uint16,plc_product_data,0.1,0,,3,,,status_st13_ccd_inspection_ct
4127,D1530,D,1530,int16,plc_setting_data,1,0,,,,,setting_st13_ccd_consecutive_ng_limit_pcs
4128,D2400,D,2400,float32,plc_setting_data,1,0,2,,,,setting_st13_ccd_b_l_compensation
4129,D2402,D,2402,float32,plc_setting_data,1,0,2,,,,setting_st13_ccd_b_r_compensation
4130,D2410,D,2410,float32,plc_setting_data,1,0,2,,,,setting_st13_ccd_b_l_upper
4131,D2412,D,2412,float32,plc_setting_data,1,0,2,,,,setting_st13_ccd_b_l_lower
4132,D2414,D,2414,float32,plc_setting_data,1,0,2,,,,setting_st13_ccd_b_r_upper
4133,D2416,D,2416,float32,plc_setting_data,1,0,2,,,,setting_st13_ccd_b_r_lower
4134,D2420,D,2420,float32,plc_setting_data,1,0,2,,,,setting_st13_ccd_a_l_compensation
4135,D2422,D,2422,float32,plc_setting_data,1,0,2,,,,setting_st13_ccd_a_r_compensation
4136,D2430,D,2430,float32,plc_setting_data,1,0,2,,,,setting_st13_ccd_a_l_upper
4137,D2432,D,2432,float32,plc_setting_data,1,0,2,,,,setting_st13_ccd_a_l_lower
4138,D2434,D,2434,float32,plc_setting_data,1,0,2,,,,setting_st13_ccd_a_r_upper
4139,D2436,D,2436,float32,plc_setting_data,1,0,2,,,,setting_st13_ccd_a_r_lower
4140,D2500,D,2500,float32,plc_product_data,1,0,2,,,,실제b l measurement_st13_ccd_b_l_real
4141,D2502,D,2502,float32,plc_product_data,1,0,2,,,,실제b r measurement_st13_ccd_b_r_real
4142,D2510,D,2510,float32,plc_product_data,1,0,2,,,,measurement_st13_ccd_b_l_result
4143,D2512,D,2512,float32,plc_product_data,1,0,2,,,,measurement_st13_ccd_b_r_result
4144,D2518,D,2518,uint16,plc_product_data,0.01,0,,,,,status_st13_ccd_b_status
4145,D2520,D,2520,float32,plc_product_data,1,0,2,,,,실제a l measurement_st13_ccd_a_l_real
4146,D2522,D,2522,float32,plc_product_data,1,0,2,,,,실제a r measurement_st13_ccd_a_r_real
4147,D2530,D,2530,float32,plc_product_data,1,0,2,,,,measurement_st13_ccd_a_l_result
4148,D2532,D,2532,float32,plc_product_data,1,0,2,,,,measurement_st13_ccd_a_r_result
4149,D2538,D,2538,uint16,plc_product_data,0.01,0,,,,,status_st13_ccd_a_status
4150,D2560,D,2560,uint32,plc_product_data,1,0,,6,,,judgment_st13_ccd_b_ok_count_pcs
4151,D2562,D,2562,uint32,plc_product_data,1,0,,6,,,judgment_st13_ccd_b_ng_count_pcs
4152,D2564,D,2564,uint32,plc_product_data,1,0,,6,,,judgment_st13_ccd_a_ok_count_pcs
4153,D2566,D,2566,uint32,plc_product_data,1,0,,6,,,judgment_st13_ccd_a_ng_count_pcs
4154,L113,L,113,bool,plc_product_data,1,0,,,,,status_st13_ccd_inspection_exception
4155,L133,L,133,bool,plc_product_data,1,0,,,,,status_st13_ccd_inspection_origin
4156,L153,L,153,bool,plc_product_data,1,0,,,,,status_st13_ccd_inspection_active
4157,L173,L,173,bool,plc_product_data,1,0,,,,,status_st13_ccd_inspection_empty
4158,L1163,L,1163,bool,plc_setting_data,1,0,,,,,setting_st13_ccd_station
4159,L1207,L,1207,bool,plc_setting_data,1,0,,,,,setting_st13_ccd_inspection
4160,D114,D,114,uint16,plc_product_data,0.1,0,,3,,,status_st14_finished_product_unload_ct
4161,D620,D,620,int32,plc_setting_data,0.01,0,,,,,setting_st14_finished_product_unload_origin_position_pos_mm
4162,D622,D,622,int32,plc_setting_data,0.01,0,,,,,setting_st14_finished_product_pickup_position_pos_mm
4163,D624,D,624,int32,plc_setting_data,0.01,0,,,,,setting_st14_finished_product_release_location_pos_mm
4164,D626,D,626,int32,plc_setting_data,0.01,0,,,,,setting_st14_finished_product_position_01_pos_mm
4165,D628,D,628,int32,plc_setting_data,0.01,0,,,,,setting_st14_finished_product_position_02_pos_mm
4166,D1126,D,1126,int32,plc_product_data,0.01,0,,5,,,measurement_st14_finished_product_unload_act_current_pos_mm
4167,L114,L,114,bool,plc_product_data,1,0,,,,,status_st14_finished_product_unload_exception
4168,L134,L,134,bool,plc_product_data,1,0,,,,,status_st14_finished_product_unload_origin
4169,L154,L,154,bool,plc_product_data,1,0,,,,,status_st14_finished_product_unload_active
4170,L174,L,174,bool,plc_product_data,1,0,,,,,status_st14_finished_product_unload_empty
4171,L1164,L,1164,bool,plc_setting_data,1,0,,,,,setting_st14_finished_product_station
4172,D115,D,115,uint16,plc_product_data,0.1,0,,3,,,status_st15_reject_discharge_ct
4173,L115,L,115,bool,plc_product_data,1,0,,,,,status_st15_reject_discharge_exception
4174,L135,L,135,bool,plc_product_data,1,0,,,,,status_st15_reject_discharge_origin
4175,L155,L,155,bool,plc_product_data,1,0,,,,,status_st15_reject_discharge_active
4176,L175,L,175,bool,plc_product_data,1,0,,,,,status_st15_reject_discharge_empty
4177,L1165,L,1165,bool,plc_setting_data,1,0,,,,,setting_st15_reject_discharge_station
4178,D116,D,116,uint16,plc_product_data,0.1,0,,3,,,status_st16_jig_cleaning_ct
4179,D1526,D,1526,uint16,plc_setting_data,0.1,0,,,,,setting_st16_dust_blow_on_time_sec
4180,D1527,D,1527,uint16,plc_setting_data,0.1,0,,,,,setting_st16_dust_blow_cleaning_time_sec
4181,D1528,D,1528,int16,plc_setting_data,1,0,,,,,setting_st16_dust_blow_count_pcs
4182,L116,L,116,bool,plc_product_data,1,0,,,,,status_st16_jig_cleaning_exception
4183,L136,L,136,bool,plc_product_data,1,0,,,,,status_st16_jig_cleaning_origin
4184,L156,L,156,bool,plc_product_data,1,0,,,,,status_st16_jig_cleaning_active
4185,L176,L,176,bool,plc_product_data,1,0,,,,,status_st16_jig_cleaning_empty
4186,L1166,L,1166,bool,plc_setting_data,1,0,,,,,setting_st16_jig_cleaning_station
4187,L1217,L,1217,bool,plc_setting_data,1,0,,,,,setting_st16_jig_cleaning_residual_inspection
4188,L1218,L,1218,bool,plc_setting_data,1,0,,,,,setting_st16_jig_cleaning_presence
5000,D100,D,100,int16,plc_product_data,1,0,,4,,,status_line_current_model
5001,D900,D,900,string,plc_product_data,1,0,,10,,,status_line_model_name
5002,M806,M,806,bool,plc_product_data,1,0,,,,,action_line_model_change_button
5003,L987,L,987,bool,plc_product_data,1,0,,,,,status_line_emergency_stop_pressed
5004,L988,L,988,bool,plc_product_data,1,0,,,,,status_line_pause_button_pressed
5005,X10F,X,10F,bool,plc_product_data,1,0,,,,,measurement_line_turntable_index_sensor
5006,Y40B,Y,40B,bool,plc_product_data,1,0,,,,,action_line_feeding_belt
5007,Y459,Y,459,bool,plc_product_data,1,0,,,,,action_line_turntable_pulse_output
5008,X110,X,110,bool,plc_product_data,1,0,,,,,measurement_st01_r_terminal_assembly_feeding
5009,X111,X,111,bool,plc_product_data,1,0,,,,,measurement_st01_r_terminal_assembly_feeding_end
5010,X180,X,180,bool,plc_product_data,1,0,,,,,measurement_st01_r_terminal_assembly_material_arrive_jig01
5011,X181,X,181,bool,plc_product_data,1,0,,,,,measurement_st01_r_terminal_assembly_material_arrive_jig02
5012,X182,X,182,bool,plc_product_data,1,0,,,,,measurement_st01_r_terminal_assembly_fixture_inspect
5013,X199,X,199,bool,plc_product_data,1,0,,,,,status_st01_r_terminal_assembly_silo_material_short
5014,X19A,X,19A,bool,plc_product_data,1,0,,,,,status_st01_r_terminal_assembly_silo_full
5015,X1A0,X,1A0,bool,plc_product_data,1,0,,,,,measurement_st01_r_terminal_assembly_vibrator_material_01
5016,X1A1,X,1A1,bool,plc_product_data,1,0,,,,,measurement_st01_r_terminal_assembly_vibrator_material_02
5017,X384,X,384,bool,plc_product_data,1,0,,,,,measurement_st01_r_terminal_assembly_material_in
5018,X416,X,416,bool,plc_product_data,1,0,,,,,measurement_st01_r_terminal_assembly_vibrator_level_01
5019,X417,X,417,bool,plc_product_data,1,0,,,,,measurement_st01_r_terminal_assembly_vibrator_level_02
5020,Y410,Y,410,bool,plc_product_data,1,0,,,,,action_st01_r_terminal_assembly_feeding
5021,Y457,Y,457,bool,plc_product_data,1,0,,,,,action_st01_r_terminal_assembly_silo_stop
5022,Y45E,Y,45E,bool,plc_product_data,1,0,,,,,action_st01_r_terminal_assembly_impact_plate_stop
5023,Y469,Y,469,bool,plc_product_data,1,0,,,,,action_st01_r_terminal_assembly_direct_vibration_stop
5024,L12,L,12,bool,plc_product_data,1,0,,,,,status_st02_idle_reset
5025,L52,L,52,bool,plc_product_data,1,0,,,,,status_st02_idle_reset_complete
5026,L1102,L,1102,bool,plc_product_data,1,0,,,,,status_st02_idle_semi_auto
5027,L13,L,13,bool,plc_product_data,1,0,,,,,status_st03_l_terminal_assembly_reset
5028,L53,L,53,bool,plc_product_data,1,0,,,,,status_st03_l_terminal_assembly_reset_complete
5029,L1103,L,1103,bool,plc_product_data,1,0,,,,,status_st03_l_terminal_assembly_semi_auto
5030,X116,X,116,bool,plc_product_data,1,0,,,,,measurement_st03_l_terminal_assembly_feeding
5031,X117,X,117,bool,plc_product_data,1,0,,,,,measurement_st03_l_terminal_assembly_feeding_end
5032,X183,X,183,bool,plc_product_data,1,0,,,,,measurement_st03_l_terminal_assembly_material_arrive_01
5033,X184,X,184,bool,plc_product_data,1,0,,,,,measurement_st03_l_terminal_assembly_material_arrive_02
5034,X19B,X,19B,bool,plc_product_data,1,0,,,,,status_st03_l_terminal_assembly_silo_material_short
5035,X19C,X,19C,bool,plc_product_data,1,0,,,,,status_st03_l_terminal_assembly_silo_full
5036,X1A2,X,1A2,bool,plc_product_data,1,0,,,,,measurement_st03_l_terminal_assembly_vibrator_material_01
5037,X1A3,X,1A3,bool,plc_product_data,1,0,,,,,measurement_st03_l_terminal_assembly_vibrator_material_02
5038,Y415,Y,415,bool,plc_product_data,1,0,,,,,action_st03_l_terminal_assembly_feeding
5039,Y458,Y,458,bool,plc_product_data,1,0,,,,,action_st03_l_terminal_assembly_silo_stop
5040,Y45F,Y,45F,bool,plc_product_data,1,0,,,,,action_st03_l_terminal_assembly_impact_plate_stop
5041,Y46A,Y,46A,bool,plc_product_data,1,0,,,,,action_st03_l_terminal_assembly_direct_vibration_stop
5042,L14,L,14,bool,plc_product_data,1,0,,,,,status_st04_terminal_presence_inspection_reset
5043,L54,L,54,bool,plc_product_data,1,0,,,,,status_st04_terminal_presence_inspection_reset_complete
5044,L1104,L,1104,bool,plc_product_data,1,0,,,,,status_st04_terminal_presence_inspection_semi_auto
5045,X11C,X,11C,bool,plc_product_data,1,0,,,,,measurement_st04_terminal_presence_inspection_updown_origin
5046,X11D,X,11D,bool,plc_product_data,1,0,,,,,measurement_st04_terminal_presence_inspection_updown_end
5047,X185,X,185,bool,plc_product_data,1,0,,,,,measurement_st04_terminal_presence_inspection_photoelectric_jig01
5048,X186,X,186,bool,plc_product_data,1,0,,,,,measurement_st04_terminal_presence_inspection_photoelectric_jig02
5049,X187,X,187,bool,plc_product_data,1,0,,,,,measurement_st04_terminal_presence_inspection_photoelectric_jig03
5050,X188,X,188,bool,plc_product_data,1,0,,,,,measurement_st04_terminal_presence_inspection_photoelectric_04
5051,Y41A,Y,41A,bool,plc_product_data,1,0,,,,,measurement_st04_terminal_presence_inspection_updown_detect
5052,D1042,D,1042,uint32,plc_setting_data,1,0,,6,,,setting_st05_coil_insertion_pickup_manual_speed
5053,D1048,D,1048,uint16,plc_setting_data,1,0,,4,,,setting_st05_coil_insertion_pickup_origin_interval
5054,D1050,D,1050,uint32,plc_setting_data,1,0,,6,,,setting_st05_coil_insertion_pickup_dry_run_speed
5055,M39,M,39,bool,plc_product_data,1,0,,,,,status_st05_coil_insertion_pickup_positive_limit_indicator
5056,L15,L,15,bool,plc_product_data,1,0,,,,,status_st05_coil_insertion_reset
5057,L55,L,55,bool,plc_product_data,1,0,,,,,status_st05_coil_insertion_reset_complete
5058,L859,L,859,bool,plc_product_data,1,0,,,,,status_st05_coil_insertion_pickup_servo_alarm
5059,L879,L,879,bool,plc_product_data,1,0,,,,,status_st05_coil_insertion_pickup_servo_negative_limit
5060,L899,L,899,bool,plc_product_data,1,0,,,,,status_st05_coil_insertion_pickup_servo_positive_limit
5061,L1105,L,1105,bool,plc_product_data,1,0,,,,,status_st05_coil_insertion_semi_auto
5062,X120,X,120,bool,plc_product_data,1,0,,,,,measurement_st05_coil_insertion_feeding
5063,X121,X,121,bool,plc_product_data,1,0,,,,,measurement_st05_coil_insertion_in_transit
5064,X122,X,122,bool,plc_product_data,1,0,,,,,measurement_st05_coil_insertion_feeding_end
5065,X124,X,124,bool,plc_product_data,1,0,,,,,measurement_st05_coil_insertion_gear_origin
5066,X189,X,189,bool,plc_product_data,1,0,,,,,measurement_st05_coil_insertion_material_arrive
5067,X18A,X,18A,bool,plc_product_data,1,0,,,,,measurement_st05_coil_insertion_transfer_01
5068,X18B,X,18B,bool,plc_product_data,1,0,,,,,measurement_st05_coil_insertion_transfer_02
5069,Y41B,Y,41B,bool,plc_product_data,1,0,,,,,action_st05_coil_insertion_feeding_3point_end
5070,Y464,Y,464,bool,plc_product_data,1,0,,,,,action_st05_coil_insertion_feeding_3point_origin
5071,L16,L,16,bool,plc_product_data,1,0,,,,,status_st06_coil_presence_inspection_reset
5072,L56,L,56,bool,plc_product_data,1,0,,,,,status_st06_coil_presence_inspection_reset_complete
5073,L1106,L,1106,bool,plc_product_data,1,0,,,,,status_st06_coil_presence_inspection_semi_auto
5074,X130,X,130,bool,plc_product_data,1,0,,,,,measurement_st06_coil_presence_inspection_updown_01_origin
5075,X131,X,131,bool,plc_product_data,1,0,,,,,measurement_st06_coil_presence_inspection_updown_01_end
5076,X132,X,132,bool,plc_product_data,1,0,,,,,measurement_st06_coil_presence_inspection_updown_02_origin
5077,X133,X,133,bool,plc_product_data,1,0,,,,,measurement_st06_coil_presence_inspection_updown_02_end
5078,X18C,X,18C,bool,plc_product_data,1,0,,,,,measurement_st06_coil_presence_inspection_photoelectric
5079,L17,L,17,bool,plc_product_data,1,0,,,,,status_st07_idle_07_reset
5080,L57,L,57,bool,plc_product_data,1,0,,,,,status_st07_idle_07_reset_complete
5081,L1107,L,1107,bool,plc_product_data,1,0,,,,,status_st07_idle_07_semi_auto
5082,L18,L,18,bool,plc_product_data,1,0,,,,,status_st08_idle_08_reset
5083,L58,L,58,bool,plc_product_data,1,0,,,,,status_st08_idle_08_reset_complete
5084,L1108,L,1108,bool,plc_product_data,1,0,,,,,status_st08_idle_08_semi_auto
5085,D1062,D,1062,uint32,plc_setting_data,1,0,,6,,,setting_st09_contact_terminal_assembly_pickup_manual_speed
5086,D1068,D,1068,uint16,plc_setting_data,1,0,,4,,,setting_st09_contact_terminal_assembly_pickup_origin_interval
5087,D1070,D,1070,uint32,plc_setting_data,1,0,,6,,,setting_st09_contact_terminal_assembly_pickup_dry_run_speed
5088,M49,M,49,bool,plc_product_data,1,0,,,,,status_st09_contact_terminal_assembly_pickup_positive_limit_indicator
5089,L19,L,19,bool,plc_product_data,1,0,,,,,status_st09_contact_terminal_assembly_reset
5090,L59,L,59,bool,plc_product_data,1,0,,,,,status_st09_contact_terminal_assembly_reset_complete
5091,L880,L,880,bool,plc_product_data,1,0,,,,,status_st09_contact_terminal_assembly_riveting_servo_negative_limit
5092,L900,L,900,bool,plc_product_data,1,0,,,,,status_st09_contact_terminal_assembly_pickup_servo_positive_limit
5093,L1109,L,1109,bool,plc_product_data,1,0,,,,,status_st09_contact_terminal_assembly_semi_auto
5094,X11E,X,11E,bool,plc_product_data,1,0,,,,,measurement_st09_contact_terminal_assembly_vacuum_detect_01
5095,X11F,X,11F,bool,plc_product_data,1,0,,,,,measurement_st09_contact_terminal_assembly_vacuum_detect_02
5096,X134,X,134,bool,plc_product_data,1,0,,,,,measurement_st09_contact_terminal_assembly_feeding
5097,X135,X,135,bool,plc_product_data,1,0,,,,,measurement_st09_contact_terminal_assembly_in_transit
5098,X136,X,136,bool,plc_product_data,1,0,,,,,measurement_st09_contact_terminal_assembly_feeding_end
5099,X138,X,138,bool,plc_product_data,1,0,,,,,measurement_st09_contact_terminal_assembly_gear_origin
5100,X18E,X,18E,bool,plc_product_data,1,0,,,,,measurement_st09_contact_terminal_assembly_material_arrive
5101,X18F,X,18F,bool,plc_product_data,1,0,,,,,measurement_st09_contact_terminal_assembly_transfer_01
5102,X190,X,190,bool,plc_product_data,1,0,,,,,measurement_st09_contact_terminal_assembly_transfer_02
5103,X320,X,320,bool,plc_product_data,1,0,,,,,measurement_st09_contact_terminal_assembly_rotary_origin
5104,X322,X,322,bool,plc_product_data,1,0,,,,,measurement_st09_contact_terminal_assembly_rotary_end
5105,Y42A,Y,42A,bool,plc_product_data,1,0,,,,,action_st09_contact_terminal_assembly_feeding_3point_end
5106,Y453,Y,453,bool,plc_product_data,1,0,,,,,action_st09_contact_terminal_assembly_feeding_servo_on
5107,Y465,Y,465,bool,plc_product_data,1,0,,,,,action_st09_contact_terminal_assembly_feeding_3point_origin
5108,Y468,Y,468,bool,plc_product_data,1,0,,,,,action_st09_contact_terminal_assembly_dust_blower
5109,L20,L,20,bool,plc_product_data,1,0,,,,,status_st10_contact_inspection_reset
5110,L60,L,60,bool,plc_product_data,1,0,,,,,status_st10_contact_inspection_reset_complete
5111,L1110,L,1110,bool,plc_product_data,1,0,,,,,status_st10_contact_inspection_semi_auto
5112,X148,X,148,bool,plc_product_data,1,0,,,,,measurement_st10_contact_inspection_updown_origin
5113,X149,X,149,bool,plc_product_data,1,0,,,,,measurement_st10_contact_inspection_updown_end
5114,D1082,D,1082,uint32,plc_setting_data,1,0,,6,,,setting_st11_product_riveting_01_manual_speed
5115,D1088,D,1088,uint16,plc_setting_data,1,0,,4,,,setting_st11_product_riveting_01_origin_interval
5116,D1090,D,1090,uint32,plc_setting_data,1,0,,6,,,setting_st11_product_riveting_01_dry_run_speed
5117,D1092,D,1092,uint32,plc_setting_data,1,0,,6,,,setting_st11_product_riveting_01_detect_speed
5118,M58,M,58,bool,plc_product_data,1,0,,,,,status_st11_product_riveting_01_negative_limit_indicator
5119,M59,M,59,bool,plc_product_data,1,0,,,,,status_st11_product_riveting_01_positive_limit_indicator
5120,L21,L,21,bool,plc_product_data,1,0,,,,,status_st11_product_riveting_01_reset
5121,L61,L,61,bool,plc_product_data,1,0,,,,,status_st11_product_riveting_01_reset_complete
5122,L1111,L,1111,bool,plc_product_data,1,0,,,,,status_st11_product_riveting_01_semi_auto
5123,X174,X,174,bool,plc_product_data,1,0,,,,,status_st11_product_riveting_01_servo_alarm
5124,X19D,X,19D,bool,plc_product_data,1,0,,,,,measurement_st11_product_riveting_01_photoelectric
5125,Y454,Y,454,bool,plc_product_data,1,0,,,,,measurement_st11_product_riveting_01_servo_on
5126,D1102,D,1102,uint32,plc_setting_data,1,0,,6,,,setting_st12_product_riveting_02_manual_speed
5127,D1108,D,1108,uint16,plc_setting_data,1,0,,4,,,setting_st12_product_riveting_02_origin_interval
5128,D1110,D,1110,uint32,plc_setting_data,1,0,,6,,,setting_st12_product_riveting_02_dry_run_speed
5129,D1112,D,1112,uint32,plc_setting_data,1,0,,6,,,setting_st12_product_riveting_02_detect_speed
5130,M68,M,68,bool,plc_product_data,1,0,,,,,status_st12_product_riveting_02_negative_limit_indicator
5131,M69,M,69,bool,plc_product_data,1,0,,,,,status_st12_product_riveting_02_positive_limit_indicator
5132,L22,L,22,bool,plc_product_data,1,0,,,,,status_st12_product_riveting_02_reset
5133,L62,L,62,bool,plc_product_data,1,0,,,,,status_st12_product_riveting_02_reset_complete
5134,L1112,L,1112,bool,plc_product_data,1,0,,,,,status_st12_product_riveting_02_semi_auto
5135,X175,X,175,bool,plc_product_data,1,0,,,,,status_st12_product_riveting_02_servo_alarm
5136,X19E,X,19E,bool,plc_product_data,1,0,,,,,measurement_st12_product_riveting_02_photoelectric
5137,Y455,Y,455,bool,plc_product_data,1,0,,,,,measurement_st12_product_riveting_02_servo_on
5138,M210,M,210,bool,plc_product_data,1,0,,,,,action_st13_ccd_inspection_photo_trigger
5139,M220,M,220,bool,plc_product_data,1,0,,,,,judgment_st13_ccd_inspection_ccd01_ok
5140,M221,M,221,bool,plc_product_data,1,0,,,,,judgment_st13_ccd_inspection_ccd01_ng
5141,L23,L,23,bool,plc_product_data,1,0,,,,,status_st13_ccd_inspection_reset
5142,L63,L,63,bool,plc_product_data,1,0,,,,,status_st13_ccd_inspection_reset_complete
5143,L1113,L,1113,bool,plc_product_data,1,0,,,,,status_st13_ccd_inspection_semi_auto
5144,Y43A,Y,43A,bool,plc_product_data,1,0,,,,,action_st13_ccd_inspection_photo_output
5145,D1122,D,1122,uint32,plc_setting_data,1,0,,6,,,setting_st14_finished_product_unload_pickup_manual_speed
5146,D1128,D,1128,uint16,plc_setting_data,1,0,,4,,,setting_st14_finished_product_unload_pickup_origin_interval
5147,D1130,D,1130,uint32,plc_setting_data,1,0,,6,,,setting_st14_finished_product_unload_pickup_dry_run_speed
5148,M79,M,79,bool,plc_product_data,1,0,,,,,status_st14_finished_product_unload_pickup_positive_limit_indicator
5149,L24,L,24,bool,plc_product_data,1,0,,,,,status_st14_finished_product_unload_reset
5150,L64,L,64,bool,plc_product_data,1,0,,,,,status_st14_finished_product_unload_reset_complete
5151,L1114,L,1114,bool,plc_product_data,1,0,,,,,status_st14_finished_product_unload_semi_auto
5152,X150,X,150,bool,plc_product_data,1,0,,,,,measurement_st14_finished_product_unload_discharge_updown_origin
5153,X151,X,151,bool,plc_product_data,1,0,,,,,measurement_st14_finished_product_unload_discharge_updown_end
5154,X152,X,152,bool,plc_product_data,1,0,,,,,measurement_st14_finished_product_unload_transfer_rotary_01_origin
5155,X153,X,153,bool,plc_product_data,1,0,,,,,measurement_st14_finished_product_unload_transfer_rotary_01_end
5156,X154,X,154,bool,plc_product_data,1,0,,,,,measurement_st14_finished_product_unload_transfer_rotary_02_origin
5157,X155,X,155,bool,plc_product_data,1,0,,,,,measurement_st14_finished_product_unload_transfer_rotary_02_end
5158,X193,X,193,bool,plc_product_data,1,0,,,,,measurement_st14_finished_product_unload_transfer_detect_01
5159,X194,X,194,bool,plc_product_data,1,0,,,,,measurement_st14_finished_product_unload_transfer_detect_02
5160,X195,X,195,bool,plc_product_data,1,0,,,,,status_st14_finished_product_unload_discharge_pit_full_01
5161,X196,X,196,bool,plc_product_data,1,0,,,,,status_st14_finished_product_unload_discharge_pit_full_02
5162,Y43F,Y,43F,bool,plc_product_data,1,0,,,,,action_st14_finished_product_unload_discharge_command
5163,Y442,Y,442,bool,plc_product_data,1,0,,,,,action_st14_finished_product_unload_transfer_rotary_01
5164,Y443,Y,443,bool,plc_product_data,1,0,,,,,action_st14_finished_product_unload_transfer_rotary_02
5165,Y444,Y,444,bool,plc_product_data,1,0,,,,,action_st14_finished_product_unload_discharge_bad
5166,L25,L,25,bool,plc_product_data,1,0,,,,,status_st15_reject_discharge_reset
5167,L65,L,65,bool,plc_product_data,1,0,,,,,status_st15_reject_discharge_reset_complete
5168,L1115,L,1115,bool,plc_product_data,1,0,,,,,status_st15_reject_discharge_semi_auto
5169,X15C,X,15C,bool,plc_product_data,1,0,,,,,measurement_st15_reject_discharge_jig_opening_origin
5170,X15D,X,15D,bool,plc_product_data,1,0,,,,,measurement_st15_reject_discharge_jig_opening_end
5171,X15E,X,15E,bool,plc_product_data,1,0,,,,,measurement_st15_reject_discharge_side_shift_origin
5172,X15F,X,15F,bool,plc_product_data,1,0,,,,,measurement_st15_reject_discharge_side_shift_end
5173,X160,X,160,bool,plc_product_data,1,0,,,,,measurement_st15_reject_discharge_updown_origin
5174,X161,X,161,bool,plc_product_data,1,0,,,,,measurement_st15_reject_discharge_updown_end
5175,Y447,Y,447,bool,plc_product_data,1,0,,,,,measurement_st15_reject_discharge_jig_opening
5176,Y448,Y,448,bool,plc_product_data,1,0,,,,,measurement_st15_reject_discharge_side_shift
5177,L26,L,26,bool,plc_product_data,1,0,,,,,status_st16_jig_cleaning_reset
5178,L66,L,66,bool,plc_product_data,1,0,,,,,status_st16_jig_cleaning_reset_complete
5179,L1116,L,1116,bool,plc_product_data,1,0,,,,,status_st16_jig_cleaning_semi_auto
5180,X162,X,162,bool,plc_product_data,1,0,,,,,measurement_st16_jig_cleaning_dust_remove_updown_origin
5181,X163,X,163,bool,plc_product_data,1,0,,,,,measurement_st16_jig_cleaning_dust_remove_updown_end
5182,X19F,X,19F,bool,plc_product_data,1,0,,,,,measurement_st16_jig_cleaning_fixture_detect
5183,Y44C,Y,44C,bool,plc_product_data,1,0,,,,,action_st16_jig_cleaning_dust_remove_updown
5184,Y44D,Y,44D,bool,plc_product_data,1,0,,,,,action_st16_jig_cleaning_dust_blower
5186,D2,D,2,uint16,plc_product_data,1,0,,4,,,status_auto
5199,D218,D,218,uint32,plc_product_data,1,0,,6,,,measurement_current_cycle
5200,D228,D,228,uint16,plc_product_data,1,0,,4,,,measurement_st02_jig_01_l
5201,D230,D,230,uint16,plc_product_data,1,0,,4,,,measurement_st02_jig_01_r
5202,D232,D,232,uint16,plc_product_data,1,0,,4,,,measurement_st02_jig_02_l
5203,D234,D,234,uint16,plc_product_data,1,0,,4,,,measurement_st02_jig_02_r
5204,D236,D,236,uint16,plc_product_data,1,0,,4,,,measurement_st02_jig_03_l
5205,D238,D,238,uint16,plc_product_data,1,0,,4,,,measurement_st02_jig_03_r
5206,D240,D,240,uint16,plc_product_data,1,0,,4,,,measurement_st02_jig_04_l
5207,D242,D,242,uint16,plc_product_data,1,0,,4,,,measurement_st02_jig_04_r
5208,D244,D,244,uint16,plc_product_data,1,0,,4,,,measurement_st02_jig_01_l
5209,D246,D,246,uint16,plc_product_data,1,0,,4,,,measurement_st02_jig_01_r
5210,D248,D,248,uint16,plc_product_data,1,0,,4,,,measurement_st02_jig_02_l
5211,D250,D,250,uint16,plc_product_data,1,0,,4,,,measurement_st02_jig_02_r
5212,D252,D,252,uint16,plc_product_data,1,0,,4,,,measurement_st02_jig_03_l
5213,D254,D,254,uint16,plc_product_data,1,0,,4,,,measurement_st02_jig_03_r
5214,D256,D,256,uint16,plc_product_data,1,0,,4,,,measurement_st02_jig_04_l
5215,D258,D,258,uint16,plc_product_data,1,0,,4,,,measurement_st02_jig_04_r
5216,D266,D,266,uint16,plc_product_data,1,0,,4,,,judgment_st02_detect
5217,D268,D,268,uint16,plc_setting_data,1,0,,4,,,setting_st02_detect_setting
5218,D270,D,270,uint16,plc_product_data,1,0,,4,,,measurement_st02_jig_01
5219,D272,D,272,uint16,plc_product_data,1,0,,4,,,measurement_st02_jig_02
5220,D274,D,274,uint16,plc_product_data,1,0,,4,,,measurement_st02_jig_03
5221,D276,D,276,uint16,plc_product_data,1,0,,4,,,measurement_st02_jig_04
5222,D280,D,280,uint16,plc_setting_data,1,0,,4,,,setting_st02
5223,D282,D,282,uint16,plc_setting_data,1,0,,4,,,setting_st02
5224,D284,D,284,uint16,plc_product_data,1,0,,4,,,judgment_ng
5225,D286,D,286,uint16,plc_product_data,1,0,,4,,,measurement_test
5226,D300,D,300,uint16,plc_product_data,1,0,,4,,,measurement_st03_jig_01
5227,D302,D,302,uint16,plc_product_data,1,0,,4,,,measurement_st03_jig_02
5228,D304,D,304,uint16,plc_product_data,1,0,,4,,,measurement_st04_jig_01
5229,D306,D,306,uint16,plc_product_data,1,0,,4,,,measurement_st04_jig_02
5230,D308,D,308,uint16,plc_product_data,1,0,,4,,,measurement_st05_jig_01
5231,D310,D,310,uint16,plc_product_data,1,0,,4,,,measurement_st05_jig_02
5232,D312,D,312,uint16,plc_product_data,1,0,,4,,,measurement_st05_jig_03
5233,D314,D,314,uint16,plc_product_data,1,0,,4,,,measurement_st05_jig_04
5234,D316,D,316,uint16,plc_product_data,1,0,,4,,,measurement_st06_jig_01
5235,D318,D,318,uint16,plc_product_data,1,0,,4,,,measurement_st06_jig_02
5236,D320,D,320,uint16,plc_product_data,1,0,,4,,,measurement_st06_jig_03
5237,D322,D,322,uint16,plc_product_data,1,0,,4,,,measurement_st06_jig_04
5238,D330,D,330,uint16,plc_product_data,1,0,,4,,,measurement_st03_pressure_jig_01
5239,D332,D,332,uint16,plc_product_data,1,0,,4,,,measurement_st03_pressure_jig_02
5240,D334,D,334,uint16,plc_product_data,1,0,,4,,,measurement_st04_pressure_jig_01
5241,D336,D,336,uint16,plc_product_data,1,0,,4,,,measurement_st04_pressure_jig_02
5242,D338,D,338,uint16,plc_product_data,1,0,,4,,,measurement_st05_pressure_jig_01
5243,D340,D,340,uint16,plc_product_data,1,0,,4,,,measurement_st05_pressure_jig_02
5244,D342,D,342,uint16,plc_product_data,1,0,,4,,,measurement_st05_pressure_jig_03
5245,D344,D,344,uint16,plc_product_data,1,0,,4,,,measurement_st05_pressure_jig_04
5246,D346,D,346,uint16,plc_product_data,1,0,,4,,,measurement_st06_pressure_jig_01
5247,D348,D,348,uint16,plc_product_data,1,0,,4,,,measurement_st06_pressure_jig_02
5248,D350,D,350,uint16,plc_product_data,1,0,,4,,,measurement_st06_pressure_jig_03
5249,D352,D,352,uint16,plc_product_data,1,0,,4,,,measurement_st06_pressure_jig_04
5250,D390,D,390,uint16,plc_setting_data,1,0,,4,,,setting_st03_ccd_upper
5251,D392,D,392,uint16,plc_setting_data,1,0,,4,,,setting_st03_ccd_lower
5252,D394,D,394,uint16,plc_setting_data,1,0,,4,,,setting_st03_ccd_upper
5253,D396,D,396,uint16,plc_setting_data,1,0,,4,,,setting_st03_ccd_lower
5254,D400,D,400,uint16,plc_setting_data,1,0,,4,,,setting_st04_ccd_upper
5255,D402,D,402,uint16,plc_setting_data,1,0,,4,,,setting_st04_ccd_lower
5256,D404,D,404,uint16,plc_setting_data,1,0,,4,,,setting_st04_ccd_upper
5257,D406,D,406,uint16,plc_setting_data,1,0,,4,,,setting_st04_ccd_lower
5258,D410,D,410,uint16,plc_product_data,1,0,,4,,,measurement_st03_ccd_l_status
5259,D412,D,412,uint16,plc_product_data,1,0,,4,,,measurement_st03_ccd_r_status
5260,D414,D,414,uint16,plc_product_data,1,0,,4,,,measurement_st03_ccd_l_status
5261,D416,D,416,uint16,plc_product_data,1,0,,4,,,measurement_st03_ccd_r_status
5262,D420,D,420,uint16,plc_product_data,1,0,,4,,,measurement_st04_ccd_l_status
5263,D422,D,422,uint16,plc_product_data,1,0,,4,,,measurement_st04_ccd_r_status
5264,D424,D,424,uint16,plc_product_data,1,0,,4,,,measurement_st04_ccd_l_status
5265,D426,D,426,uint16,plc_product_data,1,0,,4,,,measurement_st04_ccd_r_status
5266,D430,D,430,uint16,plc_setting_data,1,0,,4,,,setting_st03_updown_jig_01
5267,D432,D,432,uint16,plc_setting_data,1,0,,4,,,setting_st03_updown_jig_02
5268,D434,D,434,uint16,plc_setting_data,1,0,,4,,,setting_st04_updown_jig_01
5269,D436,D,436,uint16,plc_setting_data,1,0,,4,,,setting_st04_updown_jig_02
5270,D440,D,440,uint16,plc_product_data,1,0,,4,,,measurement_st03_updown_jig_01
5271,D442,D,442,uint16,plc_product_data,1,0,,4,,,measurement_st03_updown_jig_02
5272,D444,D,444,uint16,plc_product_data,1,0,,4,,,measurement_st04_updown_jig_01
5273,D446,D,446,uint16,plc_product_data,1,0,,4,,,measurement_st04_updown_jig_02
5274,D450,D,450,uint16,plc_product_data,1,0,,4,,,measurement_st03_updown_jig_01
5275,D452,D,452,uint16,plc_product_data,1,0,,4,,,measurement_st03_updown_jig_02
5276,D454,D,454,uint16,plc_product_data,1,0,,4,,,measurement_st04_updown_jig_01
5277,D456,D,456,uint16,plc_product_data,1,0,,4,,,measurement_st04_updown_jig_02
5278,D460,D,460,uint16,plc_product_data,1,0,,4,,,measurement_st03_updown_jig_01
5279,D462,D,462,uint16,plc_product_data,1,0,,4,,,measurement_st03_updown_jig_02
5280,D464,D,464,uint16,plc_product_data,1,0,,4,,,measurement_st04_updown_jig_01
5281,D466,D,466,uint16,plc_product_data,1,0,,4,,,measurement_st04_updown_jig_02
5282,D470,D,470,uint16,plc_product_data,1,0,,4,,,measurement_st03_pressure_jig_01
5283,D472,D,472,uint16,plc_product_data,1,0,,4,,,measurement_st03_pressure_jig_02
5284,D474,D,474,uint16,plc_product_data,1,0,,4,,,measurement_st04_pressure_jig_01
5285,D476,D,476,uint16,plc_product_data,1,0,,4,,,measurement_st04_pressure_jig_02
5286,D480,D,480,uint16,plc_product_data,1,0,,4,,,measurement_st03_updown_jig_01
5287,D482,D,482,uint16,plc_product_data,1,0,,4,,,measurement_st03_updown_jig_02
5288,D484,D,484,uint16,plc_product_data,1,0,,4,,,measurement_st04_updown_jig_01
5289,D486,D,486,uint16,plc_product_data,1,0,,4,,,measurement_st04_updown_jig_02
5290,D490,D,490,uint16,plc_product_data,1,0,,4,,,measurement_st03_pressure_jig_01
5291,D492,D,492,uint16,plc_product_data,1,0,,4,,,measurement_st03_pressure_jig_02
5292,D494,D,494,uint16,plc_product_data,1,0,,4,,,measurement_st04_pressure_jig_01
5293,D496,D,496,int32,plc_product_data,1,0,,8,,,measurement_st04_pressure_jig_02
5294,D510,D,510,int32,plc_setting_data,1,0,,8,,,setting_st01_pick
5295,D530,D,530,int32,plc_setting_data,1,0,,8,,,setting_st03_pick
5296,D550,D,550,int32,plc_setting_data,1,0,,8,,,setting_st05_pick
5297,D570,D,570,int32,plc_setting_data,1,0,,8,,,setting_st09_pick
5298,D590,D,590,int32,plc_setting_data,1,0,,8,,,setting_st11_riveting
5299,D610,D,610,int32,plc_setting_data,1,0,,8,,,setting_st12_riveting
5300,D630,D,630,int32,plc_setting_data,1,0,,8,,,setting_st14_pick
5301,D640,D,640,uint16,plc_setting_data,1,0,,4,,,setting_st14_origin
5302,D642,D,642,uint16,plc_setting_data,1,0,,4,,,setting_st14_updown
5303,D644,D,644,uint16,plc_setting_data,1,0,,4,,,setting_st14_updown_end
5304,D646,D,646,uint16,plc_setting_data,1,0,,4,,,setting_st14_updown
5305,D648,D,648,uint16,plc_setting_data,1,0,,4,,,setting_st14_updown
5306,D650,D,650,uint16,plc_setting_data,1,0,,4,,,setting_st14_updown
5307,D660,D,660,uint16,plc_setting_data,1,0,,4,,,setting_st15_pick
5308,D662,D,662,uint16,plc_setting_data,1,0,,4,,,setting_st15_pick
5309,D664,D,664,uint16,plc_setting_data,1,0,,4,,,setting_st15_pick_end
5310,D666,D,666,uint16,plc_setting_data,1,0,,4,,,setting_st15_pick
5311,D668,D,668,uint16,plc_setting_data,1,0,,4,,,setting_st15_pick
5312,D670,D,670,uint16,plc_setting_data,1,0,,4,,,setting_st15_pick
5313,D680,D,680,uint16,plc_setting_data,1,0,,4,,,setting_st06_origin
5314,D682,D,682,uint16,plc_setting_data,1,0,,4,,,setting_st06_detect
5315,D684,D,684,uint16,plc_setting_data,1,0,,4,,,setting_st06_detect_end
5316,D686,D,686,uint16,plc_setting_data,1,0,,4,,,setting_st06_detect
5317,D688,D,688,uint16,plc_setting_data,1,0,,4,,,setting_st06_detect
5318,D690,D,690,uint16,plc_setting_data,1,0,,4,,,setting_st06_detect
5319,D700,D,700,uint16,plc_setting_data,1,0,,4,,,setting_st06_origin
5320,D702,D,702,uint16,plc_setting_data,1,0,,4,,,setting_st06_detect
5321,D704,D,704,uint16,plc_setting_data,1,0,,4,,,setting_st06_detect_end
5322,D706,D,706,uint16,plc_setting_data,1,0,,4,,,setting_st06_detect
5323,D708,D,708,uint16,plc_setting_data,1,0,,4,,,setting_st06_detect
5324,D710,D,710,uint16,plc_setting_data,1,0,,4,,,setting_st06_detect
5325,D720,D,720,uint16,plc_setting_data,1,0,,4,,,setting_st06_origin
5326,D722,D,722,uint16,plc_setting_data,1,0,,4,,,setting_st06_detect
5327,D724,D,724,uint16,plc_setting_data,1,0,,4,,,setting_st06_detect_end
5328,D726,D,726,uint16,plc_setting_data,1,0,,4,,,setting_st06_detect
5329,D728,D,728,uint16,plc_setting_data,1,0,,4,,,setting_st06_detect
5330,D730,D,730,uint16,plc_setting_data,1,0,,4,,,setting_st06_detect
5331,D740,D,740,uint16,plc_setting_data,1,0,,4,,,setting_st10_pick
5332,D742,D,742,uint16,plc_setting_data,1,0,,4,,,setting_st10_ccd
5333,D744,D,744,uint16,plc_product_data,1,0,,4,,,measurement_10_ng_aging
5334,D746,D,746,uint16,plc_product_data,1,0,,4,,,judgment_st10_release_force
5335,D748,D,748,uint16,plc_setting_data,1,0,,4,,,setting_st10_ng
5336,D750,D,750,uint16,plc_product_data,1,0,,4,,,measurement_st10_pressure
5337,D752,D,752,uint16,plc_setting_data,1,0,,4,,,setting_st10_sync_time
5338,D754,D,754,uint16,plc_product_data,1,0,,4,,,judgment_st10_op_voltage
5339,D756,D,756,uint16,plc_product_data,1,0,,4,,,judgment_st10_rel_voltage
5340,D1000,D,1000,uint32,plc_setting_data,1,0,,6,,,setting_st01_pick_auto
5342,D1004,D,1004,uint32,plc_product_data,1,0,,6,,,measurement_st01_pick
5345,D1012,D,1012,uint32,plc_setting_data,1,0,,6,,,setting_st01_pick
5346,D1014,D,1014,uint32,plc_setting_data,1,0,,6,,,setting_st01_pick
5347,D1020,D,1020,uint32,plc_setting_data,1,0,,6,,,setting_st03_pick_auto
5349,D1024,D,1024,uint32,plc_product_data,1,0,,6,,,measurement_st03_pick
5352,D1032,D,1032,uint32,plc_setting_data,1,0,,6,,,setting_st03_pick
5353,D1034,D,1034,uint32,plc_setting_data,1,0,,6,,,setting_st03_pick
5354,D1040,D,1040,uint32,plc_setting_data,1,0,,6,,,setting_st05_pick_auto
5355,D1044,D,1044,uint32,plc_product_data,1,0,,6,,,measurement_st05_pick
5356,D1052,D,1052,uint32,plc_setting_data,1,0,,6,,,setting_st05_pick
5357,D1054,D,1054,uint32,plc_setting_data,1,0,,6,,,setting_st05_pick
5358,D1060,D,1060,uint32,plc_setting_data,1,0,,6,,,setting_st09_pick_auto
5359,D1064,D,1064,uint32,plc_product_data,1,0,,6,,,measurement_st09_pick
5360,D1072,D,1072,uint32,plc_setting_data,1,0,,6,,,setting_st09_pick
5361,D1074,D,1074,uint32,plc_setting_data,1,0,,6,,,setting_st09_pick
5362,D1080,D,1080,uint32,plc_setting_data,1,0,,6,,,setting_st11_riveting_auto
5363,D1084,D,1084,uint32,plc_product_data,1,0,,6,,,measurement_st11_riveting
5365,D1100,D,1100,uint32,plc_setting_data,1,0,,6,,,setting_st12_riveting_auto
5366,D1104,D,1104,uint32,plc_product_data,1,0,,6,,,measurement_st12_riveting
5368,D1120,D,1120,uint32,plc_setting_data,1,0,,6,,,setting_st14_pick_auto
5369,D1124,D,1124,uint32,plc_product_data,1,0,,6,,,measurement_st14_pick
5370,D1132,D,1132,uint32,plc_setting_data,1,0,,6,,,setting_st14_pick
5371,D1140,D,1140,uint16,plc_setting_data,1,0,,4,,,setting_st14_updown_auto
5373,D1144,D,1144,uint16,plc_product_data,1,0,,4,,,measurement_st14_updown
5374,D1146,D,1146,uint16,plc_setting_data,1,0,,4,,,setting_st14_updown
5375,D1148,D,1148,uint16,plc_setting_data,1,0,,4,,,setting_st14_origin
5376,D1150,D,1150,uint16,plc_setting_data,1,0,,4,,,setting_st14_updown
5377,D1152,D,1152,uint16,plc_setting_data,1,0,,4,,,setting_st14_updown
5378,D1160,D,1160,uint16,plc_setting_data,1,0,,4,,,setting_st15_pick_auto
5380,D1164,D,1164,uint16,plc_product_data,1,0,,4,,,measurement_st15_pick
5381,D1166,D,1166,uint16,plc_setting_data,1,0,,4,,,setting_st15_pick
5382,D1168,D,1168,uint16,plc_setting_data,1,0,,4,,,setting_st15_pick
5383,D1170,D,1170,uint16,plc_setting_data,1,0,,4,,,setting_st15_pick
5384,D1172,D,1172,uint16,plc_setting_data,1,0,,4,,,setting_st15_pick
5385,D1180,D,1180,uint16,plc_setting_data,1,0,,4,,,setting_st06_detect_auto
5387,D1184,D,1184,uint16,plc_product_data,1,0,,4,,,judgment_st06_detect
5388,D1186,D,1186,uint16,plc_setting_data,1,0,,4,,,setting_st06_detect
5389,D1188,D,1188,uint16,plc_setting_data,1,0,,4,,,setting_st06_origin
5390,D1190,D,1190,uint16,plc_setting_data,1,0,,4,,,setting_st06_detect
5391,D1192,D,1192,uint16,plc_setting_data,1,0,,4,,,setting_st06_detect
5392,D1200,D,1200,uint16,plc_setting_data,1,0,,4,,,setting_st06_detect_auto
5394,D1204,D,1204,uint16,plc_product_data,1,0,,4,,,judgment_st06_detect
5395,D1206,D,1206,uint16,plc_setting_data,1,0,,4,,,setting_st06_detect
5396,D1208,D,1208,uint16,plc_setting_data,1,0,,4,,,setting_st06_origin
5397,D1210,D,1210,uint16,plc_setting_data,1,0,,4,,,setting_st06_detect
5398,D1212,D,1212,uint16,plc_setting_data,1,0,,4,,,setting_st06_detect
5399,D1220,D,1220,uint16,plc_setting_data,1,0,,4,,,setting_st06_detect_auto
5401,D1224,D,1224,uint16,plc_product_data,1,0,,4,,,judgment_st06_detect
5402,D1226,D,1226,uint16,plc_setting_data,1,0,,4,,,setting_st06_detect
5403,D1228,D,1228,uint16,plc_setting_data,1,0,,4,,,setting_st06_origin
5404,D1230,D,1230,uint16,plc_setting_data,1,0,,4,,,setting_st06_detect
5405,D1232,D,1232,uint16,plc_setting_data,1,0,,4,,,setting_st06_detect
5406,D1240,D,1240,uint16,plc_setting_data,1,0,,4,,,setting_servo_auto
5408,D1244,D,1244,uint16,plc_product_data,1,0,,4,,,measurement_servo
5409,D1246,D,1246,uint16,plc_setting_data,1,0,,4,,,setting_servo
5410,D1248,D,1248,uint16,plc_setting_data,1,0,,4,,,setting_servo
5413,D2000,D,2000,uint16,plc_product_data,1,0,,4,,,measurement_st03_updown
5414,D2001,D,2001,uint16,plc_product_data,1,0,,4,,,measurement_st03_updown
5415,D2002,D,2002,uint16,plc_product_data,1,0,,4,,,measurement_st03_updown
5416,D2004,D,2004,uint16,plc_product_data,1,0,,4,,,measurement_st03_pressure
5417,D2005,D,2005,uint16,plc_product_data,1,0,,4,,,measurement_st03_pressure
5418,D2006,D,2006,uint16,plc_product_data,1,0,,4,,,measurement_st03_pressure
5419,D2010,D,2010,uint16,plc_product_data,1,0,,4,,,measurement_st03_updown
5420,D2011,D,2011,uint16,plc_product_data,1,0,,4,,,measurement_st03_updown
5421,D2012,D,2012,uint16,plc_product_data,1,0,,4,,,measurement_st03_updown
5422,D2014,D,2014,uint16,plc_product_data,1,0,,4,,,measurement_st03_pressure
5423,D2015,D,2015,uint16,plc_product_data,1,0,,4,,,measurement_st03_pressure
5424,D2016,D,2016,uint16,plc_product_data,1,0,,4,,,measurement_st03_pressure
5425,D2020,D,2020,uint16,plc_product_data,1,0,,4,,,measurement_st04_updown
5426,D2021,D,2021,uint16,plc_product_data,1,0,,4,,,measurement_st04_updown
5427,D2022,D,2022,uint16,plc_product_data,1,0,,4,,,measurement_st04_updown
5428,D2024,D,2024,uint16,plc_product_data,1,0,,4,,,measurement_st04_pressure
5429,D2025,D,2025,uint16,plc_product_data,1,0,,4,,,measurement_st04_pressure
5430,D2026,D,2026,uint16,plc_product_data,1,0,,4,,,measurement_st04_pressure
5431,D2030,D,2030,uint16,plc_product_data,1,0,,4,,,measurement_st04_updown
5432,D2031,D,2031,uint16,plc_product_data,1,0,,4,,,measurement_st04_updown
5433,D2032,D,2032,uint16,plc_product_data,1,0,,4,,,measurement_st04_updown
5434,D2034,D,2034,uint16,plc_product_data,1,0,,4,,,measurement_st04_pressure
5435,D2035,D,2035,uint16,plc_product_data,1,0,,4,,,measurement_st04_pressure
5436,D2036,D,2036,uint16,plc_product_data,1,0,,4,,,measurement_st04_pressure
5437,D2040,D,2040,uint16,plc_product_data,1,0,,4,,,measurement_st03_ng_jig_01_r
5438,D2050,D,2050,uint16,plc_product_data,1,0,,4,,,measurement_st03_ng_jig_02_r
5439,D2060,D,2060,uint16,plc_product_data,1,0,,4,,,measurement_st04_ng_jig_01_r
5440,D2070,D,2070,uint16,plc_product_data,1,0,,4,,,measurement_st04_ng_jig_02_r
5441,D2080,D,2080,uint16,plc_product_data,1,0,,4,,,measurement_st03_pressure_jig_01_r
5442,D2090,D,2090,uint16,plc_product_data,1,0,,4,,,measurement_st03_pressure_jig_02_r
5443,D2100,D,2100,uint16,plc_product_data,1,0,,4,,,measurement_st04_pressure_jig_01_r
5444,D2110,D,2110,uint16,plc_product_data,1,0,,4,,,measurement_st04_pressure_jig_02_r
5445,D2120,D,2120,uint16,plc_product_data,1,0,,4,,,measurement_st03_ng_jig_01_r
5446,D2130,D,2130,uint16,plc_product_data,1,0,,4,,,measurement_st03_ng_jig_02_r
5447,D2140,D,2140,uint16,plc_product_data,1,0,,4,,,measurement_st04_ng_jig_01_r
5448,D2150,D,2150,uint16,plc_product_data,1,0,,4,,,measurement_st04_ng_jig_02_r
5449,D2160,D,2160,uint16,plc_product_data,1,0,,4,,,measurement_st03_pressure_jig_01_r
5450,D2170,D,2170,uint16,plc_product_data,1,0,,4,,,measurement_st03_pressure_jig_02_r
5451,D2180,D,2180,uint16,plc_product_data,1,0,,4,,,measurement_st04_pressure_jig_01_r
5452,D2190,D,2190,uint16,plc_product_data,1,0,,4,,,measurement_st04_pressure_jig_02_r
5453,D2200,D,2200,uint16,plc_setting_data,1,0,,4,,,setting_st03_jig_01_upper
5454,D2202,D,2202,uint16,plc_setting_data,1,0,,4,,,setting_st03_jig_01_lower
5455,D2204,D,2204,uint16,plc_setting_data,1,0,,4,,,setting_st03_jig_01_l_compensation
5456,D2206,D,2206,uint16,plc_setting_data,1,0,,4,,,setting_st03_jig_01_r_compensation
5457,D2208,D,2208,uint16,plc_setting_data,1,0,,4,,,setting_st03_pressure_jig_01_upper
5458,D2210,D,2210,uint16,plc_setting_data,1,0,,4,,,setting_st03_pressure_jig_01_lower
5459,D2212,D,2212,uint16,plc_setting_data,1,0,,4,,,setting_st03_pressure_jig_01_l_compensation
5460,D2214,D,2214,uint16,plc_setting_data,1,0,,4,,,setting_st03_pressure_jig_01_r_compensation
5461,D2216,D,2216,uint16,plc_product_data,1,0,,4,,,measurement_st03_jig_01_l_actual
5462,D2218,D,2218,uint16,plc_product_data,1,0,,4,,,measurement_st03_jig_01_l_result
5463,D2220,D,2220,uint16,plc_product_data,1,0,,4,,,measurement_st03_jig_01_r_actual
5464,D2222,D,2222,uint16,plc_product_data,1,0,,4,,,measurement_st03_jig_01_r_result
5465,D2224,D,2224,uint16,plc_product_data,1,0,,4,,,measurement_st03_pressure_jig_01_l_actual
5466,D2226,D,2226,uint16,plc_product_data,1,0,,4,,,measurement_st03_pressure_jig_01_l_result
5467,D2228,D,2228,uint16,plc_product_data,1,0,,4,,,measurement_st03_pressure_jig_01_r_actual
5468,D2230,D,2230,uint16,plc_product_data,1,0,,4,,,measurement_st03_pressure_jig_01_r_result
5469,D2232,D,2232,uint16,plc_product_data,1,0,,4,,,measurement_st03_jig_01_l_status
5470,D2234,D,2234,uint16,plc_product_data,1,0,,4,,,measurement_st03_jig_01_r_status
5471,D2236,D,2236,uint16,plc_product_data,1,0,,4,,,measurement_st03_pressure_jig_01_l_status
5472,D2238,D,2238,uint16,plc_product_data,1,0,,4,,,measurement_st03_pressure_jig_01_r_status
5473,D2240,D,2240,uint16,plc_setting_data,1,0,,4,,,setting_st03_jig_02_upper
5474,D2242,D,2242,uint16,plc_setting_data,1,0,,4,,,setting_st03_jig_02_lower
5475,D2244,D,2244,uint16,plc_setting_data,1,0,,4,,,setting_st03_jig_02_l_compensation
5476,D2246,D,2246,uint16,plc_setting_data,1,0,,4,,,setting_st03_jig_02_r_compensation
5477,D2248,D,2248,uint16,plc_setting_data,1,0,,4,,,setting_st03_pressure_jig_02_upper
5478,D2250,D,2250,uint16,plc_setting_data,1,0,,4,,,setting_st03_pressure_jig_02_lower
5479,D2252,D,2252,uint16,plc_setting_data,1,0,,4,,,setting_st03_pressure_jig_02_l_compensation
5480,D2254,D,2254,uint16,plc_setting_data,1,0,,4,,,setting_st03_pressure_jig_02_r_compensation
5481,D2256,D,2256,uint16,plc_product_data,1,0,,4,,,measurement_st03_jig_02_l_actual
5482,D2258,D,2258,uint16,plc_product_data,1,0,,4,,,measurement_st03_jig_02_l_result
5483,D2260,D,2260,uint16,plc_product_data,1,0,,4,,,measurement_st03_jig_02_r_actual
5484,D2262,D,2262,uint16,plc_product_data,1,0,,4,,,measurement_st03_jig_02_r_result
5485,D2264,D,2264,uint16,plc_product_data,1,0,,4,,,measurement_st03_pressure_jig_02_l_actual
5486,D2266,D,2266,uint16,plc_product_data,1,0,,4,,,measurement_st03_pressure_jig_02_l_result
5487,D2268,D,2268,uint16,plc_product_data,1,0,,4,,,measurement_st03_pressure_jig_02_r_actual
5488,D2270,D,2270,uint16,plc_product_data,1,0,,4,,,measurement_st03_pressure_jig_02_r_result
5489,D2272,D,2272,uint16,plc_product_data,1,0,,4,,,measurement_st03_jig_02_l_status
5490,D2274,D,2274,uint16,plc_product_data,1,0,,4,,,measurement_st03_jig_02_r_status
5491,D2276,D,2276,uint16,plc_product_data,1,0,,4,,,measurement_st03_pressure_jig_02_l_status
5492,D2278,D,2278,uint16,plc_product_data,1,0,,4,,,measurement_st03_pressure_jig_02_r_status
5493,D2280,D,2280,uint16,plc_product_data,1,0,,4,,,measurement_st03_pressure_jig_01
5494,D2282,D,2282,uint16,plc_product_data,1,0,,4,,,measurement_st03_pressure_jig_02
5495,D2300,D,2300,uint16,plc_setting_data,1,0,,4,,,setting_st04_jig_01_upper
5496,D2302,D,2302,uint16,plc_setting_data,1,0,,4,,,setting_st04_jig_01_lower
5497,D2304,D,2304,uint16,plc_setting_data,1,0,,4,,,setting_st04_jig_01_l_compensation
5498,D2306,D,2306,uint16,plc_setting_data,1,0,,4,,,setting_st04_jig_01_r_compensation
5499,D2308,D,2308,uint16,plc_setting_data,1,0,,4,,,setting_st04_pressure_jig_01_upper
5500,D2310,D,2310,uint16,plc_setting_data,1,0,,4,,,setting_st04_pressure_jig_01_lower
5501,D2312,D,2312,uint16,plc_setting_data,1,0,,4,,,setting_st04_pressure_jig_01_l_compensation
5502,D2314,D,2314,uint16,plc_setting_data,1,0,,4,,,setting_st04_pressure_jig_01_r_compensation
5503,D2316,D,2316,uint16,plc_product_data,1,0,,4,,,measurement_st04_jig_01_l_actual
5504,D2318,D,2318,uint16,plc_product_data,1,0,,4,,,measurement_st04_jig_01_l_result
5505,D2320,D,2320,uint16,plc_product_data,1,0,,4,,,measurement_st04_jig_01_r_actual
5506,D2322,D,2322,uint16,plc_product_data,1,0,,4,,,measurement_st04_jig_01_r_result
5507,D2324,D,2324,uint16,plc_product_data,1,0,,4,,,measurement_st04_pressure_jig_01_l_actual
5508,D2326,D,2326,uint16,plc_product_data,1,0,,4,,,measurement_st04_pressure_jig_01_l_result
5509,D2328,D,2328,uint16,plc_product_data,1,0,,4,,,measurement_st04_pressure_jig_01_r_actual
5510,D2330,D,2330,uint16,plc_product_data,1,0,,4,,,measurement_st04_pressure_jig_01_r_result
5511,D2332,D,2332,uint16,plc_product_data,1,0,,4,,,measurement_st04_jig_01_l_status
5512,D2334,D,2334,uint16,plc_product_data,1,0,,4,,,measurement_st04_jig_01_r_status
5513,D2336,D,2336,uint16,plc_product_data,1,0,,4,,,measurement_st04_pressure_jig_01_l_status
5514,D2338,D,2338,uint16,plc_product_data,1,0,,4,,,measurement_st04_pressure_jig_01_r_status
5515,D2340,D,2340,uint16,plc_setting_data,1,0,,4,,,setting_st04_jig_02_upper
5516,D2342,D,2342,uint16,plc_setting_data,1,0,,4,,,setting_st04_jig_02_lower
5517,D2344,D,2344,uint16,plc_setting_data,1,0,,4,,,setting_st04_jig_02_l_compensation
5518,D2346,D,2346,uint16,plc_setting_data,1,0,,4,,,setting_st04_jig_02_r_compensation
5519,D2348,D,2348,uint16,plc_setting_data,1,0,,4,,,setting_st04_pressure_jig_02_upper
5520,D2350,D,2350,uint16,plc_setting_data,1,0,,4,,,setting_st04_pressure_jig_02_lower
5521,D2352,D,2352,uint16,plc_setting_data,1,0,,4,,,setting_st04_pressure_jig_02_l_compensation
5522,D2354,D,2354,uint16,plc_setting_data,1,0,,4,,,setting_st04_pressure_jig_02_r_compensation
5523,D2356,D,2356,uint16,plc_product_data,1,0,,4,,,measurement_st04_jig_02_l_actual
5524,D2358,D,2358,uint16,plc_product_data,1,0,,4,,,measurement_st04_jig_02_l_result
5525,D2360,D,2360,uint16,plc_product_data,1,0,,4,,,measurement_st04_jig_02_r_actual
5526,D2362,D,2362,uint16,plc_product_data,1,0,,4,,,measurement_st04_jig_02_r_result
5527,D2364,D,2364,uint16,plc_product_data,1,0,,4,,,measurement_st04_pressure_jig_02_l_actual
5528,D2366,D,2366,uint16,plc_product_data,1,0,,4,,,measurement_st04_pressure_jig_02_l_result
5529,D2368,D,2368,uint16,plc_product_data,1,0,,4,,,measurement_st04_pressure_jig_02_r_actual
5530,D2370,D,2370,uint16,plc_product_data,1,0,,4,,,measurement_st04_pressure_jig_02_r_result
5531,D2372,D,2372,uint16,plc_product_data,1,0,,4,,,measurement_st04_jig_02_l_status
5532,D2374,D,2374,uint16,plc_product_data,1,0,,4,,,measurement_st04_jig_02_r_status
5533,D2376,D,2376,uint16,plc_product_data,1,0,,4,,,measurement_st04_pressure_jig_02_l_status
5534,D2378,D,2378,uint16,plc_product_data,1,0,,4,,,measurement_st04_pressure_jig_02_r_status
5535,D2380,D,2380,uint16,plc_product_data,1,0,,4,,,measurement_st04_pressure_jig_01
5536,D2382,D,2382,uint16,plc_product_data,1,0,,4,,,measurement_st04_pressure_jig_02
5541,D2650,D,2650,uint16,plc_setting_data,1,0,,4,,,setting_st06_pressure_upper
5542,D2652,D,2652,uint16,plc_setting_data,1,0,,4,,,setting_st06_pressure_lower
5543,D2660,D,2660,uint16,plc_setting_data,1,0,,4,,,setting_st06_detect_compensation
5544,D2662,D,2662,uint16,plc_setting_data,1,0,,4,,,setting_st06_detect_compensation
5545,D2664,D,2664,uint16,plc_setting_data,1,0,,4,,,setting_st06_detect_compensation
5546,D2666,D,2666,uint16,plc_setting_data,1,0,,4,,,setting_st06_detect_compensation
5547,D2670,D,2670,uint16,plc_product_data,1,0,,4,,,measurement_st06_pressure
5548,D2672,D,2672,uint16,plc_product_data,1,0,,4,,,measurement_st06_pressure
5549,D2674,D,2674,uint16,plc_product_data,1,0,,4,,,measurement_st06_pressure
5550,D2676,D,2676,uint16,plc_product_data,1,0,,4,,,measurement_st06_pressure
5551,D2680,D,2680,uint16,plc_product_data,1,0,,4,,,measurement_st06_pressure
5552,D2682,D,2682,uint16,plc_product_data,1,0,,4,,,measurement_st06_pressure
5553,D2684,D,2684,uint16,plc_product_data,1,0,,4,,,measurement_st06_pressure
5554,D2686,D,2686,uint16,plc_product_data,1,0,,4,,,measurement_st06_pressure
5555,D2690,D,2690,uint16,plc_product_data,1,0,,4,,,judgment_st06_detect_status
5556,D2692,D,2692,uint16,plc_product_data,1,0,,4,,,judgment_st06_detect_status
5557,D2694,D,2694,uint16,plc_product_data,1,0,,4,,,judgment_st06_detect_status
5558,D2696,D,2696,uint16,plc_product_data,1,0,,4,,,judgment_st06_detect_status
5559,D2700,D,2700,uint16,plc_product_data,1,0,,4,,,measurement_5_1ok
5560,D2702,D,2702,uint16,plc_product_data,1,0,,4,,,measurement_5_1ng
5561,D2704,D,2704,uint16,plc_product_data,1,0,,4,,,measurement_5_2ok
5562,D2706,D,2706,uint16,plc_product_data,1,0,,4,,,measurement_5_2ng
5563,D2708,D,2708,uint16,plc_product_data,1,0,,4,,,measurement_5_3ok
5564,D2710,D,2710,uint16,plc_product_data,1,0,,4,,,measurement_5_3ng
5565,D2712,D,2712,uint16,plc_product_data,1,0,,4,,,measurement_5_4ok
5566,D2714,D,2714,uint16,plc_product_data,1,0,,4,,,measurement_5_4ng
5567,D2720,D,2720,uint16,plc_product_data,1,0,,4,,,measurement_6_1ok
5568,D2722,D,2722,uint16,plc_product_data,1,0,,4,,,measurement_6_1ng
5569,D2724,D,2724,uint16,plc_product_data,1,0,,4,,,measurement_6_2ok
5570,D2726,D,2726,uint16,plc_product_data,1,0,,4,,,measurement_6_2ng
5571,D2728,D,2728,uint16,plc_product_data,1,0,,4,,,measurement_6_3ok
5572,D2730,D,2730,uint16,plc_product_data,1,0,,4,,,measurement_6_3ng
5573,D2732,D,2732,uint16,plc_product_data,1,0,,4,,,measurement_6_4ok
5574,D2734,D,2734,uint16,plc_product_data,1,0,,4,,,measurement_6_4ng
5575,D2750,D,2750,uint16,plc_setting_data,1,0,,4,,,setting_st07_op_voltage_jig_01_upper
5576,D2752,D,2752,uint16,plc_setting_data,1,0,,4,,,setting_st07_op_voltage_jig_01_lower
5577,D2754,D,2754,uint16,plc_setting_data,1,0,,4,,,setting_st07_op_voltage_jig_01_compensation
5578,D2756,D,2756,uint16,plc_product_data,1,0,,4,,,measurement_st07_op_voltage_jig_01_actual
5579,D2758,D,2758,uint16,plc_product_data,1,0,,4,,,measurement_st07_op_voltage_jig_01_result
5580,D2760,D,2760,uint16,plc_product_data,1,0,,4,,,measurement_st07_op_voltage_jig_01_status
5581,D2770,D,2770,uint16,plc_setting_data,1,0,,4,,,setting_st07_rel_voltage_jig_01_upper
5582,D2772,D,2772,uint16,plc_setting_data,1,0,,4,,,setting_st07_rel_voltage_jig_01_lower
5583,D2774,D,2774,uint16,plc_setting_data,1,0,,4,,,setting_st07_rel_voltage_jig_01_compensation
5584,D2776,D,2776,uint16,plc_product_data,1,0,,4,,,measurement_st07_rel_voltage_jig_01_actual
5585,D2778,D,2778,uint16,plc_product_data,1,0,,4,,,measurement_st07_rel_voltage_jig_01_result
5586,D2780,D,2780,uint16,plc_product_data,1,0,,4,,,measurement_st07_rel_voltage_jig_01_status
5587,D2790,D,2790,uint16,plc_setting_data,1,0,,4,,,setting_st07_sync_time_jig_01_upper
5588,D2794,D,2794,uint16,plc_setting_data,1,0,,4,,,setting_st07_sync_time_jig_01_compensation
5589,D2796,D,2796,uint16,plc_setting_data,1,0,,4,,,setting_st07_sync_time_jig_01_actual
5590,D2798,D,2798,uint16,plc_setting_data,1,0,,4,,,setting_st07_sync_time_jig_01_result
5591,D2800,D,2800,uint16,plc_setting_data,1,0,,4,,,setting_st07_sync_time_jig_01_status
5592,D2804,D,2804,uint16,plc_product_data,1,0,,4,,,counter_st07_count_jig_01
5593,D2806,D,2806,uint16,plc_product_data,1,0,,4,,,counter_st07_count_jig_01
5594,D2820,D,2820,uint16,plc_setting_data,1,0,,4,,,setting_st07_op_voltage_jig_02_upper
5595,D2822,D,2822,uint16,plc_setting_data,1,0,,4,,,setting_st07_op_voltage_jig_02_lower
5596,D2824,D,2824,uint16,plc_setting_data,1,0,,4,,,setting_st07_op_voltage_jig_02_compensation
5597,D2826,D,2826,uint16,plc_product_data,1,0,,4,,,measurement_st07_op_voltage_jig_02_actual
5598,D2828,D,2828,uint16,plc_product_data,1,0,,4,,,measurement_st07_op_voltage_jig_02_result
5599,D2830,D,2830,uint16,plc_product_data,1,0,,4,,,measurement_st07_op_voltage_jig_02_status
5600,D2840,D,2840,uint16,plc_setting_data,1,0,,4,,,setting_st07_rel_voltage_jig_02_upper
5601,D2842,D,2842,uint16,plc_setting_data,1,0,,4,,,setting_st07_rel_voltage_jig_02_lower
5602,D2844,D,2844,uint16,plc_setting_data,1,0,,4,,,setting_st07_rel_voltage_jig_02_compensation
5603,D2846,D,2846,uint16,plc_product_data,1,0,,4,,,measurement_st07_rel_voltage_jig_02_actual
5604,D2848,D,2848,uint16,plc_product_data,1,0,,4,,,measurement_st07_rel_voltage_jig_02_result
5605,D2850,D,2850,uint16,plc_product_data,1,0,,4,,,measurement_st07_rel_voltage_jig_02_status
5606,D2860,D,2860,uint16,plc_setting_data,1,0,,4,,,setting_st07_sync_time_jig_02_upper
5607,D2864,D,2864,uint16,plc_setting_data,1,0,,4,,,setting_st07_sync_time_jig_02_compensation
5608,D2866,D,2866,uint16,plc_setting_data,1,0,,4,,,setting_st07_sync_time_jig_02_actual
5609,D2868,D,2868,uint16,plc_setting_data,1,0,,4,,,setting_st07_sync_time_jig_02_result
5610,D2870,D,2870,uint16,plc_setting_data,1,0,,4,,,setting_st07_sync_time_jig_02_status
5611,D2874,D,2874,uint16,plc_product_data,1,0,,4,,,counter_st07_count_jig_02
5612,D2876,D,2876,uint16,plc_product_data,1,0,,4,,,counter_st07_count_jig_02
5613,D2890,D,2890,uint16,plc_setting_data,1,0,,4,,,setting_st07_op_voltage_jig_03_upper
5614,D2892,D,2892,uint16,plc_setting_data,1,0,,4,,,setting_st07_op_voltage_jig_03_lower
5615,D2894,D,2894,uint16,plc_setting_data,1,0,,4,,,setting_st07_op_voltage_jig_03_compensation
5616,D2896,D,2896,uint16,plc_product_data,1,0,,4,,,measurement_st07_op_voltage_jig_03_actual
5617,D2898,D,2898,uint16,plc_product_data,1,0,,4,,,measurement_st07_op_voltage_jig_03_result
5618,D2900,D,2900,uint16,plc_product_data,1,0,,4,,,measurement_st07_op_voltage_jig_03_status
5619,D2910,D,2910,uint16,plc_setting_data,1,0,,4,,,setting_st07_rel_voltage_jig_03_upper
5620,D2912,D,2912,uint16,plc_setting_data,1,0,,4,,,setting_st07_rel_voltage_jig_03_lower
5621,D2914,D,2914,uint16,plc_setting_data,1,0,,4,,,setting_st07_rel_voltage_jig_03_compensation
5622,D2916,D,2916,uint16,plc_product_data,1,0,,4,,,measurement_st07_rel_voltage_jig_03_actual
5623,D2918,D,2918,uint16,plc_product_data,1,0,,4,,,measurement_st07_rel_voltage_jig_03_result
5624,D2920,D,2920,uint16,plc_product_data,1,0,,4,,,measurement_st07_rel_voltage_jig_03_status
5625,D2930,D,2930,uint16,plc_setting_data,1,0,,4,,,setting_st07_sync_time_jig_03_upper
5626,D2934,D,2934,uint16,plc_setting_data,1,0,,4,,,setting_st07_sync_time_jig_03_compensation
5627,D2936,D,2936,uint16,plc_setting_data,1,0,,4,,,setting_st07_sync_time_jig_03_actual
5628,D2938,D,2938,uint16,plc_setting_data,1,0,,4,,,setting_st07_sync_time_jig_03_result
5629,D2940,D,2940,uint16,plc_setting_data,1,0,,4,,,setting_st07_sync_time_jig_03_status
5630,D2944,D,2944,uint16,plc_product_data,1,0,,4,,,counter_st07_count_jig_03
5631,D2946,D,2946,uint16,plc_product_data,1,0,,4,,,counter_st07_count_jig_03
5632,D2960,D,2960,uint16,plc_setting_data,1,0,,4,,,setting_st07_op_voltage_jig_04_upper
5633,D2962,D,2962,uint16,plc_setting_data,1,0,,4,,,setting_st07_op_voltage_jig_04_lower
5634,D2964,D,2964,uint16,plc_setting_data,1,0,,4,,,setting_st07_op_voltage_jig_04_compensation
5635,D2966,D,2966,uint16,plc_product_data,1,0,,4,,,measurement_st07_op_voltage_jig_04_actual
5636,D2968,D,2968,uint16,plc_product_data,1,0,,4,,,measurement_st07_op_voltage_jig_04_result
5637,D2970,D,2970,uint16,plc_product_data,1,0,,4,,,measurement_st07_op_voltage_jig_04_status
5638,D2980,D,2980,uint16,plc_setting_data,1,0,,4,,,setting_st07_rel_voltage_jig_04_upper
5639,D2982,D,2982,uint16,plc_setting_data,1,0,,4,,,setting_st07_rel_voltage_jig_04_lower
5640,D2984,D,2984,uint16,plc_setting_data,1,0,,4,,,setting_st07_rel_voltage_jig_04_compensation
5641,D2986,D,2986,uint16,plc_product_data,1,0,,4,,,measurement_st07_rel_voltage_jig_04_actual
5642,D2988,D,2988,uint16,plc_product_data,1,0,,4,,,measurement_st07_rel_voltage_jig_04_result
5643,D2990,D,2990,uint16,plc_product_data,1,0,,4,,,measurement_st07_rel_voltage_jig_04_status
5644,D3000,D,3000,uint16,plc_setting_data,1,0,,4,,,setting_st07_sync_time_jig_04_upper
5645,D3004,D,3004,uint16,plc_setting_data,1,0,,4,,,setting_st07_sync_time_jig_04_compensation
5646,D3006,D,3006,uint16,plc_setting_data,1,0,,4,,,setting_st07_sync_time_jig_04_actual
5647,D3008,D,3008,uint16,plc_setting_data,1,0,,4,,,setting_st07_sync_time_jig_04_result
5648,D3010,D,3010,uint16,plc_setting_data,1,0,,4,,,setting_st07_sync_time_jig_04_status
5649,D3014,D,3014,uint16,plc_product_data,1,0,,4,,,counter_st07_count_jig_04
5650,D3016,D,3016,uint16,plc_product_data,1,0,,4,,,counter_st07_count_jig_04
5651,D3030,D,3030,uint16,plc_product_data,1,0,,4,,,measurement_st08_jig_01_status
5652,D3032,D,3032,uint16,plc_product_data,1,0,,4,,,measurement_st08_jig_02_status
5653,D3034,D,3034,uint16,plc_product_data,1,0,,4,,,measurement_st08_jig_03_status
5654,D3036,D,3036,uint16,plc_product_data,1,0,,4,,,measurement_st08_jig_04_status
5655,D3040,D,3040,uint16,plc_product_data,1,0,,4,,,counter_st08_count_jig_01
5656,D3042,D,3042,uint16,plc_product_data,1,0,,4,,,counter_st08_count_jig_01
5657,D3044,D,3044,uint16,plc_product_data,1,0,,4,,,counter_st08_count_jig_02
5658,D3046,D,3046,uint16,plc_product_data,1,0,,4,,,counter_st08_count_jig_02
5659,D3048,D,3048,uint16,plc_product_data,1,0,,4,,,counter_st08_count_jig_03
5660,D3050,D,3050,uint16,plc_product_data,1,0,,4,,,counter_st08_count_jig_03
5661,D3052,D,3052,uint16,plc_product_data,1,0,,4,,,counter_st08_count_jig_04
5662,D3054,D,3054,uint16,plc_product_data,1,0,,4,,,counter_st08_count_jig_04
5663,D3100,D,3100,uint16,plc_product_data,1,0,,4,,,measurement_status
5664,D3102,D,3102,uint16,plc_product_data,1,0,,4,,,measurement_status
5665,D3104,D,3104,uint16,plc_product_data,1,0,,4,,,measurement_l
5666,D3106,D,3106,uint16,plc_product_data,1,0,,4,,,measurement_l
5667,D3108,D,3108,uint16,plc_product_data,1,0,,4,,,measurement_r
5668,D3110,D,3110,uint16,plc_product_data,1,0,,4,,,measurement_r
5669,D3112,D,3112,uint16,plc_product_data,1,0,,4,,,measurement_l_status
5670,D3114,D,3114,uint16,plc_product_data,1,0,,4,,,measurement_pressure
5671,D3116,D,3116,uint16,plc_product_data,1,0,,4,,,measurement_pressure
5672,D3118,D,3118,uint16,plc_product_data,1,0,,4,,,measurement_test_003_height_l_real_distance_001
5673,D3120,D,3120,uint16,plc_product_data,1,0,,4,,,measurement_r
5674,D3122,D,3122,uint16,plc_product_data,1,0,,4,,,measurement_ccd_status
5675,D3124,D,3124,uint16,plc_product_data,1,0,,4,,,measurement_ccd
5676,D3126,D,3126,uint16,plc_product_data,1,0,,4,,,measurement_ccd_r
5677,D3128,D,3128,uint16,plc_product_data,1,0,,4,,,measurement_status
5678,D3130,D,3130,uint16,plc_product_data,1,0,,4,,,measurement_pressure
5679,D3132,D,3132,uint16,plc_product_data,1,0,,4,,,measurement_status
5680,D3134,D,3134,uint16,plc_product_data,1,0,,4,,,measurement_pressure_r
5681,D3136,D,3136,uint16,plc_product_data,1,0,,4,,,measurement_status
5682,D3138,D,3138,uint16,plc_product_data,1,0,,4,,,measurement_op_voltage_r
5683,D3140,D,3140,uint16,plc_product_data,1,0,,4,,,measurement_op_voltage_r
5684,D3142,D,3142,uint16,plc_setting_data,1,0,,4,,,setting_sync_time_r
5685,D3144,D,3144,uint16,plc_product_data,1,0,,4,,,measurement_status
5686,D3146,D,3146,uint16,plc_product_data,1,0,,4,,,judgment_ng_r
5687,D3150,D,3150,uint16,plc_product_data,1,0,,4,,,measurement_status
5688,D3152,D,3152,uint16,plc_product_data,1,0,,4,,,measurement_ccd_status
5689,D3154,D,3154,uint16,plc_product_data,1,0,,4,,,measurement_r_status
5690,D3156,D,3156,uint16,plc_product_data,1,0,,4,,,measurement_status
5691,D3200,D,3200,uint16,plc_product_data,1,0,,4,,,measurement_status
5692,D3202,D,3202,uint16,plc_product_data,1,0,,4,,,measurement_status
5693,D3204,D,3204,uint16,plc_product_data,1,0,,4,,,measurement_l
5694,D3206,D,3206,uint16,plc_product_data,1,0,,4,,,measurement_l
5695,D3208,D,3208,uint16,plc_product_data,1,0,,4,,,measurement_r
5696,D3210,D,3210,uint16,plc_product_data,1,0,,4,,,measurement_r
5697,D3212,D,3212,uint16,plc_product_data,1,0,,4,,,measurement_l_status
5698,D3214,D,3214,uint16,plc_product_data,1,0,,4,,,measurement_pressure
5699,D3216,D,3216,uint16,plc_product_data,1,0,,4,,,measurement_pressure
5700,D3218,D,3218,uint16,plc_product_data,1,0,,4,,,measurement_test_003_height_l_real_distance_002
5701,D3220,D,3220,uint16,plc_product_data,1,0,,4,,,measurement_r
5702,D3222,D,3222,uint16,plc_product_data,1,0,,4,,,measurement_ccd_status
5703,D3224,D,3224,uint16,plc_product_data,1,0,,4,,,measurement_ccd
5704,D3226,D,3226,uint16,plc_product_data,1,0,,4,,,measurement_ccd_r
5705,D3228,D,3228,uint16,plc_product_data,1,0,,4,,,measurement_status
5706,D3230,D,3230,uint16,plc_product_data,1,0,,4,,,measurement_pressure
5707,D3232,D,3232,uint16,plc_product_data,1,0,,4,,,measurement_status
5708,D3234,D,3234,uint16,plc_product_data,1,0,,4,,,measurement_pressure_r
5709,D3236,D,3236,uint16,plc_product_data,1,0,,4,,,measurement_status
5710,D3238,D,3238,uint16,plc_product_data,1,0,,4,,,measurement_op_voltage_r
5711,D3240,D,3240,uint16,plc_product_data,1,0,,4,,,measurement_op_voltage_r
5712,D3242,D,3242,uint16,plc_setting_data,1,0,,4,,,setting_sync_time_r
5713,D3244,D,3244,uint16,plc_product_data,1,0,,4,,,measurement_status
5714,D3246,D,3246,uint16,plc_product_data,1,0,,4,,,judgment_ng_r
5715,D3250,D,3250,uint16,plc_product_data,1,0,,4,,,measurement_status
5716,D3252,D,3252,uint16,plc_product_data,1,0,,4,,,measurement_ccd_status
5717,D3254,D,3254,uint16,plc_product_data,1,0,,4,,,measurement_r_status
5718,D3256,D,3256,uint16,plc_product_data,1,0,,4,,,measurement_status
5719,D3300,D,3300,uint16,plc_product_data,1,0,,4,,,measurement_status
5720,D3302,D,3302,uint16,plc_product_data,1,0,,4,,,measurement_status
5721,D3304,D,3304,uint16,plc_product_data,1,0,,4,,,measurement_l
5722,D3306,D,3306,uint16,plc_product_data,1,0,,4,,,measurement_l
5723,D3308,D,3308,uint16,plc_product_data,1,0,,4,,,measurement_r
5724,D3310,D,3310,uint16,plc_product_data,1,0,,4,,,measurement_r
5725,D3312,D,3312,uint16,plc_product_data,1,0,,4,,,measurement_l_status
5726,D3314,D,3314,uint16,plc_product_data,1,0,,4,,,measurement_pressure
5727,D3316,D,3316,uint16,plc_product_data,1,0,,4,,,measurement_pressure
5728,D3318,D,3318,uint16,plc_product_data,1,0,,4,,,measurement_test_003_height_l_real_distance_003
5729,D3320,D,3320,uint16,plc_product_data,1,0,,4,,,measurement_r
5730,D3322,D,3322,uint16,plc_product_data,1,0,,4,,,measurement_ccd_status
5731,D3324,D,3324,uint16,plc_product_data,1,0,,4,,,measurement_ccd
5732,D3326,D,3326,uint16,plc_product_data,1,0,,4,,,measurement_ccd_r
5733,D3328,D,3328,uint16,plc_product_data,1,0,,4,,,measurement_status
5734,D3330,D,3330,uint16,plc_product_data,1,0,,4,,,measurement_pressure
5735,D3332,D,3332,uint16,plc_product_data,1,0,,4,,,measurement_status
5736,D3334,D,3334,uint16,plc_product_data,1,0,,4,,,measurement_pressure_r
5737,D3336,D,3336,uint16,plc_product_data,1,0,,4,,,measurement_status
5738,D3338,D,3338,uint16,plc_product_data,1,0,,4,,,measurement_op_voltage_r
5739,D3340,D,3340,uint16,plc_product_data,1,0,,4,,,measurement_op_voltage_r
5740,D3342,D,3342,uint16,plc_setting_data,1,0,,4,,,setting_sync_time_r
5741,D3344,D,3344,uint16,plc_product_data,1,0,,4,,,measurement_status
5742,D3346,D,3346,uint16,plc_product_data,1,0,,4,,,judgment_ng_r
5743,D3350,D,3350,uint16,plc_product_data,1,0,,4,,,measurement_status
5744,D3352,D,3352,uint16,plc_product_data,1,0,,4,,,measurement_ccd_status
5745,D3354,D,3354,uint16,plc_product_data,1,0,,4,,,measurement_r_status
5746,D3356,D,3356,uint16,plc_product_data,1,0,,4,,,measurement_status
5747,D3400,D,3400,uint16,plc_product_data,1,0,,4,,,measurement_status
5748,D3402,D,3402,uint16,plc_product_data,1,0,,4,,,measurement_status
5749,D3404,D,3404,uint16,plc_product_data,1,0,,4,,,measurement_l
5750,D3406,D,3406,uint16,plc_product_data,1,0,,4,,,measurement_l
5751,D3408,D,3408,uint16,plc_product_data,1,0,,4,,,measurement_r
5752,D3410,D,3410,uint16,plc_product_data,1,0,,4,,,measurement_r
5753,D3412,D,3412,uint16,plc_product_data,1,0,,4,,,measurement_l_status
5754,D3414,D,3414,uint16,plc_product_data,1,0,,4,,,measurement_pressure
5755,D3416,D,3416,uint16,plc_product_data,1,0,,4,,,measurement_pressure
5756,D3418,D,3418,uint16,plc_product_data,1,0,,4,,,measurement_test_003_height_l_real_distance_004
5757,D3420,D,3420,uint16,plc_product_data,1,0,,4,,,measurement_r
5758,D3422,D,3422,uint16,plc_product_data,1,0,,4,,,measurement_ccd_status
5759,D3424,D,3424,uint16,plc_product_data,1,0,,4,,,measurement_ccd
5760,D3426,D,3426,uint16,plc_product_data,1,0,,4,,,measurement_ccd_r
5761,D3428,D,3428,uint16,plc_product_data,1,0,,4,,,measurement_status
5762,D3430,D,3430,uint16,plc_product_data,1,0,,4,,,measurement_pressure
5763,D3432,D,3432,uint16,plc_product_data,1,0,,4,,,measurement_status
5764,D3434,D,3434,uint16,plc_product_data,1,0,,4,,,measurement_pressure_r
5765,D3436,D,3436,uint16,plc_product_data,1,0,,4,,,measurement_status
5766,D3438,D,3438,uint16,plc_product_data,1,0,,4,,,measurement_op_voltage_r
5767,D3440,D,3440,uint16,plc_product_data,1,0,,4,,,measurement_op_voltage_r
5768,D3442,D,3442,uint16,plc_setting_data,1,0,,4,,,setting_sync_time_r
5769,D3444,D,3444,uint16,plc_product_data,1,0,,4,,,measurement_status
5770,D3446,D,3446,uint16,plc_product_data,1,0,,4,,,judgment_ng_r
5771,D3450,D,3450,uint16,plc_product_data,1,0,,4,,,measurement_status
5772,D3452,D,3452,uint16,plc_product_data,1,0,,4,,,measurement_ccd_status
5773,D3454,D,3454,uint16,plc_product_data,1,0,,4,,,measurement_r_status
5774,D3456,D,3456,uint16,plc_product_data,1,0,,4,,,measurement_status
5775,D3500,D,3500,uint16,plc_product_data,1,0,,4,,,measurement_001_job_idswitch_address
5776,D3502,D,3502,uint16,plc_product_data,1,0,,4,,,measurement_photo_001_a_002_b
5777,D3600,D,3600,uint16,plc_product_data,1,0,,4,,,measurement_001_job_iddisplay
5778,D3606,D,3606,uint16,plc_product_data,1,0,,4,,,measurement_1ok2ng
5779,D3900,D,3900,int32,log,1,0,,,,,log_st2_off_l
5780,D3902,D,3902,int32,log,1,0,,,,,log_test3_height_l
5781,D3904,D,3904,int32,log,1,0,,,,,log_number_h
5782,D3906,D,3906,int32,log,1,0,,,,,log_ok_number_h
5783,D3908,D,3908,int32,log,1,0,,,,,log_ng_number_h
5784,D3910,D,3910,int32,log,1,0,,,,,log_ok
5785,D3912,D,3912,int32,log,1,0,,,,,log_st2_on_l
5786,D3914,D,3914,float32,log,1,0,,,,,log_test2_off_r
5789,D3920,D,3920,float32,log,1,0,,,,,log_test2_off_r
5790,D3922,D,3922,int32,log,1,0,,,,,log_test3_status
5791,D3924,D,3924,float32,log,1,0,,,,,log_test3_status_ccd
5792,D3926,D,3926,float32,log,1,0,,,,,log_test3_leave_l
5793,D3928,D,3928,int32,log,1,0,,,,,log_test3_status_height
5794,D3930,D,3930,float32,log,1,0,,,,,log_test3_height_l
5795,D3932,D,3932,int32,log,1,0,,,,,log_test3_status_ccd
5796,D3934,D,3934,float32,log,1,0,,,,,log_test3_appearance_ccd
5797,D3936,D,3936,int32,log,1,0,,,,,log_date
5798,D3938,D,3938,float32,log,1,0,,,,,log_test3_height_r
5799,D3940,D,3940,float32,log,1,0,,,,,log_test5_status
5800,D3942,D,3942,float32,log,1,0,,,,,log_test5_pressure_l
5801,D3944,D,3944,int32,log,1,0,,,,,log_test6_status
5802,D3946,D,3946,float32,log,1,0,,,,,log_test6_pressure_r
5803,D3950,D,3950,int32,log,1,0,,,,,log_test7_status_open
5804,D3952,D,3952,int32,log,1,0,,,,,log_test7_status_reset
5805,D3954,D,3954,int32,log,1,0,,,,,log_test7_status_time
5806,D3956,D,3956,int32,log,1,0,,,,,log_time
5807,D4000,D,4000,uint16,plc_product_data,1,0,,4,,,measurement_odbus_tcp_processing_id
5808,D4001,D,4001,uint16,plc_product_data,1,0,,4,,,measurement_odbus_tcp_odule_id
5809,D4002,D,4002,uint16,plc_setting_data,1,0,,4,,,setting_odbus_tcp_write_slave_position_001_002_00_004_006
5810,D4003,D,4003,uint16,plc_product_data,1,0,,4,,,measurement_odbus_tcp_write_slave_word_count
5811,D4010,D,4010,uint16,plc_product_data,1,0,,4,,,measurement_noral_return_data_processing_id
5812,D4011,D,4011,uint16,plc_product_data,1,0,,4,,,measurement_noral_return_data_odule_id
5813,D4012,D,4012,uint16,plc_setting_data,1,0,,4,,,setting_noral_return_data_slave_position
5814,D4013,D,4013,uint16,plc_product_data,1,0,,4,,,measurement_noral_return_data_write_slave_word_count
5818,D4030,D,4030,uint16,plc_setting_data,1,0,,4,,,setting_r
5819,D4034,D,4034,uint16,plc_product_data,1,0,,4,,,measurement_closedata_001
5820,D4035,D,4035,uint16,plc_product_data,1,0,,4,,,measurement_closedata_002
5821,D4038,D,4038,uint16,plc_product_data,1,0,,4,,,measurement_opendata_001
5822,D4039,D,4039,uint16,plc_product_data,1,0,,4,,,measurement_opendata_002
5823,D4040,D,4040,uint16,plc_product_data,1,0,,4,,,measurement_address
5824,D4042,D,4042,uint16,plc_product_data,1,0,,4,,,measurement_nuber_001
5825,D4043,D,4043,uint16,plc_product_data,1,0,,4,,,measurement_nuber_002
5826,D4044,D,4044,uint16,plc_product_data,1,0,,4,,,measurement_nuber_003
5827,D4045,D,4045,uint16,plc_product_data,1,0,,4,,,measurement_nuber_004
5828,D4046,D,4046,uint16,plc_product_data,1,0,,4,,,measurement_nuber_005
5829,D4047,D,4047,uint16,plc_product_data,1,0,,4,,,measurement_nuber_006
5830,D4048,D,4048,uint16,plc_product_data,1,0,,4,,,measurement_nuber_007
5831,D4049,D,4049,uint16,plc_product_data,1,0,,4,,,measurement_nuber_008
5832,D4099,D,4099,uint16,plc_product_data,1,0,,4,,,measurement_odbus_tcpsend_data
5833,D4100,D,4100,uint16,plc_product_data,1,0,,4,,,measurement_odbus_tcpsend_dataaddress_001_002_003
5834,D4224,D,4224,uint16,plc_product_data,1,0,,4,,,measurement_end
5835,D4900,D,4900,int32,plc_product_data,1,0,,,,,status_ascll_total_status_lag_ngsave
5836,D4902,D,4902,int32,log,1,0,,,,,log_test2_status_ascll_status_lag_ngsave
5837,D4904,D,4904,int32,log,1,0,,,,,log_test2_on_l_int_llag_ngsave
5838,D4906,D,4906,int32,log,1,0,,,,,log_test2_off_l_int_llag_ngsave
5839,D4908,D,4908,int32,log,1,0,,,,,log_test2_on_r_int_rlag_ngsave
5840,D4910,D,4910,int32,log,1,0,,,,,log_test2_off_r_int_rlag_ngsave
5841,D4912,D,4912,int32,log,1,0,,,,,log_test3_status_leave_ascll_status_lag_ngsave
5842,D4914,D,4914,float32,log,1,0,,,,,log_test3_leave_l_release_force_lag_ngsave
5843,D4916,D,4916,float32,log,1,0,,,,,log_test3_leave_r_release_force_lag_ngsave
5844,D4918,D,4918,float32,log,1,0,,,,,log_test3_height_l_distance_lag_ngsave
5845,D4920,D,4920,float32,log,1,0,,,,,log_test3_height_r_distance_lag_ngsave
5846,D4922,D,4922,int32,log,1,0,,,,,log_test3_appearance_ccd_ascll_status_lag_ngsave
5847,D4924,D,4924,float32,log,1,0,,,,,log_test3_height_l_ccd_distance_lag_ngsave
5848,D4926,D,4926,float32,log,1,0,,,,,log_test3_height_r_ccd_distance_lag_ngsave
5849,D4928,D,4928,int32,log,1,0,,,,,log_test5_status_ascll_status_lag_ngsave
5850,D4930,D,4930,float32,log,1,0,,,,,log_test5_pressure_l_pressure_lag_ngsave
5851,D4932,D,4932,int32,log,1,0,,,,,log_test6_status_ascll_status_lag_ngsave
5852,D4934,D,4934,float32,log,1,0,,,,,log_test6_pressure_r_pressure_lag_ngsave
5853,D4936,D,4936,int32,log,1,0,,,,,log_test7_status_ascll_status_lag_ngsave
5854,D4938,D,4938,float32,log,1,0,,,,,log_test7_openvoltage_action_voltage_lag_ngsave
5855,D4940,D,4940,float32,log,1,0,,,,,log_test7_resetvoltage_action_voltage_lag_ngsave
5856,D4942,D,4942,float32,log,1,0,,,,,log_test7_time_time_lag_ngsave
5857,D4944,D,4944,int32,log,1,0,,,,,log_test8_status_ascll_status_lag_ngsave
5858,D4946,D,4946,float32,log,1,0,,,,,log_test8_ngvoltage_real_ng_voltage_lag_ngsave
5859,D4950,D,4950,int32,log,1,0,,,,,log_test3_status_height_ascll_status_lag_ngsave
5860,D4952,D,4952,int32,log,1,0,,,,,log_test3_status_ccd_ascll_status_lag_ngsave
5861,D4954,D,4954,int32,log,1,0,,,,,log_test7_status_reset_ascll_status_lag_ngsave
5862,D4956,D,4956,int32,log,1,0,,,,,log_test7_status_time_ascll_status_lag_ngsave
5863,D5000,D,5000,uint16,plc_setting_data,1,0,,4,,,setting_st03_updown_save
5864,D6000,D,6000,uint16,plc_setting_data,1,0,,4,,,setting_st03_pressure_save
5865,D7000,D,7000,uint16,plc_setting_data,1,0,,4,,,setting_st03_updown_save
5866,D8000,D,8000,uint16,plc_setting_data,1,0,,4,,,setting_st03_pressure_save
5867,D9000,D,9000,uint16,plc_setting_data,1,0,,4,,,setting_st04_updown_save
5868,D11000,D,11000,uint16,plc_setting_data,1,0,,4,,,setting_st04_pressure_save
5869,D12000,D,12000,uint16,plc_setting_data,1,0,,4,,,setting_st04_updown_save
5870,D13000,D,13000,uint16,plc_setting_data,1,0,,4,,,setting_st04_pressure_save
5875,M11,M,11,bool,plc_product_data,1,0,,,,,status_st01_pick
5876,M12,M,12,bool,plc_product_data,1,0,,,,,status_st01_pick_done
5879,M15,M,15,bool,plc_product_data,1,0,,,,,measurement_st01_pick_stop
5880,M16,M,16,bool,plc_product_data,1,0,,,,,measurement_st01_pick
5881,M17,M,17,bool,plc_product_data,1,0,,,,,status_st01_pick_indicator
5884,M21,M,21,bool,plc_product_data,1,0,,,,,status_st03_pick
5885,M22,M,22,bool,plc_product_data,1,0,,,,,status_st03_pick_done
5888,M25,M,25,bool,plc_product_data,1,0,,,,,measurement_st03_pick_stop
5889,M26,M,26,bool,plc_product_data,1,0,,,,,measurement_st03_pick
5890,M27,M,27,bool,plc_product_data,1,0,,,,,status_st03_pick_indicator
5893,M31,M,31,bool,plc_product_data,1,0,,,,,status_st05_pick
5894,M32,M,32,bool,plc_product_data,1,0,,,,,status_st05_pick_done
5897,M35,M,35,bool,plc_product_data,1,0,,,,,measurement_st05_pick_stop
5898,M36,M,36,bool,plc_product_data,1,0,,,,,measurement_st05_pick
5899,M37,M,37,bool,plc_product_data,1,0,,,,,status_st05_pick_indicator
5901,M41,M,41,bool,plc_product_data,1,0,,,,,status_st09_pick
5902,M42,M,42,bool,plc_product_data,1,0,,,,,status_st09_pick_done
5905,M45,M,45,bool,plc_product_data,1,0,,,,,measurement_st09_pick_stop
5906,M46,M,46,bool,plc_product_data,1,0,,,,,measurement_st09_pick
5907,M47,M,47,bool,plc_product_data,1,0,,,,,status_st09_pick_indicator
5909,M51,M,51,bool,plc_product_data,1,0,,,,,status_st11_origin
5910,M52,M,52,bool,plc_product_data,1,0,,,,,status_st11_origin_done
5913,M55,M,55,bool,plc_product_data,1,0,,,,,measurement_st11_stop_stop
5914,M56,M,56,bool,plc_product_data,1,0,,,,,measurement_st11_servo
5915,M57,M,57,bool,plc_product_data,1,0,,,,,status_st11_origin_indicator
5916,M61,M,61,bool,plc_product_data,1,0,,,,,status_st12_origin
5917,M62,M,62,bool,plc_product_data,1,0,,,,,status_st12_origin_done
5920,M65,M,65,bool,plc_product_data,1,0,,,,,measurement_st12_stop_stop
5921,M66,M,66,bool,plc_product_data,1,0,,,,,measurement_st12_riveting
5922,M67,M,67,bool,plc_product_data,1,0,,,,,status_st12_origin_indicator
5923,M71,M,71,bool,plc_product_data,1,0,,,,,status_st14_pick
5924,M72,M,72,bool,plc_product_data,1,0,,,,,status_st14_pick_done
5927,M75,M,75,bool,plc_product_data,1,0,,,,,measurement_st14_pick_stop
5928,M76,M,76,bool,plc_product_data,1,0,,,,,measurement_st14_pick
5929,M77,M,77,bool,plc_product_data,1,0,,,,,status_st14_pick_indicator
5931,M81,M,81,bool,plc_product_data,1,0,,,,,status_origin
5932,M82,M,82,bool,plc_product_data,1,0,,,,,status_origin_done
5935,M85,M,85,bool,plc_product_data,1,0,,,,,measurement_stop_stop
5936,M86,M,86,bool,plc_product_data,1,0,,,,,measurement_008
5937,M87,M,87,bool,plc_product_data,1,0,,,,,status_origin_indicator
5938,M88,M,88,bool,plc_product_data,1,0,,,,,action_indicator
5939,M89,M,89,bool,plc_product_data,1,0,,,,,action_indicator
5940,M91,M,91,bool,plc_product_data,1,0,,,,,status_st15_pick
5941,M92,M,92,bool,plc_product_data,1,0,,,,,status_st15_pick_done
5944,M95,M,95,bool,plc_product_data,1,0,,,,,measurement_st15_pick_stop
5945,M96,M,96,bool,plc_product_data,1,0,,,,,measurement_st15_pick
5946,M97,M,97,bool,plc_product_data,1,0,,,,,status_st15_pick_indicator
5947,M98,M,98,bool,plc_product_data,1,0,,,,,action_st15_pick_indicator
5948,M99,M,99,bool,plc_product_data,1,0,,,,,action_st15_pick_indicator
5949,M101,M,101,bool,plc_product_data,1,0,,,,,judgment_st06_origin
5950,M102,M,102,bool,plc_product_data,1,0,,,,,judgment_st06_origin_done
5953,M105,M,105,bool,plc_product_data,1,0,,,,,judgment_st06_stop_stop
5954,M106,M,106,bool,plc_product_data,1,0,,,,,judgment_st06_detect
5955,M107,M,107,bool,plc_product_data,1,0,,,,,judgment_st06_origin_indicator
5956,M108,M,108,bool,plc_product_data,1,0,,,,,judgment_st06_detect_indicator
5957,M109,M,109,bool,plc_product_data,1,0,,,,,judgment_st06_detect_indicator
5958,M111,M,111,bool,plc_product_data,1,0,,,,,judgment_st06_origin
5959,M112,M,112,bool,plc_product_data,1,0,,,,,judgment_st06_servo_done
5962,M115,M,115,bool,plc_product_data,1,0,,,,,judgment_st06_stop_stop
5963,M116,M,116,bool,plc_product_data,1,0,,,,,judgment_st06_servo
5964,M117,M,117,bool,plc_product_data,1,0,,,,,judgment_st06_origin_indicator
5965,M118,M,118,bool,plc_product_data,1,0,,,,,judgment_st06_detect_indicator
5966,M119,M,119,bool,plc_product_data,1,0,,,,,judgment_st06_detect_indicator
5967,M121,M,121,bool,plc_product_data,1,0,,,,,judgment_st06_origin
5968,M122,M,122,bool,plc_product_data,1,0,,,,,judgment_st06_origin_done
5971,M125,M,125,bool,plc_product_data,1,0,,,,,judgment_st06_stop_stop
5972,M126,M,126,bool,plc_product_data,1,0,,,,,judgment_st06_detect
5973,M127,M,127,bool,plc_product_data,1,0,,,,,judgment_st06_origin_indicator
5974,M128,M,128,bool,plc_product_data,1,0,,,,,judgment_st06_detect_indicator
5975,M129,M,129,bool,plc_product_data,1,0,,,,,judgment_st06_detect_indicator
5976,M131,M,131,bool,plc_product_data,1,0,,,,,judgment_st10_ng
5977,M132,M,132,bool,plc_product_data,1,0,,,,,judgment_st10_ng_done
5980,M135,M,135,bool,plc_product_data,1,0,,,,,judgment_st10_ng_stop
5981,M136,M,136,bool,plc_product_data,1,0,,,,,judgment_st10_ng
5982,M137,M,137,bool,plc_product_data,1,0,,,,,judgment_st10_ng_indicator
5983,M138,M,138,bool,plc_product_data,1,0,,,,,judgment_st10_ng_indicator
5984,M139,M,139,bool,plc_product_data,1,0,,,,,judgment_st10_ng_indicator
5985,M180,M,180,bool,log,1,0,,,,,log_start
5989,M184,M,184,bool,log,1,0,,,,,log_ng_start
5997,M200,M,200,bool,plc_product_data,1,0,,,,,measurement_turntable
5998,M201,M,201,bool,plc_product_data,1,0,,,,,measurement_turntable
5999,M202,M,202,bool,plc_product_data,1,0,,,,,status_reset_done
6000,M211,M,211,bool,plc_product_data,1,0,,,,,measurement_start
6001,M212,M,212,bool,plc_product_data,1,0,,,,,measurement_done
6002,M222,M,222,bool,plc_product_data,1,0,,,,,measurement_13_ccd2_ok
6003,M223,M,223,bool,plc_product_data,1,0,,,,,measurement_13_ccd2_ng
6004,M500,M,500,bool,plc_setting_data,1,0,,,,,setting_st01_pick_positioning
6005,M501,M,501,bool,plc_setting_data,1,0,,,,,setting_st01_pick_arrived
6006,M502,M,502,bool,plc_product_data,1,0,,,,,status_st01_pick_positioning
6007,M503,M,503,bool,plc_product_data,1,0,,,,,status_st01_pick_arrived
6008,M504,M,504,bool,plc_product_data,1,0,,,,,status_st01_pick_positioning
6009,M505,M,505,bool,plc_product_data,1,0,,,,,status_st01_pick_arrived
6010,M506,M,506,bool,plc_product_data,1,0,,,,,judgment_st01_pick_positioning
6011,M507,M,507,bool,plc_product_data,1,0,,,,,judgment_st01_pick_arrived
6012,M508,M,508,bool,plc_setting_data,1,0,,,,,setting_st01_pick_positioning
6013,M509,M,509,bool,plc_setting_data,1,0,,,,,setting_st01_pick_arrived
6014,M510,M,510,bool,plc_setting_data,1,0,,,,,setting_st01_pick_positioning
6015,M511,M,511,bool,plc_setting_data,1,0,,,,,setting_st01_pick_arrived
6016,M520,M,520,bool,plc_setting_data,1,0,,,,,setting_st03_pick_positioning
6017,M521,M,521,bool,plc_setting_data,1,0,,,,,setting_st03_pick_arrived
6018,M522,M,522,bool,plc_product_data,1,0,,,,,status_st03_pick_positioning
6019,M523,M,523,bool,plc_product_data,1,0,,,,,status_st03_pick_arrived
6020,M524,M,524,bool,plc_product_data,1,0,,,,,status_st03_pick_positioning
6021,M525,M,525,bool,plc_product_data,1,0,,,,,status_st03_pick_arrived
6022,M526,M,526,bool,plc_product_data,1,0,,,,,judgment_st03_pick_positioning
6023,M527,M,527,bool,plc_product_data,1,0,,,,,judgment_st03_pick_arrived
6024,M528,M,528,bool,plc_setting_data,1,0,,,,,setting_st03_pick_positioning
6025,M529,M,529,bool,plc_setting_data,1,0,,,,,setting_st03_pick_arrived
6026,M530,M,530,bool,plc_setting_data,1,0,,,,,setting_st03_pick_positioning
6027,M531,M,531,bool,plc_setting_data,1,0,,,,,setting_st03_pick_arrived
6028,M540,M,540,bool,plc_setting_data,1,0,,,,,setting_st05_pick_positioning
6029,M541,M,541,bool,plc_setting_data,1,0,,,,,setting_st05_pick_arrived
6030,M542,M,542,bool,plc_product_data,1,0,,,,,status_st05_pick_positioning
6031,M543,M,543,bool,plc_product_data,1,0,,,,,status_st05_pick_arrived
6032,M544,M,544,bool,plc_product_data,1,0,,,,,status_st05_pick_positioning
6033,M545,M,545,bool,plc_product_data,1,0,,,,,status_st05_pick_arrived
6034,M546,M,546,bool,plc_product_data,1,0,,,,,judgment_st05_pick_positioning
6035,M547,M,547,bool,plc_product_data,1,0,,,,,judgment_st05_pick_arrived
6036,M548,M,548,bool,plc_setting_data,1,0,,,,,setting_st05_pick_positioning
6037,M549,M,549,bool,plc_setting_data,1,0,,,,,setting_st05_pick_arrived
6038,M550,M,550,bool,plc_setting_data,1,0,,,,,setting_st05_pick_positioning
6039,M551,M,551,bool,plc_setting_data,1,0,,,,,setting_st05_pick_arrived
6040,M560,M,560,bool,plc_setting_data,1,0,,,,,setting_st09_pick_positioning
6041,M561,M,561,bool,plc_setting_data,1,0,,,,,setting_st09_pick_arrived
6042,M562,M,562,bool,plc_product_data,1,0,,,,,status_st09_pick_positioning
6043,M563,M,563,bool,plc_product_data,1,0,,,,,status_st09_pick_arrived
6044,M564,M,564,bool,plc_product_data,1,0,,,,,status_st09_pick_positioning
6045,M565,M,565,bool,plc_product_data,1,0,,,,,status_st09_pick_arrived
6046,M566,M,566,bool,plc_product_data,1,0,,,,,judgment_st09_pick_positioning
6047,M567,M,567,bool,plc_product_data,1,0,,,,,judgment_st09_pick_arrived
6048,M568,M,568,bool,plc_setting_data,1,0,,,,,setting_st09_pick_positioning
6049,M569,M,569,bool,plc_setting_data,1,0,,,,,setting_st09_pick_arrived
6050,M570,M,570,bool,plc_setting_data,1,0,,,,,setting_st09_pick_positioning
6051,M571,M,571,bool,plc_setting_data,1,0,,,,,setting_st09_pick_arrived
6052,M580,M,580,bool,plc_setting_data,1,0,,,,,setting_st11_origin_positioning
6053,M581,M,581,bool,plc_setting_data,1,0,,,,,setting_st11_origin_arrived
6054,M582,M,582,bool,plc_product_data,1,0,,,,,judgment_st11_detect_positioning
6055,M583,M,583,bool,plc_product_data,1,0,,,,,judgment_st11_detect_arrived
6056,M584,M,584,bool,plc_product_data,1,0,,,,,judgment_st11_detect_positioning
6057,M585,M,585,bool,plc_product_data,1,0,,,,,judgment_st11_detect_arrived
6058,M586,M,586,bool,plc_setting_data,1,0,,,,,setting_st11_riveting_positioning
6059,M587,M,587,bool,plc_setting_data,1,0,,,,,setting_st11_riveting_arrived
6060,M588,M,588,bool,plc_setting_data,1,0,,,,,setting_st11_riveting_positioning
6061,M589,M,589,bool,plc_setting_data,1,0,,,,,setting_st11_riveting_arrived
6062,M590,M,590,bool,plc_setting_data,1,0,,,,,setting_st11_riveting_positioning
6063,M591,M,591,bool,plc_setting_data,1,0,,,,,setting_st11_riveting_arrived
6064,M600,M,600,bool,plc_setting_data,1,0,,,,,setting_st12_origin_positioning
6065,M601,M,601,bool,plc_setting_data,1,0,,,,,setting_st12_origin_arrived
6066,M602,M,602,bool,plc_product_data,1,0,,,,,judgment_st12_detect_positioning
6067,M603,M,603,bool,plc_product_data,1,0,,,,,judgment_st12_detect_arrived
6068,M604,M,604,bool,plc_product_data,1,0,,,,,judgment_st12_detect_positioning
6069,M605,M,605,bool,plc_product_data,1,0,,,,,judgment_st12_detect_arrived
6070,M606,M,606,bool,plc_setting_data,1,0,,,,,setting_st12_riveting_positioning
6071,M607,M,607,bool,plc_setting_data,1,0,,,,,setting_st12_riveting_arrived
6072,M608,M,608,bool,plc_setting_data,1,0,,,,,setting_st12_riveting_positioning
6073,M609,M,609,bool,plc_setting_data,1,0,,,,,setting_st12_riveting_arrived
6074,M610,M,610,bool,plc_setting_data,1,0,,,,,setting_st12_riveting_positioning
6075,M611,M,611,bool,plc_setting_data,1,0,,,,,setting_st12_riveting_arrived
6076,M620,M,620,bool,plc_setting_data,1,0,,,,,setting_st14_pick_positioning
6077,M621,M,621,bool,plc_setting_data,1,0,,,,,setting_st14_pick_arrived
6078,M622,M,622,bool,plc_product_data,1,0,,,,,judgment_st14_pick_positioning
6079,M623,M,623,bool,plc_product_data,1,0,,,,,judgment_st14_pick_arrived
6080,M624,M,624,bool,plc_product_data,1,0,,,,,judgment_st14_pick_positioning
6081,M625,M,625,bool,plc_product_data,1,0,,,,,judgment_st14_pick_arrived
6082,M626,M,626,bool,plc_setting_data,1,0,,,,,setting_st14_pick_positioning
6083,M627,M,627,bool,plc_setting_data,1,0,,,,,setting_st14_pick_arrived
6084,M628,M,628,bool,plc_setting_data,1,0,,,,,setting_st14_pick_positioning
6085,M629,M,629,bool,plc_setting_data,1,0,,,,,setting_st14_pick_arrived
6086,M630,M,630,bool,plc_setting_data,1,0,,,,,setting_st14_pick_positioning
6087,M631,M,631,bool,plc_setting_data,1,0,,,,,setting_st14_pick_arrived
6088,M640,M,640,bool,plc_setting_data,1,0,,,,,setting_st14_origin_positioning
6089,M641,M,641,bool,plc_setting_data,1,0,,,,,setting_st14_origin_arrived
6090,M642,M,642,bool,plc_product_data,1,0,,,,,judgment_st14_updown_positioning
6091,M643,M,643,bool,plc_product_data,1,0,,,,,judgment_st14_updown_arrived
6092,M644,M,644,bool,plc_product_data,1,0,,,,,judgment_st14_updown_positioning
6093,M645,M,645,bool,plc_product_data,1,0,,,,,judgment_st14_updown_arrived
6094,M646,M,646,bool,plc_setting_data,1,0,,,,,setting_st14_updown_positioning
6095,M647,M,647,bool,plc_setting_data,1,0,,,,,setting_st14_updown_arrived
6096,M648,M,648,bool,plc_setting_data,1,0,,,,,setting_st14_updown_positioning
6097,M649,M,649,bool,plc_setting_data,1,0,,,,,setting_st14_updown_arrived
6098,M650,M,650,bool,plc_setting_data,1,0,,,,,setting_st14_updown_positioning
6099,M651,M,651,bool,plc_setting_data,1,0,,,,,setting_st14_updown_arrived
6100,M660,M,660,bool,plc_setting_data,1,0,,,,,setting_st15_pick_positioning
6101,M661,M,661,bool,plc_setting_data,1,0,,,,,setting_st15_pick_arrived
6102,M662,M,662,bool,plc_product_data,1,0,,,,,judgment_st15_pick_positioning
6103,M663,M,663,bool,plc_product_data,1,0,,,,,judgment_st15_pick_arrived
6104,M664,M,664,bool,plc_product_data,1,0,,,,,judgment_st15_pick_positioning
6105,M665,M,665,bool,plc_product_data,1,0,,,,,judgment_st15_pick_arrived
6106,M666,M,666,bool,plc_setting_data,1,0,,,,,setting_st15_pick_positioning
6107,M667,M,667,bool,plc_setting_data,1,0,,,,,setting_st15_pick_arrived
6108,M668,M,668,bool,plc_setting_data,1,0,,,,,setting_st15_pick_positioning
6109,M669,M,669,bool,plc_setting_data,1,0,,,,,setting_st15_pick_arrived
6110,M670,M,670,bool,plc_setting_data,1,0,,,,,setting_st15_pick_positioning
6111,M671,M,671,bool,plc_setting_data,1,0,,,,,setting_st15_pick_arrived
6112,M680,M,680,bool,plc_setting_data,1,0,,,,,setting_st06_origin_jig_02_positioning
6113,M681,M,681,bool,plc_setting_data,1,0,,,,,setting_st06_origin_jig_02_arrived
6114,M682,M,682,bool,plc_product_data,1,0,,,,,judgment_st06_detect_jig_02_positioning
6115,M683,M,683,bool,plc_product_data,1,0,,,,,judgment_st06_detect_jig_02_arrived
6116,M684,M,684,bool,plc_product_data,1,0,,,,,judgment_st06_detect_jig_02_positioning
6117,M685,M,685,bool,plc_product_data,1,0,,,,,judgment_st06_detect_jig_02_arrived
6118,M686,M,686,bool,plc_setting_data,1,0,,,,,setting_st06_jig_02_positioning
6119,M687,M,687,bool,plc_setting_data,1,0,,,,,setting_st06_jig_02_arrived
6120,M688,M,688,bool,plc_setting_data,1,0,,,,,setting_st06_jig_02_positioning
6121,M689,M,689,bool,plc_setting_data,1,0,,,,,setting_st06_jig_02_arrived
6122,M690,M,690,bool,plc_setting_data,1,0,,,,,setting_st06_jig_02_positioning
6123,M691,M,691,bool,plc_setting_data,1,0,,,,,setting_st06_jig_02_arrived
6124,M700,M,700,bool,plc_setting_data,1,0,,,,,setting_st06_origin_jig_03_positioning
6125,M701,M,701,bool,plc_setting_data,1,0,,,,,setting_st06_origin_jig_03_arrived
6126,M702,M,702,bool,plc_product_data,1,0,,,,,judgment_st06_detect_jig_03_positioning
6127,M703,M,703,bool,plc_product_data,1,0,,,,,judgment_st06_detect_jig_03_arrived
6128,M704,M,704,bool,plc_product_data,1,0,,,,,judgment_st06_detect_jig_03_positioning
6129,M705,M,705,bool,plc_product_data,1,0,,,,,judgment_st06_detect_jig_03_arrived
6130,M706,M,706,bool,plc_setting_data,1,0,,,,,setting_st06_jig_03_positioning
6131,M707,M,707,bool,plc_setting_data,1,0,,,,,setting_st06_jig_03_arrived
6132,M708,M,708,bool,plc_setting_data,1,0,,,,,setting_st06_jig_03_positioning
6133,M709,M,709,bool,plc_setting_data,1,0,,,,,setting_st06_jig_03_arrived
6134,M710,M,710,bool,plc_setting_data,1,0,,,,,setting_st06_jig_03_positioning
6135,M711,M,711,bool,plc_setting_data,1,0,,,,,setting_st06_jig_03_arrived
6136,M720,M,720,bool,plc_setting_data,1,0,,,,,setting_st06_origin_jig_04_positioning
6137,M721,M,721,bool,plc_setting_data,1,0,,,,,setting_st06_origin_jig_04_arrived
6138,M722,M,722,bool,plc_product_data,1,0,,,,,judgment_st06_detect_jig_04_positioning
6139,M723,M,723,bool,plc_product_data,1,0,,,,,judgment_st06_detect_jig_04_arrived
6140,M724,M,724,bool,plc_product_data,1,0,,,,,judgment_st06_detect_jig_04_positioning
6141,M725,M,725,bool,plc_product_data,1,0,,,,,judgment_st06_detect_jig_04_arrived
6142,M726,M,726,bool,plc_setting_data,1,0,,,,,setting_st06_jig_04_positioning
6143,M727,M,727,bool,plc_setting_data,1,0,,,,,setting_st06_jig_04_arrived
6144,M728,M,728,bool,plc_setting_data,1,0,,,,,setting_st06_jig_04_positioning
6145,M729,M,729,bool,plc_setting_data,1,0,,,,,setting_st06_jig_04_arrived
6146,M730,M,730,bool,plc_setting_data,1,0,,,,,setting_st06_jig_04_positioning
6147,M731,M,731,bool,plc_setting_data,1,0,,,,,setting_st06_jig_04_arrived
6148,M740,M,740,bool,plc_setting_data,1,0,,,,,setting_st10_pick_positioning
6149,M741,M,741,bool,plc_setting_data,1,0,,,,,setting_st10_pick_arrived
6150,M742,M,742,bool,plc_setting_data,1,0,,,,,setting_st10_ccd_positioning
6151,M743,M,743,bool,plc_setting_data,1,0,,,,,setting_st10_ccd_arrived
6152,M744,M,744,bool,plc_product_data,1,0,,,,,judgment_st10_aging_positioning
6153,M745,M,745,bool,plc_product_data,1,0,,,,,judgment_st10_aging_arrived
6154,M746,M,746,bool,plc_product_data,1,0,,,,,judgment_st10_release_force_positioning
6155,M747,M,747,bool,plc_product_data,1,0,,,,,judgment_st10_release_force_arrived
6156,M748,M,748,bool,plc_setting_data,1,0,,,,,setting_st10_ng_positioning
6157,M749,M,749,bool,plc_setting_data,1,0,,,,,setting_st10_ng_arrived
6158,M750,M,750,bool,plc_product_data,1,0,,,,,measurement_st10_pressure_positioning
6159,M751,M,751,bool,plc_product_data,1,0,,,,,measurement_st10_pressure_arrived
6160,M752,M,752,bool,plc_setting_data,1,0,,,,,setting_st10_sync_time_positioning
6161,M753,M,753,bool,plc_setting_data,1,0,,,,,setting_st10_sync_time_arrived
6162,M754,M,754,bool,plc_product_data,1,0,,,,,judgment_st10_op_voltage_positioning
6163,M755,M,755,bool,plc_product_data,1,0,,,,,judgment_st10_op_voltage_arrived
6164,M756,M,756,bool,plc_product_data,1,0,,,,,judgment_st10_rel_voltage_positioning
6165,M757,M,757,bool,plc_product_data,1,0,,,,,judgment_st10_rel_voltage_arrived
6166,M3000,M,3000,bool,plc_product_data,1,0,,,,,measurement_001
6167,M3001,M,3001,bool,plc_product_data,1,0,,,,,measurement_001
6168,M3002,M,3002,bool,plc_product_data,1,0,,,,,measurement_001
6169,M3003,M,3003,bool,plc_product_data,1,0,,,,,measurement_001
6170,M3004,M,3004,bool,plc_product_data,1,0,,,,,measurement_001
6171,M3007,M,3007,bool,plc_setting_data,1,0,,,,,setting_001_set
6172,M3016,M,3016,bool,plc_setting_data,1,0,,,,,setting_001_setdata
6174,M3019,M,3019,bool,plc_product_data,1,0,,,,,measurement_photo
6175,M3024,M,3024,bool,plc_product_data,1,0,,,,,measurement_001_00
6176,M3100,M,3100,bool,plc_product_data,1,0,,,,,measurement_status
6177,M3101,M,3101,bool,plc_product_data,1,0,,,,,measurement_status
6178,M3103,M,3103,bool,plc_product_data,1,0,,,,,measurement_status
6179,M3107,M,3107,bool,plc_product_data,1,0,,,,,measurement_status
6180,M3109,M,3109,bool,plc_product_data,1,0,,,,,judgment_detect_status
6181,M3111,M,3111,bool,plc_product_data,1,0,,,,,measurement_status
6182,M3112,M,3112,bool,plc_product_data,1,0,,,,,measurement_status
6183,M3113,M,3113,bool,plc_product_data,1,0,,,,,measurement_status
6184,M3114,M,3114,bool,plc_product_data,1,0,,,,,measurement_status
6186,M3116,M,3116,bool,plc_setting_data,1,0,,,,,setting_status
6187,M3119,M,3119,bool,plc_product_data,1,0,,,,,measurement_status
6188,L0,L,0,bool,plc_product_data,1,0,,,,,measurement_st09
6191,L10,L,10,bool,plc_product_data,1,0,,,,,measurement_reset
6193,L27,L,27,bool,plc_product_data,1,0,,,,,measurement_st17_reset
6194,L28,L,28,bool,plc_product_data,1,0,,,,,measurement_st18_reset
6195,L29,L,29,bool,plc_product_data,1,0,,,,,measurement_st19_reset
6196,L50,L,50,bool,plc_product_data,1,0,,,,,action_reset_done
6198,L67,L,67,bool,plc_product_data,1,0,,,,,action_st17_reset_done
6199,L68,L,68,bool,plc_product_data,1,0,,,,,action_st18_reset_done
6200,L69,L,69,bool,plc_product_data,1,0,,,,,action_st19_reset_done
6204,L137,L,137,bool,plc_product_data,1,0,,,,,status_st17_origin
6205,L138,L,138,bool,plc_product_data,1,0,,,,,status_st18_origin
6206,L139,L,139,bool,plc_product_data,1,0,,,,,status_st19_origin
6207,L157,L,157,bool,plc_product_data,1,0,,,,,status_st17_active
6208,L158,L,158,bool,plc_product_data,1,0,,,,,status_st18_active
6209,L159,L,159,bool,plc_product_data,1,0,,,,,status_st19_active
6210,L177,L,177,bool,plc_product_data,1,0,,,,,status_st17
6211,L178,L,178,bool,plc_product_data,1,0,,,,,status_st18
6212,L179,L,179,bool,plc_product_data,1,0,,,,,status_st19
6242,L401,L,401,bool,plc_product_data,1,0,,,,,measurement_st01_feed
6243,L402,L,402,bool,plc_product_data,1,0,,,,,measurement_st01_pick
6244,L403,L,403,bool,plc_product_data,1,0,,,,,measurement_st01_pick
6245,L404,L,404,bool,plc_product_data,1,0,,,,,measurement_st01_pick_jig_01
6246,L405,L,405,bool,plc_product_data,1,0,,,,,measurement_st01_pick_jig_02
6247,L406,L,406,bool,plc_product_data,1,0,,,,,measurement_st03_feed
6248,L407,L,407,bool,plc_product_data,1,0,,,,,measurement_st03_pick
6249,L408,L,408,bool,plc_product_data,1,0,,,,,measurement_st03_pick
6250,L409,L,409,bool,plc_product_data,1,0,,,,,measurement_st03_pick_jig_01
6251,L410,L,410,bool,plc_product_data,1,0,,,,,measurement_st03_pick_jig_02
6252,L411,L,411,bool,plc_product_data,1,0,,,,,judgment_st04_updown
6253,L412,L,412,bool,plc_product_data,1,0,,,,,measurement_st05_feed
6254,L413,L,413,bool,plc_product_data,1,0,,,,,measurement_st05
6255,L414,L,414,bool,plc_product_data,1,0,,,,,measurement_st05
6256,L415,L,415,bool,plc_product_data,1,0,,,,,measurement_st05_clamp_jig_01
6257,L416,L,416,bool,plc_product_data,1,0,,,,,measurement_st05
6258,L417,L,417,bool,plc_product_data,1,0,,,,,measurement_st05_clamp_jig_02
6259,L418,L,418,bool,plc_product_data,1,0,,,,,measurement_st05_pick_jig_01
6260,L419,L,419,bool,plc_product_data,1,0,,,,,measurement_st05_pick_jig_02
6261,L420,L,420,bool,plc_product_data,1,0,,,,,measurement_st05_rotary
6262,L421,L,421,bool,plc_product_data,1,0,,,,,measurement_st05_rotary
6263,L422,L,422,bool,plc_product_data,1,0,,,,,measurement_st05_clamp_jig_01
6264,L423,L,423,bool,plc_product_data,1,0,,,,,measurement_st05_clamp_jig_02
6265,L424,L,424,bool,plc_product_data,1,0,,,,,measurement_st05
6266,L425,L,425,bool,plc_product_data,1,0,,,,,judgment_st06_updown
6267,L426,L,426,bool,plc_product_data,1,0,,,,,judgment_st06_updown
6268,L427,L,427,bool,plc_product_data,1,0,,,,,measurement_st09_feed
6269,L428,L,428,bool,plc_product_data,1,0,,,,,measurement_st09
6270,L429,L,429,bool,plc_product_data,1,0,,,,,measurement_st09
6271,L430,L,430,bool,plc_product_data,1,0,,,,,measurement_st09
6272,L431,L,431,bool,plc_product_data,1,0,,,,,measurement_st09_pick
6273,L432,L,432,bool,plc_product_data,1,0,,,,,measurement_st09_pick
6274,L433,L,433,bool,plc_product_data,1,0,,,,,measurement_st09_pick
6275,L434,L,434,bool,plc_product_data,1,0,,,,,measurement_st09_pick
6276,L435,L,435,bool,plc_product_data,1,0,,,,,measurement_st09_rotary
6277,L436,L,436,bool,plc_product_data,1,0,,,,,measurement_st09_rotary
6278,L437,L,437,bool,plc_product_data,1,0,,,,,measurement_st09_clamp_jig_01
6279,L438,L,438,bool,plc_product_data,1,0,,,,,measurement_st09_clamp_jig_02
6280,L439,L,439,bool,plc_product_data,1,0,,,,,measurement_st09
6281,L440,L,440,bool,plc_product_data,1,0,,,,,measurement_st10
6282,L441,L,441,bool,plc_product_data,1,0,,,,,judgment_st10_updown
6283,L442,L,442,bool,plc_product_data,1,0,,,,,measurement_st13
6284,L443,L,443,bool,plc_product_data,1,0,,,,,measurement_13_ccd
6285,L444,L,444,bool,plc_product_data,1,0,,,,,measurement_st14
6286,L445,L,445,bool,plc_product_data,1,0,,,,,measurement_st14_pick
6287,L446,L,446,bool,plc_product_data,1,0,,,,,measurement_st14_pick_jig_01
6288,L447,L,447,bool,plc_product_data,1,0,,,,,measurement_st14_pick_jig_02
6289,L448,L,448,bool,plc_product_data,1,0,,,,,measurement_st14_updown
6290,L449,L,449,bool,plc_product_data,1,0,,,,,measurement_st14_clamp_jig_01
6291,L450,L,450,bool,plc_product_data,1,0,,,,,measurement_st14_clamp_jig_02
6292,L451,L,451,bool,plc_product_data,1,0,,,,,measurement_st14_rotary
6293,L452,L,452,bool,plc_product_data,1,0,,,,,measurement_st14_rotary
6294,L453,L,453,bool,plc_product_data,1,0,,,,,measurement_st14
6295,L454,L,454,bool,plc_product_data,1,0,,,,,measurement_st14_push
6296,L455,L,455,bool,plc_product_data,1,0,,,,,measurement_st14_distribute
6297,L456,L,456,bool,plc_product_data,1,0,,,,,measurement_st15
6298,L457,L,457,bool,plc_product_data,1,0,,,,,measurement_st15_lateral
6299,L458,L,458,bool,plc_product_data,1,0,,,,,measurement_st15_updown
6300,L459,L,459,bool,plc_product_data,1,0,,,,,measurement_st15_clamp_jig_01
6301,L460,L,460,bool,plc_product_data,1,0,,,,,measurement_st15_clamp_jig_02
6302,L461,L,461,bool,plc_product_data,1,0,,,,,measurement_st16_updown
6303,L462,L,462,bool,plc_product_data,1,0,,,,,measurement_st16
6304,L465,L,465,bool,plc_product_data,1,0,,,,,measurement_st09_vacuum
6305,L466,L,466,bool,plc_product_data,1,0,,,,,measurement_st09_vacuum
6306,L467,L,467,bool,plc_product_data,1,0,,,,,measurement_st10_fwdback
6307,L470,L,470,bool,plc_product_data,1,0,,,,,measurement_st05_feed
6308,L471,L,471,bool,plc_product_data,1,0,,,,,measurement_st05_feed
6309,L472,L,472,bool,plc_product_data,1,0,,,,,measurement_st09_feed
6310,L473,L,473,bool,plc_product_data,1,0,,,,,measurement_st09_feed
6549,L1001,L,1001,bool,plc_product_data,1,0,,,,,measurement_point
6550,L1002,L,1002,bool,plc_product_data,1,0,,,,,measurement_reset
6551,L1003,L,1003,bool,plc_product_data,1,0,,,,,measurement_end
6553,L1005,L,1005,bool,plc_product_data,1,0,,,,,measurement_auto
6554,L1007,L,1007,bool,plc_product_data,1,0,,,,,status_start_auto
6556,L1009,L,1009,bool,plc_product_data,1,0,,,,,measurement_reset
6561,L1100,L,1100,bool,plc_product_data,1,0,,,,,status_auto
6563,L1117,L,1117,bool,plc_product_data,1,0,,,,,status_st17_auto
6564,L1118,L,1118,bool,plc_product_data,1,0,,,,,status_st18_auto
6565,L1119,L,1119,bool,plc_product_data,1,0,,,,,status_st19_auto
6566,L1120,L,1120,bool,plc_product_data,1,0,,,,,status_st20_auto
6567,L1121,L,1121,bool,plc_product_data,1,0,,,,,status_st21_auto
6568,L1122,L,1122,bool,plc_product_data,1,0,,,,,status_st22_auto
6569,L1123,L,1123,bool,plc_product_data,1,0,,,,,status_st23_auto
6570,L1124,L,1124,bool,plc_product_data,1,0,,,,,status_st24_auto
6571,L1125,L,1125,bool,plc_product_data,1,0,,,,,status_st25_auto
6572,L1126,L,1126,bool,plc_product_data,1,0,,,,,status_st26_auto
6573,L1127,L,1127,bool,plc_product_data,1,0,,,,,status_st27_auto
6574,L1128,L,1128,bool,plc_product_data,1,0,,,,,status_st28_auto
6575,L1129,L,1129,bool,plc_product_data,1,0,,,,,status_st29_auto
6576,L1130,L,1130,bool,plc_product_data,1,0,,,,,status_st30_auto
6577,L1131,L,1131,bool,plc_product_data,1,0,,,,,status_st31_auto
6578,L1152,L,1152,bool,plc_product_data,1,0,,,,,status_st02_mask
6579,L1157,L,1157,bool,plc_product_data,1,0,,,,,status_st07_mask
6580,L1158,L,1158,bool,plc_product_data,1,0,,,,,status_st08_mask
6582,L1216,L,1216,bool,plc_product_data,1,0,,,,,measurement_st14_mask
6587,L1254,L,1254,bool,plc_product_data,1,0,,,,,measurement_safety_door_mask
