tag_id,tag_name,memory,address,data_type,collection_group,scale,offset,decimals,word_length,format,unit,description
181,D210,D,210,uint32,plc_data,1,0,,8,,,총 생산량
176,D200,D,200,uint32,plc_data,1,0,,8,,,생산수량
175,D1244,D,1244,float32,plc_data,1,0,1,,,,직행율
177,D1242,D,1242,uint32,plc_data,1,0,,8,,,OK 수량_PCS
178,D1258,D,1258,uint32,plc_data,1,0,,8,,,NG 수량_PCS
184,D216,D,216,uint32,plc_data,0.1,0,,5,,,사이클 시간
1000,Y401,Y,401,bool,plc_data,1,0,,,,,자동 선택 표시 등
1001,Y402,Y,402,bool,plc_data,1,0,,,,,표시등을 수동으로 선택
1002,Y403,Y,403,bool,plc_data,1,0,,,,,자동 시작 표시등
1003,Y404,Y,404,bool,plc_data,1,0,,,,,자동 정지 표시등
1004,Y405,Y,405,bool,plc_data,1,0,,,,,재설정 표시등
1005,Y406,Y,406,bool,plc_data,1,0,,,,,알람 해제 표시등
1006,Y407,Y,407,bool,plc_data,1,0,,,,,사이클 시작 표시등
1007,Y408,Y,408,bool,plc_data,1,0,,,,,실린더 작동 표시 등
1008,Y409,Y,409,bool,plc_data,1,0,,,,,실린더 재설정 표시등
1009,Y40A,Y,40A,bool,plc_data,1,0,,,,,잔여물 처리 표시등
1010,Y40C,Y,40C,bool,tl_data,1,0,,,,,TL_RED
1011,Y40D,Y,40D,bool,tl_data,1,0,,,,,TL_Green
1012,Y40E,Y,40E,bool,tl_data,1,0,,,,,TL_Yellow
3000,M180,M,180,bool,log,1,0,,,,,Log1(R9500-R9842)
3001,R9514,R,9514,float32,log,1,0,1,,,,Coil_ST1
3002,R9522,R,9522,float32,log,1,0,1,,,,OP_L_ST1
3003,R9524,R,9524,float32,log,1,0,1,,,,OP_R_ST1
3004,R9528,R,9528,float32,log,1,0,1,,,,REL_L_ST1
3005,R9530,R,9530,float32,log,1,0,1,,,,REL_R_ST1
3006,R9534,R,9534,float32,log,1,0,0,,,,Time_ST1
3007,R9540,R,9540,float32,log,1,0,1,,,,R_L_ST1
3008,R9542,R,9542,float32,log,1,0,1,,,,R_R_ST1
3009,R9500,R,9500,string,log,1,0,,2,,,Sta_ST1
3010,R9614,R,9614,float32,log,1,0,1,,,,Coil_ST2
3011,R9622,R,9622,float32,log,1,0,1,,,,OP_L_ST2
3012,R9624,R,9624,float32,log,1,0,1,,,,OP_R_ST2
3013,R9628,R,9628,float32,log,1,0,1,,,,REL_L_ST2
3014,R9630,R,9630,float32,log,1,0,1,,,,REL_R_ST2
3015,R9634,R,9634,float32,log,1,0,0,,,,Time_ST2
3016,R9640,R,9640,float32,log,1,0,1,,,,R_L_ST2
3017,R9642,R,9642,float32,log,1,0,1,,,,R_R_ST2
3018,R9600,R,9600,string,log,1,0,,2,,,Sta_ST2
3019,R9714,R,9714,float32,log,1,0,1,,,,Coil_ST3
3020,R9722,R,9722,float32,log,1,0,1,,,,OP_L_ST3
3021,R9724,R,9724,float32,log,1,0,1,,,,OP_R_ST3
3022,R9728,R,9728,float32,log,1,0,1,,,,REL_L_ST3
3023,R9730,R,9730,float32,log,1,0,1,,,,REL_R_ST3
3024,R9734,R,9734,float32,log,1,0,0,,,,Time_ST3
3025,R9740,R,9740,float32,log,1,0,1,,,,R_L_ST3
3026,R9742,R,9742,float32,log,1,0,1,,,,R_R_ST3
3027,R9700,R,9700,string,log,1,0,,2,,,Sta_ST3
3028,R9814,R,9814,float32,log,1,0,1,,,,Coil_ST4
3029,R9822,R,9822,float32,log,1,0,1,,,,OP_L_ST4
3030,R9824,R,9824,float32,log,1,0,1,,,,OP_R_ST4
3031,R9828,R,9828,float32,log,1,0,1,,,,REL_L_ST4
3032,R9830,R,9830,float32,log,1,0,1,,,,REL_R_ST4
3033,R9834,R,9834,float32,log,1,0,0,,,,Time_ST4
3034,R9840,R,9840,float32,log,1,0,1,,,,R_L_ST4
3035,R9842,R,9842,float32,log,1,0,1,,,,R_R_ST4
3036,R9800,R,9800,string,log,1,0,,2,,,Sta_ST4
3037,M188,M,188,bool,log,1,0,,,,,Log3(D360-D368)
3038,D360,D,360,uint32,log,1,0,0,,,,Number/h
3039,D362,D,362,uint32,log,1,0,0,,,,OK_Number/h
3040,D364,D,364,uint32,log,1,0,0,,,,NG_Number/h
3041,D366,D,366,float32,log,1,0,2,,,,OK/%
3042,D368,D,368,float32,log,1,0,2,,,,NG/%
2000,L2001,L,2001,bool,alm,1,0,,,,,1#위치 분활 실린더 수동 미환원
2001,L2002,L,2002,bool,alm,1,0,,,,,1#자재 밀기 실린더 수동 미환원
2002,L2003,L,2003,bool,alm,1,0,,,,,3#납 뽑기 상하 실린더 수동 미환원
2003,L2004,L,2004,bool,alm,1,0,,,,,3#납 뽑기 상하 실린더 수동 미환원
2004,L2005,L,2005,bool,alm,1,0,,,,,3#납 면 감지 상하 실린더 수동 미환원
2005,L2006,L,2006,bool,alm,1,0,,,,,자재 투입 서보 상하 실린더 수동 미환원
2006,L2007,L,2007,bool,alm,1,0,,,,,자재 피킹 서보 전후 실린더 수동 미환원
2007,L2008,L,2008,bool,alm,1,0,,,,,4#리벳팅 상하 실린더 수동 미환원
2008,L2009,L,2009,bool,alm,1,0,,,,,2#FLUX 실린더 수동미환원
2069,L3001,L,3001,bool,alm,1,0,,,,,1# 위치 분활 실린더 이상
2070,L3002,L,3002,bool,alm,1,0,,,,,1# 자재 밀어내기 실린더 이상
2071,L3003,L,3003,bool,alm,1,0,,,,,3#납 뽑기 상하 실린더 이상
2072,L3004,L,3004,bool,alm,1,0,,,,,3#납 뽑기 전후 실린더 이상
2073,L3005,L,3005,bool,alm,1,0,,,,,3#납 면 감지 상하 실린더 이상
2074,L3006,L,3006,bool,alm,1,0,,,,,자재 투입 서보 상하 실린더 이상
2075,L3007,L,3007,bool,alm,1,0,,,,,자재 피킹서보 전후 실린더 이상
2076,L3008,L,3008,bool,alm,1,0,,,,,4#리벳팅 상하실린더 이상
2077,L3009,L,3009,bool,alm,1,0,,,,,2#FLUX 실린더 이상
2139,L800,L,800,bool,alm,1,0,,,,,리셋 시간 초과
2162,L823,L,823,bool,alm,1,0,,,,,위치 결정 모듈 1 고장
2163,L824,L,824,bool,alm,1,0,,,,,위치 결정 모듈 2 고장
2164,L825,L,825,bool,alm,1,0,,,,,위치 결정 모듈 3 고장
2165,L826,L,826,bool,alm,1,0,,,,,위치 결정 모듈 4 고장
2166,L827,L,827,bool,alm,1,0,,,,,위치 결정 모듈 5 고장
2167,L828,L,828,bool,alm,1,0,,,,,위치 결정 모듈 6 고장
2168,L829,L,829,bool,alm,1,0,,,,,위치 결정 모듈 7 고장
2169,L830,L,830,bool,alm,1,0,,,,,ST0 유닛 복귀 시간 초과
2170,L831,L,831,bool,alm,1,0,,,,,ST1 유닛 복귀 시간 초과
2171,L832,L,832,bool,alm,1,0,,,,,ST2 유닛 복귀 시간 초과
2172,L833,L,833,bool,alm,1,0,,,,,ST3 유닛 복귀 시간 초과
2173,L834,L,834,bool,alm,1,0,,,,,ST4 유닛 복귀 시간 초과
2179,L840,L,840,bool,alm,1,0,,,,,열리벳 공정에서 완료하지 않았습니다. 제품을 가져가고 기억을 지워주세요.
2199,L860,L,860,bool,alm,1,0,,,,,저기압 알람
2200,L861,L,861,bool,alm,1,0,,,,,자재 투입 좌우 서보 알람
2201,L862,L,862,bool,alm,1,0,,,,,자재 투입 상하 서보 알람
2202,L863,L,863,bool,alm,1,0,,,,,자재 피킹 서보 알람
2220,L881,L,881,bool,alm,1,0,,,,,자재 투입 좌우 서보 마이너스 리미트 이상
2221,L882,L,882,bool,alm,1,0,,,,,자재 투입 상하 서보 마이너스 리미트 이상
2222,L883,L,883,bool,alm,1,0,,,,,자재 피킹 서보 마이너스 리미트 이상
2240,L901,L,901,bool,alm,1,0,,,,,자재 투입 좌우 서보 플러스 리미트 이상
2241,L902,L,902,bool,alm,1,0,,,,,자재 투입 상하 서보 플러스 리미트 이상
2242,L903,L,903,bool,alm,1,0,,,,,자재 피킹 서보 플러스 리미트 이상
2330,L991,L,991,bool,alm,1,0,,,,,급정지가 눌러져 있음
2331,L992,L,992,bool,alm,1,0,,,,,일시정지 버튼이 눌려져 있음
2332,L993,L,993,bool,alm,1,0,,,,,안전문이 이미 열렸습니다.
2333,L994,L,994,bool,alm,1,0,,,,,에어 공급원  열리지 않음
2339,L700,L,700,bool,alm,1,0,,,,,리셋  되지 않음
2340,L701,L,701,bool,alm,1,0,,,,,3#상하 서보 1 원점으로 돌아가지 않았습니다
2341,L702,L,702,bool,alm,1,0,,,,,3#상하 서보 2 원점으로 돌아가지 않았습니다
2342,L703,L,703,bool,alm,1,0,,,,,4#상하 서보 1 원점으로 돌아가지 않았습니다
2350,L711,L,711,bool,alm,1,0,,,,,건조기 히터 1 단선
2351,L712,L,712,bool,alm,1,0,,,,,건조기 히터 2 단선
2352,L713,L,713,bool,alm,1,0,,,,,건조기 히터 3 단선
2353,L714,L,714,bool,alm,1,0,,,,,건조기 히터 4 단선
2354,L715,L,715,bool,alm,1,0,,,,,건조기 히터5 단선
2355,L716,L,716,bool,alm,1,0,,,,,건조기 히터 6 단선
2356,L717,L,717,bool,alm,1,0,,,,,건조기 히터 7 단선
2357,L718,L,718,bool,alm,1,0,,,,,건조기 히터 8 단선
2360,L721,L,721,bool,alm,1,0,,,,,안전문 1 열림
2361,L722,L,722,bool,alm,1,0,,,,,안전문 2 열림
2362,L723,L,723,bool,alm,1,0,,,,,안전문 3 열림
2363,L724,L,724,bool,alm,1,0,,,,,안전문 4 열림
2364,L725,L,725,bool,alm,1,0,,,,,안전문 5 열림
2365,L726,L,726,bool,alm,1,0,,,,,안전문 6 열림
2369,L730,L,730,bool,alm,1,0,,,,,4#출고직진척
2370,L731,L,731,bool,alm,1,0,,,,,핫 리벳 히터 1 단선
2371,L732,L,732,bool,alm,1,0,,,,,핫 리벳 히터 2 단선
2372,L733,L,733,bool,alm,1,0,,,,,핫 리벳 히터 3 단선
2373,L734,L,734,bool,alm,1,0,,,,,핫 리벳 히터 4 단선
2374,L735,L,735,bool,alm,1,0,,,,,핫 리벳 히터 5 단선
2375,L736,L,736,bool,alm,1,0,,,,,핫 리벳 히터 6 단선
2419,L783,L,783,bool,alm,1,0,,,,,2#모타 회전 신호를 찾지 못합니다
2420,L784,L,784,bool,alm,1,0,,,,,3#납 추가중입니다
2421,L785,L,785,bool,alm,1,0,,,,,3#납 추가 시간 초과하였습니다. 검사하기 바랍니다
2422,L786,L,786,bool,alm,1,0,,,,,2#FLUX가 부적합니다 추가해 주십시요
2423,L787,L,787,bool,alm,1,0,,,,,4#온도 도달하기를 기다립니다
2424,L788,L,788,bool,alm,1,0,,,,,4#온도 너무 놉습니다
2425,L790,L,790,bool,alm,1,0,,,,,1#자재 부족
2427,L792,L,792,bool,alm,1,0,,,,,3#온도 도달하기를 기다립니다
2428,L793,L,793,bool,alm,1,0,,,,,3#온도 너무 놉습니다
2435,L700,L,700,bool,action,1,0,,,,,리셋  되지 않음
2436,L701,L,701,bool,action,1,0,,,,,3#상하 서보 1 원점으로 돌아가지 않았습니다
2437,L702,L,702,bool,action,1,0,,,,,3#상하 서보 2 원점으로 돌아가지 않았습니다
2438,L703,L,703,bool,action,1,0,,,,,4#상하 서보 1 원점으로 돌아가지 않았습니다
2446,L711,L,711,bool,action,1,0,,,,,건조기 히터 1 단선
2447,L712,L,712,bool,action,1,0,,,,,건조기 히터 2 단선
2448,L713,L,713,bool,action,1,0,,,,,건조기 히터 3 단선
2449,L714,L,714,bool,action,1,0,,,,,건조기 히터 4 단선
2450,L715,L,715,bool,action,1,0,,,,,건조기 히터5 단선
2451,L716,L,716,bool,action,1,0,,,,,건조기 히터 6 단선
2452,L717,L,717,bool,action,1,0,,,,,건조기 히터 7 단선
2453,L718,L,718,bool,action,1,0,,,,,건조기 히터 8 단선
2456,L721,L,721,bool,action,1,0,,,,,안전문 1 열림
2457,L722,L,722,bool,action,1,0,,,,,안전문 2 열림
2458,L723,L,723,bool,action,1,0,,,,,안전문 3 열림
2459,L724,L,724,bool,action,1,0,,,,,안전문 4 열림
2460,L725,L,725,bool,action,1,0,,,,,안전문 5 열림
2461,L726,L,726,bool,action,1,0,,,,,안전문 6 열림
2465,L730,L,730,bool,action,1,0,,,,,4#출고직진척
2466,L731,L,731,bool,action,1,0,,,,,핫 리벳 히터 1 단선
2467,L732,L,732,bool,action,1,0,,,,,핫 리벳 히터 2 단선
2468,L733,L,733,bool,action,1,0,,,,,핫 리벳 히터 3 단선
2469,L734,L,734,bool,action,1,0,,,,,핫 리벳 히터 4 단선
2470,L735,L,735,bool,action,1,0,,,,,핫 리벳 히터 5 단선
2471,L736,L,736,bool,action,1,0,,,,,핫 리벳 히터 6 단선
2515,L783,L,783,bool,action,1,0,,,,,2#모타 회전 신호를 찾지 못합니다
2516,L784,L,784,bool,action,1,0,,,,,3#납 추가중입니다
2517,L785,L,785,bool,action,1,0,,,,,3#납 추가 시간 초과하였습니다  검사하기 바랍니다
2518,L786,L,786,bool,action,1,0,,,,,2#FLUX가 부적합니다 추가해 주십시요
2519,L787,L,787,bool,action,1,0,,,,,4#온도 도달하기를 기다립니다
2520,L788,L,788,bool,action,1,0,,,,,4#온도 너무 놉습니다
2521,L790,L,790,bool,action,1,0,,,,,1#자재 부족
2523,L792,L,792,bool,action,1,0,,,,,3#온도 도달하기를 기다립니다
2524,L793,L,793,bool,action,1,0,,,,,3#온도 너무 놉습니다
2531,L780,L,780,bool,action,1,0,,,,,1#자재 도착하기를 기다립니다
2532,L781,L,781,bool,action,1,0,,,,,1#자재 만재 되기를 기다립니다
2533,L782,L,782,bool,action,1,0,,,,,2#자재 제 위치에 도착하기를 기다립니다
2534,L789,L,789,bool,action,1,0,,,,,4#자재 피킹 이미 만재 되였습니다
5000,D100,D,100,int16,plc_product_data,1,0,,4,,,status_line_current_model
5001,D202,D,202,uint32,plc_product_data,1,0,,8,,,judgment_line_good_count
5002,D204,D,204,uint32,plc_product_data,1,0,,8,,,judgment_line_ng_count
5003,D1240,D,1240,uint32,plc_product_data,1,0,,6,,,counter_line_total_input
5004,D1250,D,1250,uint32,plc_product_data,1,0,,6,,,counter_line_aging_ng_total
5005,D1252,D,1252,uint32,plc_product_data,1,0,,6,,,counter_line_coil_resistance_ng_total
5006,D1254,D,1254,uint32,plc_product_data,1,0,,6,,,counter_line_dielectric_com_m_ng_total
5007,D1256,D,1256,uint32,plc_product_data,1,0,,6,,,counter_line_dielectric_coil_m_ng_total
5008,D1262,D,1262,uint32,plc_product_data,1,0,,6,,,counter_line_contact_resistance_ng_total
5009,D1272,D,1272,float32,plc_product_data,1,0,2,,,,counter_line_sync_time_ng
5010,D1274,D,1274,float32,plc_product_data,1,0,2,,,,measurement_line_characteristic_op_ng_rate
5011,D1276,D,1276,float32,plc_product_data,1,0,2,,,,measurement_line_characteristic_nop_ng_rate
5012,D1278,D,1278,float32,plc_product_data,1,0,2,,,,measurement_line_characteristic_hold_ng_rate
5013,D1280,D,1280,float32,plc_product_data,1,0,2,,,,measurement_line_aging_ng_rate
5014,D1282,D,1282,float32,plc_product_data,1,0,2,,,,measurement_line_coil_resistance_ng_rate
5015,D1284,D,1284,float32,plc_product_data,1,0,2,,,,measurement_line_dielectric_com_m_ng_rate
5016,D1286,D,1286,float32,plc_product_data,1,0,2,,,,measurement_line_dielectric_coil_m_ng_rate
5017,D1292,D,1292,float32,plc_product_data,1,0,2,,,,measurement_line_contact_resistance_ng_rate
5018,D1294,D,1294,float32,plc_product_data,1,0,2,,,,measurement_line_characteristic_rel_ng_rate
5019,D1296,D,1296,float32,plc_product_data,1,0,2,,,,measurement_line_sync_time_ng_rate
5020,D1300,D,1300,string,plc_product_data,1,0,,10,,,status_line_model_01_name
5021,D1320,D,1320,uint32,plc_setting_data,1,0,,6,,,setting_line_aging_ng_alarm_threshold
5022,D1322,D,1322,uint32,plc_setting_data,1,0,,6,,,setting_line_coil_resistance_ng_alarm_threshold
5023,D1324,D,1324,uint32,plc_setting_data,1,0,,6,,,setting_line_terminal_dielectric_ng_alarm_threshold
5024,D1326,D,1326,uint32,plc_setting_data,1,0,,6,,,setting_line_coil_dielectric_ng_alarm_threshold
5025,D1332,D,1332,uint32,plc_setting_data,1,0,,6,,,setting_line_contact_resistance_ng_alarm_threshold
5026,D2000,D,2000,uint32,plc_product_data,1,0,,6,,,judgment_aging_jig_01_result
5027,D2074,D,2074,uint32,plc_setting_data,1,0,,6,,,setting_line_test01_ng_repeat_count
5028,D2078,D,2078,uint16,plc_setting_data,1,0,,4,,,setting_line_test01_on_delay_ms
5029,D2080,D,2080,uint16,plc_setting_data,1,0,,4,,,setting_line_test01_off_delay_ms
5030,D2100,D,2100,uint32,plc_product_data,1,0,,6,,,judgment_coil_resistance_jig_01_result
5031,D2102,D,2102,uint32,plc_product_data,1,0,,6,,,judgment_coil_resistance_jig_02_result
5032,D2104,D,2104,uint32,plc_product_data,1,0,,6,,,judgment_coil_resistance_jig_03_result
5033,D2106,D,2106,uint32,plc_product_data,1,0,,6,,,judgment_coil_resistance_jig_04_result
5034,D2110,D,2110,float32,plc_product_data,1,0,2,,,,measurement_coil_resistance_jig_01_ohm
5035,D2112,D,2112,float32,plc_product_data,1,0,2,,,,measurement_coil_resistance_jig_02_ohm
5036,D2114,D,2114,float32,plc_product_data,1,0,2,,,,measurement_coil_resistance_jig_03_ohm
5037,D2116,D,2116,float32,plc_product_data,1,0,2,,,,measurement_coil_resistance_jig_04_ohm
5038,D2120,D,2120,float32,plc_setting_data,1,0,2,,,,setting_coil_resistance_upper_ohm
5039,D2122,D,2122,float32,plc_setting_data,1,0,2,,,,setting_coil_resistance_lower_ohm
5040,D2132,D,2132,uint32,plc_product_data,1,0,,6,,,counter_coil_resistance_jig_01_ng
5041,D2136,D,2136,uint32,plc_product_data,1,0,,6,,,counter_coil_resistance_jig_02_ng
5042,D2140,D,2140,uint32,plc_product_data,1,0,,6,,,counter_coil_resistance_jig_03_ng
5043,D2144,D,2144,uint32,plc_product_data,1,0,,6,,,counter_coil_resistance_jig_04_ng
5044,D2162,D,2162,uint32,plc_product_data,1,0,,6,,,counter_dielectric_com_m_jig_01_ng
5045,D2166,D,2166,uint32,plc_product_data,1,0,,6,,,counter_dielectric_com_m_jig_02_ng
5046,D2170,D,2170,uint32,plc_product_data,1,0,,6,,,counter_dielectric_com_m_jig_03_ng
5047,D2174,D,2174,uint32,plc_product_data,1,0,,6,,,counter_dielectric_com_m_jig_04_ng
5048,D2180,D,2180,uint16,plc_setting_data,1,0,,4,,,setting_line_test03_tester_01_product_01_file
5049,D2182,D,2182,uint16,plc_setting_data,1,0,,4,,,setting_line_test03_tester_01_product_02_file
5050,D2184,D,2184,uint16,plc_setting_data,1,0,,4,,,setting_line_test03_tester_02_product_03_file
5051,D3996,D,3996,int16,plc_product_data,1,0,,4,,,status_line_model_selection_serial
5052,D4010,D,4010,string,plc_setting_data,1,0,,10,,,setting_line_recipe_model_01_name
5053,D4020,D,4020,string,plc_setting_data,1,0,,10,,,setting_line_recipe_model_02_name
5054,D4030,D,4030,string,plc_setting_data,1,0,,10,,,setting_line_recipe_model_03_name
5055,D4040,D,4040,string,plc_setting_data,1,0,,10,,,setting_line_recipe_model_04_name
5056,M197,M,197,bool,plc_product_data,1,0,,,,,action_line_coil_resistance_log_save
5057,M198,M,198,bool,plc_product_data,1,0,,,,,action_line_contact_resistance_log_save
5058,M800,M,800,bool,plc_product_data,1,0,,,,,action_line_recipe_previous
5059,M801,M,801,bool,plc_product_data,1,0,,,,,action_line_recipe_next
5060,M802,M,802,bool,plc_product_data,1,0,,,,,action_line_recipe_save
5061,M803,M,803,bool,plc_product_data,1,0,,,,,status_line_recipe_change_flag
5062,M806,M,806,bool,plc_product_data,1,0,,,,,action_line_model_change_button
5065,L230,L,230,bool,plc_product_data,1,0,,,,,action_line_aging_ng_count_clear
5066,L231,L,231,bool,plc_product_data,1,0,,,,,action_line_coil_resistance_ng_count_clear
5067,L232,L,232,bool,plc_product_data,1,0,,,,,action_line_terminal_dielectric_ng_count_clear
5068,L233,L,233,bool,plc_product_data,1,0,,,,,action_line_coil_dielectric_ng_count_clear
5069,L236,L,236,bool,plc_product_data,1,0,,,,,action_line_contact_resistance_ng_count_clear
5070,X107,X,107,bool,plc_product_data,1,0,,,,,action_line_cycle_start_button
5071,D1012,D,1012,int16,plc_product_data,1,0,,4,,,measurement_st01_pusher_product_speed
5072,D1550,D,1550,uint32,plc_product_data,1,0,,6,,,counter_st01_pusher_counter
5073,L141,L,141,bool,plc_product_data,1,0,,,,,status_st01_active
5074,L161,L,161,bool,plc_product_data,1,0,,,,,status_st01_empty
5075,L1151,L,1151,bool,plc_setting_data,1,0,,,,,setting_st01_station_mask
5076,L1200,L,1200,bool,plc_setting_data,1,0,,,,,setting_st01_mask
5077,X112,X,112,bool,plc_product_data,1,0,,,,,measurement_st01_station_01_photoelectric_01
5078,X120,X,120,bool,plc_product_data,1,0,,,,,measurement_st01_station_01_cylinder_origin
5079,X121,X,121,bool,plc_product_data,1,0,,,,,measurement_st01_station_01_cylinder_end
5080,X122,X,122,bool,plc_product_data,1,0,,,,,measurement_st01_station_01_cylinder_origin_01
5081,X123,X,123,bool,plc_product_data,1,0,,,,,measurement_st01_station_01_cylinder_end_01
5082,X124,X,124,bool,plc_product_data,1,0,,,,,measurement_st01_station_01_cylinder_origin_02
5083,X125,X,125,bool,plc_product_data,1,0,,,,,measurement_st01_station_01_cylinder_end_02
5084,L142,L,142,bool,plc_product_data,1,0,,,,,status_st02_active
5085,L162,L,162,bool,plc_product_data,1,0,,,,,status_st02_empty
5086,L200,L,200,bool,plc_product_data,1,0,,,,,measurement_st02_clear
5087,L1152,L,1152,bool,plc_setting_data,1,0,,,,,setting_st02_station_mask
5088,L1201,L,1201,bool,plc_setting_data,1,0,,,,,setting_st02_mask
5089,L1202,L,1202,bool,plc_setting_data,1,0,,,,,setting_st02_02_mask
5090,L1203,L,1203,bool,plc_setting_data,1,0,,,,,setting_st02_03_mask
5091,L1204,L,1204,bool,plc_setting_data,1,0,,,,,setting_st02_04_mask
5092,X126,X,126,bool,plc_product_data,1,0,,,,,measurement_st02_station_02_cylinder_origin
5093,X127,X,127,bool,plc_product_data,1,0,,,,,measurement_st02_station_02_cylinder_end
5094,X128,X,128,bool,plc_product_data,1,0,,,,,measurement_st02_station_02_cylinder_origin_01
5095,X129,X,129,bool,plc_product_data,1,0,,,,,measurement_st02_station_02_cylinder_end_01
5096,L143,L,143,bool,plc_product_data,1,0,,,,,status_st03_active
5097,L163,L,163,bool,plc_product_data,1,0,,,,,status_st03_empty
5098,L201,L,201,bool,plc_product_data,1,0,,,,,measurement_st03_clear
5099,L1153,L,1153,bool,plc_setting_data,1,0,,,,,setting_st03_station_mask
5100,L1205,L,1205,bool,plc_setting_data,1,0,,,,,setting_st03_01_mask
5101,L1206,L,1206,bool,plc_setting_data,1,0,,,,,setting_st03_02_mask
5102,L1207,L,1207,bool,plc_setting_data,1,0,,,,,setting_st03_03_mask
5103,L1208,L,1208,bool,plc_setting_data,1,0,,,,,setting_st03_04_mask
5104,X12A,X,12A,bool,plc_product_data,1,0,,,,,measurement_st03_station_03_cylinder_origin
5105,X12C,X,12C,bool,plc_product_data,1,0,,,,,measurement_st03_station_03_cylinder_origin_01
5106,X12D,X,12D,bool,plc_product_data,1,0,,,,,measurement_st03_station_03_material_setting_cylinder_end
5107,D450,D,450,int16,plc_product_data,1,0,,4,,,judgment_st04_file_st_r_i_ng
5108,D454,D,454,float32,plc_product_data,,0,,8,,,judgment_st04_01_voltage_st_r_i_ng
5109,D458,D,458,float32,plc_product_data,,0,,8,,,judgment_st04_02_voltage_st_r_i_ng
5110,D462,D,462,float32,plc_product_data,,0,,8,,,judgment_st04_01_current_a_st_r_i_ng
5111,D466,D,466,float32,plc_product_data,,0,,8,,,judgment_st04_02_current_a_st_r_i_ng
5112,D470,D,470,int16,plc_product_data,1,0,,4,,,judgment_st04_st_r_i_ng_va_r_01
5113,D480,D,480,int16,plc_product_data,1,0,,4,,,judgment_st04_st_r_i_ng_va_r_02
5114,D1340,D,1340,uint32,plc_product_data,1,0,,6,,,counter_st04_pin_usage_pcs
5115,D1380,D,1380,int16,plc_product_data,1,0,,4,,,judgment_st04_ok_01
5116,D1381,D,1381,int16,plc_product_data,1,0,,4,,,judgment_st04_ng_01
5117,D1382,D,1382,int16,plc_product_data,1,0,,4,,,judgment_st04_ok_02
5118,D1383,D,1383,int16,plc_product_data,1,0,,4,,,judgment_st04_ng_02
5119,D1384,D,1384,int16,plc_product_data,1,0,,4,,,judgment_st04_ok_03
5120,D1385,D,1385,int16,plc_product_data,1,0,,4,,,judgment_st04_ng_03
5121,D1386,D,1386,int16,plc_product_data,1,0,,4,,,judgment_st04_ok_04
5122,D1387,D,1387,int16,plc_product_data,1,0,,4,,,judgment_st04_ng_04
5123,D1450,D,1450,int16,plc_product_data,1,0,,4,,,measurement_st04_station_04_result
5124,D1504,D,1504,int16,plc_product_data,1,0,,4,,,judgment_st04_continuous_ng
5125,D9050,D,9050,float32,plc_product_data,,0,,8,,,measurement_st04_01_voltage
5126,D9060,D,9060,float32,plc_product_data,,0,,8,,,measurement_st04_01_current_a
5127,D9150,D,9150,float32,plc_product_data,,0,,8,,,measurement_st04_02_voltage
5128,D9160,D,9160,float32,plc_product_data,,0,,8,,,measurement_st04_02_current_a
5129,M126,M,126,bool,plc_product_data,1,0,,,,,measurement_st04_product_01_coil_switch
5130,M127,M,127,bool,plc_product_data,1,0,,,,,measurement_st04_product_02_coil_switch
5131,M128,M,128,bool,plc_product_data,1,0,,,,,measurement_st04_product_03_coil_switch
5132,M129,M,129,bool,plc_product_data,1,0,,,,,measurement_st04_product_04_coil_switch
5133,M132,M,132,bool,plc_product_data,1,0,,,,,measurement_st04_product_01_l_ss_r
5134,M133,M,133,bool,plc_product_data,1,0,,,,,measurement_st04_product_01_r_ss_r
5135,M134,M,134,bool,plc_product_data,1,0,,,,,measurement_st04_product_02_l_ss_r
5136,M135,M,135,bool,plc_product_data,1,0,,,,,measurement_st04_product_02_r_ss_r
5137,M136,M,136,bool,plc_product_data,1,0,,,,,measurement_st04_product_03_l_ss_r
5138,M137,M,137,bool,plc_product_data,1,0,,,,,measurement_st04_product_03_r_ss_r
5139,M138,M,138,bool,plc_product_data,1,0,,,,,measurement_st04_product_04_l_ss_r
5140,M139,M,139,bool,plc_product_data,1,0,,,,,measurement_st04_product_04_r_ss_r
5141,M163,M,163,bool,plc_product_data,1,0,,,,,status_st04_01_voltage_current_a
5142,M164,M,164,bool,plc_product_data,1,0,,,,,status_st04_01_voltage_current_a_setting
5143,M173,M,173,bool,plc_product_data,1,0,,,,,status_st04_02_voltage_current_a
5144,M174,M,174,bool,plc_product_data,1,0,,,,,status_st04_02_voltage_current_a_setting
5145,L144,L,144,bool,plc_product_data,1,0,,,,,status_st04_active
5146,L164,L,164,bool,plc_product_data,1,0,,,,,status_st04_empty
5147,L202,L,202,bool,plc_product_data,1,0,,,,,measurement_st04_clear
5148,L220,L,220,bool,plc_product_data,1,0,,,,,measurement_st04_pin_clear
5149,L408,L,408,bool,plc_product_data,1,0,,,,,measurement_st04_detect_01_updown_cylinder
5150,L720,L,720,bool,plc_product_data,1,0,,,,,judgment_st04_continuous_ng
5151,L850,L,850,bool,plc_product_data,1,0,,,,,status_st04_voltage_setting_and
5152,L1154,L,1154,bool,plc_setting_data,1,0,,,,,setting_st04_station_mask
5153,L1219,L,1219,bool,plc_setting_data,1,0,,,,,setting_st04_01_mask
5154,L1220,L,1220,bool,plc_setting_data,1,0,,,,,setting_st04_02_mask
5155,X12E,X,12E,bool,plc_product_data,1,0,,,,,measurement_st04_station_04_updown_cylinder_01_origin
5156,X12F,X,12F,bool,plc_product_data,1,0,,,,,measurement_st04_station_04_cylinder_updown_01_end
5157,X150,X,150,bool,plc_product_data,1,0,,,,,measurement_aging_jig_01_contact_sensor
5158,X152,X,152,bool,plc_product_data,1,0,,,,,measurement_aging_jig_02_contact_sensor
5159,X154,X,154,bool,plc_product_data,1,0,,,,,measurement_aging_jig_03_contact_sensor
5160,X156,X,156,bool,plc_product_data,1,0,,,,,measurement_aging_jig_04_contact_sensor
5161,Y427,Y,427,bool,plc_product_data,1,0,,,,,measurement_st04_detect_01_updown_cylinder
5162,Y440,Y,440,bool,plc_product_data,1,0,,,,,measurement_st04_detect_coil_01_start_relay
5163,Y441,Y,441,bool,plc_product_data,1,0,,,,,measurement_st04_detect_coil_02_start_relay
5164,Y442,Y,442,bool,plc_product_data,1,0,,,,,measurement_st04_detect_coil_03_start_relay
5165,Y443,Y,443,bool,plc_product_data,1,0,,,,,measurement_st04_detect_coil_04_start_relay
5166,Y44C,Y,44C,bool,plc_product_data,1,0,,,,,measurement_st04_detect_ss_r_01
5167,Y44D,Y,44D,bool,plc_product_data,1,0,,,,,measurement_st04_detect_ss_r_02
5168,Y44E,Y,44E,bool,plc_product_data,1,0,,,,,measurement_st04_detect_ss_r_03
5169,Y44F,Y,44F,bool,plc_product_data,1,0,,,,,measurement_st04_detect_ss_r_04
5170,Y450,Y,450,bool,plc_product_data,1,0,,,,,measurement_st04_detect_ss_r_05
5171,Y451,Y,451,bool,plc_product_data,1,0,,,,,measurement_st04_detect_ss_r_06
5172,Y452,Y,452,bool,plc_product_data,1,0,,,,,measurement_st04_detect_ss_r_07
5173,Y453,Y,453,bool,plc_product_data,1,0,,,,,measurement_st04_detect_ss_r_08
5174,D1342,D,1342,uint32,plc_product_data,1,0,,6,,,counter_st05_pin_usage_pcs
5175,D1390,D,1390,int16,plc_product_data,1,0,,4,,,judgment_st05_ok_01
5176,D1391,D,1391,int16,plc_product_data,1,0,,4,,,judgment_st05_ng_01
5177,D1392,D,1392,int16,plc_product_data,1,0,,4,,,judgment_st05_ok_02
5178,D1393,D,1393,int16,plc_product_data,1,0,,4,,,judgment_st05_ng_02
5179,D1394,D,1394,int16,plc_product_data,1,0,,4,,,judgment_st05_ok_03
5180,D1395,D,1395,int16,plc_product_data,1,0,,4,,,judgment_st05_ng_03
5181,D1396,D,1396,int16,plc_product_data,1,0,,4,,,judgment_st05_ok_04
5182,D1397,D,1397,int16,plc_product_data,1,0,,4,,,judgment_st05_ng_04
5183,D1451,D,1451,int16,plc_product_data,1,0,,4,,,measurement_st05_station_05_result
5184,D1506,D,1506,int16,plc_product_data,1,0,,4,,,judgment_st05_continuous_ng
5185,M100,M,100,bool,plc_product_data,1,0,,,,,measurement_st05_product_01_detect_switch
5186,M101,M,101,bool,plc_product_data,1,0,,,,,measurement_st05_product_02_detect_switch
5187,M102,M,102,bool,plc_product_data,1,0,,,,,measurement_st05_product_03_detect_switch
5188,M103,M,103,bool,plc_product_data,1,0,,,,,measurement_st05_product_04_detect_switch
5189,M400,M,400,bool,plc_product_data,1,0,,,,,measurement_st05_product_01_02_resistance
5190,M401,M,401,bool,plc_product_data,1,0,,,,,measurement_st05_product_03_04_resistance
5191,L145,L,145,bool,plc_product_data,1,0,,,,,status_st05_active
5192,L165,L,165,bool,plc_product_data,1,0,,,,,status_st05_empty
5193,L203,L,203,bool,plc_product_data,1,0,,,,,measurement_st05_clear
5194,L221,L,221,bool,plc_product_data,1,0,,,,,measurement_st05_pin_clear
5195,L409,L,409,bool,plc_product_data,1,0,,,,,measurement_st05_detect_02_updown_cylinder
5196,L1155,L,1155,bool,plc_setting_data,1,0,,,,,setting_st05_station_mask
5197,L1209,L,1209,bool,plc_setting_data,1,0,,,,,setting_st05_product_arrived_mask
5198,L1221,L,1221,bool,plc_setting_data,1,0,,,,,setting_st05_resistance_01_mask
5199,L1222,L,1222,bool,plc_setting_data,1,0,,,,,setting_st05_resistance_02_mask
5200,X130,X,130,bool,plc_product_data,1,0,,,,,measurement_st05_station_05_updown_cylinder_02_origin
5201,X131,X,131,bool,plc_product_data,1,0,,,,,measurement_st05_station_05_cylinder_updown_02_end
5202,Y428,Y,428,bool,plc_product_data,1,0,,,,,measurement_st05_detect_02_updown_cylinder
5203,Y456,Y,456,bool,plc_product_data,1,0,,,,,measurement_st05_detect_switch_to_relay_01
5204,Y457,Y,457,bool,plc_product_data,1,0,,,,,measurement_st05_detect_switch_to_relay_02
5205,Y458,Y,458,bool,plc_product_data,1,0,,,,,measurement_st05_detect_switch_to_relay_03
5206,Y459,Y,459,bool,plc_product_data,1,0,,,,,measurement_st05_detect_switch_to_relay_04
5207,D610,D,610,int16,plc_product_data,1,0,,4,,,judgment_st06_file_1st_r_i_ng
5208,D614,D,614,int16,plc_product_data,1,0,,4,,,judgment_st06_file_2st_r_i_ng
5209,D640,D,640,float32,plc_product_data,,0,,8,,,judgment_st06_dielectric_01_search_result_01
5210,D644,D,644,float32,plc_product_data,,0,,8,,,judgment_st06_dielectric_01_search_result_02
5211,D648,D,648,float32,plc_product_data,,0,,8,,,judgment_st06_dielectric_01_search_result_03
5212,D654,D,654,float32,plc_product_data,,0,,8,,,judgment_st06_dielectric_02_search_result_01
5213,D658,D,658,float32,plc_product_data,,0,,8,,,judgment_st06_dielectric_02_search_result_02
5214,D662,D,662,float32,plc_product_data,,0,,8,,,judgment_st06_dielectric_02_search_result_03
5215,D680,D,680,float32,plc_product_data,,0,,8,,,measurement_st06_dielectric_01_search_01
5216,D686,D,686,float32,plc_product_data,,0,,8,,,measurement_st06_dielectric_01_search_02
5217,D692,D,692,float32,plc_product_data,,0,,8,,,measurement_st06_dielectric_01_search_03
5218,D700,D,700,float32,plc_product_data,,0,,8,,,measurement_st06_dielectric_02_search_01
5219,D706,D,706,float32,plc_product_data,,0,,8,,,measurement_st06_dielectric_02_search_02
5220,D712,D,712,float32,plc_product_data,,0,,8,,,measurement_st06_dielectric_02_search_03
5221,D720,D,720,int16,plc_product_data,1,0,,4,,,judgment_st06_insulation_01_search_result_01
5222,D724,D,724,int16,plc_product_data,1,0,,4,,,judgment_st06_insulation_01_search_result_02
5223,D730,D,730,int16,plc_product_data,1,0,,4,,,judgment_st06_insulation_02_search_result_01
5224,D734,D,734,int16,plc_product_data,1,0,,4,,,judgment_st06_insulation_02_search_result_02
5225,D1344,D,1344,uint32,plc_product_data,1,0,,6,,,counter_st06_pin_usage_pcs
5226,D1400,D,1400,int16,plc_product_data,1,0,,4,,,judgment_st06_ok_01
5227,D1401,D,1401,int16,plc_product_data,1,0,,4,,,judgment_st06_ng_01
5228,D1402,D,1402,int16,plc_product_data,1,0,,4,,,judgment_st06_ok_02
5229,D1403,D,1403,int16,plc_product_data,1,0,,4,,,judgment_st06_ng_02
5230,D1404,D,1404,int16,plc_product_data,1,0,,4,,,judgment_st06_ok_03
5231,D1405,D,1405,int16,plc_product_data,1,0,,4,,,judgment_st06_ng_03
5232,D1406,D,1406,int16,plc_product_data,1,0,,4,,,judgment_st06_ok_04
5233,D1407,D,1407,int16,plc_product_data,1,0,,4,,,judgment_st06_ng_04
5234,D1452,D,1452,int16,plc_product_data,1,0,,4,,,measurement_st06_station_06_result
5235,D1508,D,1508,int16,plc_product_data,1,0,,4,,,judgment_st06_continuous_ng
5236,M300,M,300,bool,plc_product_data,1,0,,,,,status_st06_dielectric_01_file_0
5237,M301,M,301,bool,plc_product_data,1,0,,,,,status_st06_dielectric_01_file_01
5238,M302,M,302,bool,plc_product_data,1,0,,,,,status_st06_dielectric_01_file_02
5239,M303,M,303,bool,plc_product_data,1,0,,,,,status_st06_dielectric_01_test_start
5240,M304,M,304,bool,plc_product_data,1,0,,,,,judgment_st06_dielectric_01_switch_to_file_ok
5241,M305,M,305,bool,plc_product_data,1,0,,,,,judgment_st06_dielectric_01_dielectric_ok
5242,M306,M,306,bool,plc_product_data,1,0,,,,,judgment_st06_dielectric_01_dielectric_ng
5243,M307,M,307,bool,plc_product_data,1,0,,,,,judgment_st06_dielectric_01_insulation_ok
5244,M308,M,308,bool,plc_product_data,1,0,,,,,judgment_st06_dielectric_01_insulation_ng
5245,M310,M,310,bool,plc_product_data,1,0,,,,,status_st06_dielectric_02_file_0
5246,M311,M,311,bool,plc_product_data,1,0,,,,,status_st06_dielectric_02_file_01
5247,M312,M,312,bool,plc_product_data,1,0,,,,,status_st06_dielectric_02_file_02
5248,M313,M,313,bool,plc_product_data,1,0,,,,,status_st06_dielectric_02_test_start
5249,M314,M,314,bool,plc_product_data,1,0,,,,,judgment_st06_dielectric_02_switch_to_file_ok
5250,M315,M,315,bool,plc_product_data,1,0,,,,,judgment_st06_dielectric_02_dielectric_ok
5251,M316,M,316,bool,plc_product_data,1,0,,,,,judgment_st06_dielectric_02_dielectric_ng
5252,M317,M,317,bool,plc_product_data,1,0,,,,,judgment_st06_dielectric_02_insulation_ok
5253,M318,M,318,bool,plc_product_data,1,0,,,,,judgment_st06_dielectric_02_insulation_ng
5254,M600,M,600,bool,plc_product_data,1,0,,,,,judgment_st06_dielectric_com_m_jig_01_ok
5255,M601,M,601,bool,plc_product_data,1,0,,,,,judgment_st06_dielectric_com_m_jig_01_ng
5256,M602,M,602,bool,plc_product_data,1,0,,,,,judgment_st06_insulation_jig_01_ok
5257,M603,M,603,bool,plc_product_data,1,0,,,,,judgment_st06_insulation_jig_01_ng
5258,M604,M,604,bool,plc_product_data,1,0,,,,,judgment_st06_dielectric_com_m_jig_02_ok
5259,M605,M,605,bool,plc_product_data,1,0,,,,,judgment_st06_dielectric_com_m_jig_02_ng
5260,M606,M,606,bool,plc_product_data,1,0,,,,,judgment_st06_insulation_jig_02_ok
5261,M607,M,607,bool,plc_product_data,1,0,,,,,judgment_st06_insulation_jig_02_ng
5262,M610,M,610,bool,plc_product_data,1,0,,,,,judgment_st06_dielectric_com_m_jig_03_ok
5263,M611,M,611,bool,plc_product_data,1,0,,,,,judgment_st06_dielectric_com_m_jig_03_ng
5264,M612,M,612,bool,plc_product_data,1,0,,,,,judgment_st06_insulation_jig_03_ok
5265,M613,M,613,bool,plc_product_data,1,0,,,,,judgment_st06_insulation_jig_03_ng
5266,M614,M,614,bool,plc_product_data,1,0,,,,,judgment_st06_dielectric_com_m_jig_04_ok
5267,M615,M,615,bool,plc_product_data,1,0,,,,,judgment_st06_dielectric_com_m_jig_04_ng
5268,M616,M,616,bool,plc_product_data,1,0,,,,,judgment_st06_insulation_jig_04_ok
5269,M617,M,617,bool,plc_product_data,1,0,,,,,judgment_st06_insulation_jig_04_ng
5270,L146,L,146,bool,plc_product_data,1,0,,,,,status_st06_active
5271,L166,L,166,bool,plc_product_data,1,0,,,,,status_st06_empty
5272,L204,L,204,bool,plc_product_data,1,0,,,,,measurement_st06_clear
5273,L222,L,222,bool,plc_product_data,1,0,,,,,measurement_st06_pin_clear
5274,L410,L,410,bool,plc_product_data,1,0,,,,,measurement_st06_detect_03_updown_cylinder
5275,L1156,L,1156,bool,plc_setting_data,1,0,,,,,setting_st06_station_mask
5276,L1210,L,1210,bool,plc_setting_data,1,0,,,,,setting_st06_arrived_mask
5277,L1223,L,1223,bool,plc_setting_data,1,0,,,,,setting_st06_dielectric_01_mask
5278,L1224,L,1224,bool,plc_setting_data,1,0,,,,,setting_st06_dielectric_02_mask
5279,L2010,L,2010,bool,plc_product_data,1,0,,,,,measurement_st06_detect_03_updown_cylinder_manual
5280,L3010,L,3010,bool,plc_product_data,1,0,,,,,status_st06_detect_03_updown_cylinder_abnormal
5281,X132,X,132,bool,plc_product_data,1,0,,,,,measurement_st06_station_06_updown_03_cylinder_origin
5282,X133,X,133,bool,plc_product_data,1,0,,,,,measurement_st06_station_06_cylinder_updown_03_end
5283,Y429,Y,429,bool,plc_product_data,1,0,,,,,measurement_st06_detect_03_updown_cylinder
5284,D810,D,810,int16,plc_product_data,1,0,,4,,,judgment_st07_file_1st_r_i_ng
5285,D814,D,814,int16,plc_product_data,1,0,,4,,,judgment_st07_file_2st_r_i_ng
5286,D840,D,840,uint32,plc_product_data,1,0,,6,,,judgment_st07_dielectric_01_search_result
5287,D844,D,844,float32,plc_product_data,,0,,8,,,judgment_st07_dielectric_01_search_result_02
5288,D848,D,848,float32,plc_product_data,,0,,8,,,judgment_st07_dielectric_01_search_result_03
5289,D854,D,854,float32,plc_product_data,,0,,8,,,judgment_st07_dielectric_02_search_result_01
5290,D858,D,858,float32,plc_product_data,,0,,8,,,judgment_st07_dielectric_02_search_result_02
5291,D862,D,862,float32,plc_product_data,,0,,8,,,judgment_st07_dielectric_02_search_result_03
5292,D866,D,866,int16,plc_product_data,1,0,,4,,,judgment_st07_insulation_01_search_result_01
5293,D868,D,868,int16,plc_product_data,1,0,,4,,,judgment_st07_insulation_01_search_result_02
5294,D870,D,870,int16,plc_product_data,1,0,,4,,,judgment_st07_insulation_02_search_result_01
5295,D872,D,872,int16,plc_product_data,1,0,,4,,,judgment_st07_insulation_02_search_result_02
5296,D880,D,880,float32,plc_product_data,,0,,8,,,measurement_st07_dielectric_01_search_01
5297,D886,D,886,float32,plc_product_data,,0,,8,,,measurement_st07_dielectric_01_search_02
5298,D892,D,892,float32,plc_product_data,,0,,8,,,measurement_st07_dielectric_01_search_03
5299,D900,D,900,float32,plc_product_data,,0,,8,,,measurement_st07_dielectric_02_search_01
5300,D906,D,906,float32,plc_product_data,,0,,8,,,measurement_st07_dielectric_02_search_02
5301,D912,D,912,float32,plc_product_data,,0,,8,,,measurement_st07_dielectric_02_search_03
5302,D1346,D,1346,uint32,plc_product_data,1,0,,6,,,counter_st07_pin_usage_pcs
5303,D1410,D,1410,int16,plc_product_data,1,0,,4,,,judgment_st07_ok_01
5304,D1411,D,1411,int16,plc_product_data,1,0,,4,,,judgment_st07_ng_01
5305,D1412,D,1412,int16,plc_product_data,1,0,,4,,,judgment_st07_ok_02
5306,D1413,D,1413,int16,plc_product_data,1,0,,4,,,judgment_st07_ng_02
5307,D1414,D,1414,int16,plc_product_data,1,0,,4,,,judgment_st07_ok_03
5308,D1415,D,1415,int16,plc_product_data,1,0,,4,,,judgment_st07_ng_03
5309,D1416,D,1416,int16,plc_product_data,1,0,,4,,,judgment_st07_ok_04
5310,D1417,D,1417,int16,plc_product_data,1,0,,4,,,judgment_st07_ng_04
5311,D1453,D,1453,int16,plc_product_data,1,0,,4,,,measurement_st07_station_07_result
5312,D1510,D,1510,int16,plc_product_data,1,0,,4,,,judgment_st07_continuous_ng
5313,D1700,D,1700,uint32,plc_product_data,1,0,,6,,,judgment_st07_op_voltage_jig_01_l_status
5314,D1702,D,1702,uint32,plc_product_data,1,0,,6,,,judgment_st07_op_voltage_jig_01_r_status
5315,D1704,D,1704,uint32,plc_product_data,1,0,,6,,,judgment_st07_rel_voltage_jig_01_l_status
5316,D1706,D,1706,uint32,plc_product_data,1,0,,6,,,judgment_st07_rel_voltage_jig_01_r_status
5317,D1710,D,1710,uint32,plc_product_data,1,0,,6,,,judgment_st07_op_voltage_jig_02_l_status
5318,D1712,D,1712,uint32,plc_product_data,1,0,,6,,,judgment_st07_op_voltage_jig_02_r_status
5319,D1714,D,1714,uint32,plc_product_data,1,0,,6,,,judgment_st07_rel_voltage_jig_02_l_status
5320,D1716,D,1716,uint32,plc_product_data,1,0,,6,,,judgment_st07_rel_voltage_jig_02_r_status
5321,D1720,D,1720,uint32,plc_product_data,1,0,,6,,,judgment_st07_op_voltage_jig_03_l_status
5322,D1722,D,1722,uint32,plc_product_data,1,0,,6,,,judgment_st07_op_voltage_jig_03_r_status
5323,D1724,D,1724,uint32,plc_product_data,1,0,,6,,,judgment_st07_rel_voltage_jig_03_l_status
5324,D1726,D,1726,uint32,plc_product_data,1,0,,6,,,judgment_st07_rel_voltage_jig_03_r_status
5325,D1730,D,1730,uint32,plc_product_data,1,0,,6,,,judgment_st07_op_voltage_jig_04_l_status
5326,D1732,D,1732,uint32,plc_product_data,1,0,,6,,,judgment_st07_op_voltage_jig_04_r_status
5327,D1734,D,1734,uint32,plc_product_data,1,0,,6,,,judgment_st07_rel_voltage_jig_04_l_status
5328,D1736,D,1736,uint32,plc_product_data,1,0,,6,,,judgment_st07_rel_voltage_jig_04_r_status
5329,M280,M,280,bool,plc_product_data,1,0,,,,,status_st07_dielectric_01_file_0
5330,M281,M,281,bool,plc_product_data,1,0,,,,,status_st07_dielectric_01_file_01
5331,M282,M,282,bool,plc_product_data,1,0,,,,,status_st07_dielectric_01_file_02
5332,M283,M,283,bool,plc_product_data,1,0,,,,,status_st07_dielectric_01_test_start
5333,M284,M,284,bool,plc_product_data,1,0,,,,,judgment_st07_dielectric_01_switch_to_file_ok
5334,M285,M,285,bool,plc_product_data,1,0,,,,,judgment_st07_dielectric_01_test_ok
5335,M286,M,286,bool,plc_product_data,1,0,,,,,judgment_st07_dielectric_01_test_ng
5336,M287,M,287,bool,plc_product_data,1,0,,,,,judgment_st07_dielectric_01_insulation_ok
5337,M288,M,288,bool,plc_product_data,1,0,,,,,judgment_st07_dielectric_01_insulation_ng
5338,M290,M,290,bool,plc_product_data,1,0,,,,,status_st07_dielectric_02_file_0
5339,M291,M,291,bool,plc_product_data,1,0,,,,,status_st07_dielectric_02_file_01
5340,M292,M,292,bool,plc_product_data,1,0,,,,,status_st07_dielectric_02_file_02
5341,M293,M,293,bool,plc_product_data,1,0,,,,,status_st07_dielectric_02_test_start
5342,M294,M,294,bool,plc_product_data,1,0,,,,,judgment_st07_dielectric_02_switch_to_file_ok
5343,M295,M,295,bool,plc_product_data,1,0,,,,,judgment_st07_dielectric_02_test_ok
5344,M296,M,296,bool,plc_product_data,1,0,,,,,judgment_st07_dielectric_02_test_ng
5345,M297,M,297,bool,plc_product_data,1,0,,,,,judgment_st07_dielectric_02_insulation_ok
5346,M298,M,298,bool,plc_product_data,1,0,,,,,judgment_st07_dielectric_02_insulation_ng
5347,M620,M,620,bool,plc_product_data,1,0,,,,,judgment_st07_dielectric_coil_m_jig_01_ok
5348,M621,M,621,bool,plc_product_data,1,0,,,,,judgment_st07_dielectric_coil_m_jig_01_ng
5349,M622,M,622,bool,plc_product_data,1,0,,,,,judgment_st07_insulation_jig_01_ok
5350,M623,M,623,bool,plc_product_data,1,0,,,,,judgment_st07_insulation_jig_01_ng
5351,M624,M,624,bool,plc_product_data,1,0,,,,,judgment_st07_dielectric_coil_m_jig_02_ok
5352,M625,M,625,bool,plc_product_data,1,0,,,,,judgment_st07_dielectric_coil_m_jig_02_ng
5353,M626,M,626,bool,plc_product_data,1,0,,,,,judgment_st07_insulation_jig_02_ok
5354,M627,M,627,bool,plc_product_data,1,0,,,,,judgment_st07_insulation_jig_02_ng
5355,M628,M,628,bool,plc_product_data,1,0,,,,,judgment_st07_insulation_03_ok
5356,M629,M,629,bool,plc_product_data,1,0,,,,,judgment_st07_insulation_03_ng
5357,M630,M,630,bool,plc_product_data,1,0,,,,,judgment_st07_dielectric_coil_m_jig_03_ok
5358,M631,M,631,bool,plc_product_data,1,0,,,,,judgment_st07_dielectric_coil_m_jig_03_ng
5359,M632,M,632,bool,plc_product_data,1,0,,,,,judgment_st07_insulation_jig_03_ok
5360,M633,M,633,bool,plc_product_data,1,0,,,,,judgment_st07_insulation_jig_03_ng
5361,M634,M,634,bool,plc_product_data,1,0,,,,,judgment_st07_dielectric_coil_m_jig_04_ok
5362,M635,M,635,bool,plc_product_data,1,0,,,,,judgment_st07_dielectric_coil_m_jig_04_ng
5363,M636,M,636,bool,plc_product_data,1,0,,,,,judgment_st07_insulation_jig_04_ok
5364,M637,M,637,bool,plc_product_data,1,0,,,,,judgment_st07_insulation_jig_04_ng
5365,L147,L,147,bool,plc_product_data,1,0,,,,,status_st07_active
5366,L167,L,167,bool,plc_product_data,1,0,,,,,status_st07_empty
5367,L205,L,205,bool,plc_product_data,1,0,,,,,measurement_st07_clear
5368,L211,L,211,bool,plc_product_data,1,0,,,,,measurement_st07_01_clear
5369,L212,L,212,bool,plc_product_data,1,0,,,,,measurement_st07_02_clear
5370,L213,L,213,bool,plc_product_data,1,0,,,,,measurement_st07_03_clear
5371,L214,L,214,bool,plc_product_data,1,0,,,,,measurement_st07_04_clear
5372,L223,L,223,bool,plc_product_data,1,0,,,,,measurement_st07_pin_clear
5373,L411,L,411,bool,plc_product_data,1,0,,,,,measurement_st07_detect_04_updown_cylinder
5374,L1157,L,1157,bool,plc_setting_data,1,0,,,,,setting_st07_station_mask
5375,L1225,L,1225,bool,plc_setting_data,1,0,,,,,setting_st07_dielectric_01_mask
5376,L1226,L,1226,bool,plc_setting_data,1,0,,,,,setting_st07_dielectric_02_mask
5377,L2011,L,2011,bool,plc_product_data,1,0,,,,,measurement_st07_detect_04_updown_cylinder_manual
5378,L3011,L,3011,bool,plc_product_data,1,0,,,,,status_st07_detect_04_updown_cylinder_abnormal
5379,X134,X,134,bool,plc_product_data,1,0,,,,,measurement_st07_station_07_updown_cylinder_04_origin
5380,X135,X,135,bool,plc_product_data,1,0,,,,,measurement_st07_station_07_cylinder_updown_04_end
5381,Y42A,Y,42A,bool,plc_product_data,1,0,,,,,measurement_st07_detect_04_updown_cylinder
5382,D1348,D,1348,uint32,plc_product_data,1,0,,6,,,counter_st08_pin_usage_pcs
5383,D1420,D,1420,int16,plc_product_data,1,0,,4,,,judgment_st08_ok_01
5384,D1421,D,1421,int16,plc_product_data,1,0,,4,,,judgment_st08_ng_01
5385,D1422,D,1422,int16,plc_product_data,1,0,,4,,,judgment_st08_ok_02
5386,D1423,D,1423,int16,plc_product_data,1,0,,4,,,judgment_st08_ng_02
5387,D1424,D,1424,int16,plc_product_data,1,0,,4,,,judgment_st08_ok_03
5388,D1425,D,1425,int16,plc_product_data,1,0,,4,,,judgment_st08_ng_03
5389,D1426,D,1426,int16,plc_product_data,1,0,,4,,,judgment_st08_ok_04
5390,D1427,D,1427,int16,plc_product_data,1,0,,4,,,judgment_st08_ng_04
5391,D1454,D,1454,int16,plc_product_data,1,0,,4,,,measurement_st08_station_08_result
5392,D1512,D,1512,int16,plc_product_data,1,0,,4,,,judgment_st08_continuous_ng
5393,D2400,D,2400,float32,plc_setting_data,1,0,2,,,,setting_st08_op_voltage_jig_01_l_compensation_v
5394,D2402,D,2402,float32,plc_product_data,,0,,8,,,measurement_st08_01_action_voltage_actual_l
5395,D2404,D,2404,float32,plc_product_data,1,0,2,,,,measurement_st08_op_voltage_jig_01_l_v
5396,D2406,D,2406,float32,plc_product_data,,0,,8,,,measurement_st08_01_action_voltage
5397,D2410,D,2410,float32,plc_setting_data,1,0,2,,,,setting_st08_rel_voltage_jig_01_l_compensation_v
5398,D2412,D,2412,float32,plc_product_data,,0,,8,,,measurement_st08_01_reset_voltage_actual_l
5399,D2414,D,2414,float32,plc_product_data,1,0,2,,,,measurement_st08_rel_voltage_jig_01_l_v
5400,D2416,D,2416,float32,plc_product_data,,0,,8,,,measurement_st08_01_reset_voltage
5401,D2420,D,2420,float32,plc_setting_data,1,0,2,,,,setting_st08_sync_time_jig_01_compensation_us
5402,D2422,D,2422,float32,plc_product_data,,0,,8,,,measurement_st08_01_sync_time_actual_l
5403,D2424,D,2424,float32,plc_product_data,1,0,2,,,,measurement_st08_sync_time_jig_01_us
5404,D2426,D,2426,uint32,plc_product_data,1,0,,6,,,judgment_st08_sync_time_jig_01_status
5405,D2430,D,2430,float32,plc_setting_data,1,0,2,,,,setting_st08_op_voltage_jig_01_upper
5406,D2432,D,2432,float32,plc_setting_data,1,0,2,,,,setting_st08_op_voltage_jig_01_lower
5407,D2434,D,2434,float32,plc_setting_data,1,0,2,,,,setting_st08_rel_voltage_jig_01_upper
5408,D2436,D,2436,float32,plc_setting_data,1,0,2,,,,setting_st08_rel_voltage_jig_01_lower
5409,D2438,D,2438,float32,plc_setting_data,1,0,2,,,,setting_st08_sync_time_jig_01_upper
5410,D2440,D,2440,int16,plc_product_data,1,0,,4,,,counter_st08_characteristic_jig_01_ok
5411,D2450,D,2450,float32,plc_setting_data,1,0,2,,,,setting_st08_op_voltage_jig_02_l_compensation_v
5412,D2452,D,2452,float32,plc_product_data,,0,,8,,,measurement_st08_02_action_voltage_actual_l
5413,D2454,D,2454,float32,plc_product_data,1,0,2,,,,measurement_st08_op_voltage_jig_02_l_v
5414,D2456,D,2456,float32,plc_product_data,,0,,8,,,measurement_st08_02_action_voltage
5415,D2460,D,2460,float32,plc_setting_data,1,0,2,,,,setting_st08_rel_voltage_jig_02_l_compensation_v
5416,D2462,D,2462,float32,plc_product_data,,0,,8,,,measurement_st08_02_reset_voltage_actual_l
5417,D2464,D,2464,float32,plc_product_data,1,0,2,,,,measurement_st08_rel_voltage_jig_02_l_v
5418,D2466,D,2466,float32,plc_product_data,,0,,8,,,measurement_st08_02_reset_voltage
5419,D2470,D,2470,float32,plc_setting_data,1,0,2,,,,setting_st08_sync_time_jig_02_compensation_us
5420,D2472,D,2472,float32,plc_product_data,,0,,8,,,measurement_st08_02_sync_time_actual_l
5421,D2474,D,2474,float32,plc_product_data,1,0,2,,,,measurement_st08_sync_time_jig_02_us
5422,D2476,D,2476,uint32,plc_product_data,1,0,,6,,,judgment_st08_sync_time_jig_02_status
5423,D2480,D,2480,float32,plc_setting_data,1,0,2,,,,setting_st08_op_voltage_jig_02_upper
5424,D2482,D,2482,float32,plc_setting_data,1,0,2,,,,setting_st08_op_voltage_jig_02_lower
5425,D2484,D,2484,float32,plc_setting_data,1,0,2,,,,setting_st08_rel_voltage_jig_02_upper
5426,D2486,D,2486,float32,plc_setting_data,1,0,2,,,,setting_st08_rel_voltage_jig_02_lower
5427,D2488,D,2488,float32,plc_setting_data,1,0,2,,,,setting_st08_sync_time_jig_02_upper
5428,D2490,D,2490,int16,plc_product_data,1,0,,4,,,counter_st08_characteristic_jig_02_ok
5429,D2500,D,2500,float32,plc_setting_data,1,0,2,,,,setting_st08_op_voltage_jig_03_l_compensation_v
5430,D2502,D,2502,float32,plc_product_data,,0,,8,,,measurement_st08_03_action_voltage_actual_l
5431,D2504,D,2504,float32,plc_product_data,1,0,2,,,,measurement_st08_op_voltage_jig_03_l_v
5432,D2506,D,2506,float32,plc_product_data,,0,,8,,,measurement_st08_03_action_voltage
5433,D2510,D,2510,float32,plc_setting_data,1,0,2,,,,setting_st08_rel_voltage_jig_03_l_compensation_v
5434,D2512,D,2512,float32,plc_product_data,,0,,8,,,measurement_st08_03_reset_voltage_actual_l
5435,D2514,D,2514,float32,plc_product_data,1,0,2,,,,measurement_st08_rel_voltage_jig_03_l_v
5436,D2516,D,2516,float32,plc_product_data,,0,,8,,,measurement_st08_03_reset_voltage
5437,D2520,D,2520,float32,plc_setting_data,1,0,2,,,,setting_st08_sync_time_jig_03_compensation_us
5438,D2522,D,2522,float32,plc_product_data,,0,,8,,,measurement_st08_03_sync_time_actual_l
5439,D2524,D,2524,float32,plc_product_data,1,0,2,,,,measurement_st08_sync_time_jig_03_us
5440,D2526,D,2526,uint32,plc_product_data,1,0,,6,,,judgment_st08_sync_time_jig_03_status
5441,D2530,D,2530,float32,plc_setting_data,1,0,2,,,,setting_st08_op_voltage_jig_03_upper
5442,D2532,D,2532,float32,plc_setting_data,1,0,2,,,,setting_st08_op_voltage_jig_03_lower
5443,D2534,D,2534,float32,plc_setting_data,1,0,2,,,,setting_st08_rel_voltage_jig_03_upper
5444,D2536,D,2536,float32,plc_setting_data,1,0,2,,,,setting_st08_rel_voltage_jig_03_lower
5445,D2538,D,2538,float32,plc_setting_data,1,0,2,,,,setting_st08_sync_time_jig_03_upper
5446,D2540,D,2540,int16,plc_product_data,1,0,,4,,,counter_st08_characteristic_jig_03_ok
5447,D2550,D,2550,float32,plc_setting_data,,0,,8,,,setting_st08_op_voltage_jig_04_l_compensation_v
5448,D2552,D,2552,float32,plc_product_data,,0,,8,,,measurement_st08_04_action_voltage_actual_l
5449,D2554,D,2554,float32,plc_product_data,,0,,8,,,measurement_st08_op_voltage_jig_04_l_v
5450,D2556,D,2556,float32,plc_product_data,,0,,8,,,measurement_st08_04_action_voltage
5451,D2560,D,2560,float32,plc_setting_data,,0,,8,,,setting_st08_rel_voltage_jig_04_l_compensation_v
5452,D2562,D,2562,float32,plc_product_data,,0,,8,,,measurement_st08_04_reset_voltage_actual_l
5453,D2564,D,2564,float32,plc_product_data,,0,,8,,,measurement_st08_rel_voltage_jig_04_l_v
5454,D2566,D,2566,float32,plc_product_data,,0,,8,,,measurement_st08_04_reset_voltage
5455,D2570,D,2570,float32,plc_setting_data,,0,,8,,,setting_st08_sync_time_jig_04_compensation_us
5456,D2572,D,2572,float32,plc_product_data,,0,,8,,,measurement_st08_04_sync_time_actual_l
5457,D2574,D,2574,float32,plc_product_data,,0,,8,,,measurement_st08_sync_time_jig_04_us
5458,D2576,D,2576,uint32,plc_product_data,1,0,,6,,,judgment_st08_sync_time_jig_04_status
5459,D2580,D,2580,float32,plc_setting_data,,0,,8,,,setting_st08_op_voltage_jig_04_upper
5460,D2582,D,2582,float32,plc_setting_data,,0,,8,,,setting_st08_op_voltage_jig_04_lower
5461,D2584,D,2584,float32,plc_setting_data,,0,,8,,,setting_st08_rel_voltage_jig_04_upper
5462,D2586,D,2586,float32,plc_setting_data,,0,,8,,,setting_st08_rel_voltage_jig_04_lower
5463,D2588,D,2588,float32,plc_setting_data,,0,,8,,,setting_st08_sync_time_jig_04_upper
5464,D2590,D,2590,int16,plc_product_data,1,0,,4,,,counter_st08_characteristic_jig_04_ok
5465,D2600,D,2600,float32,plc_setting_data,,0,,8,,,setting_st08_op_voltage_jig_01_r_compensation_v
5466,D2602,D,2602,float32,plc_product_data,,0,,8,,,measurement_st08_01_action_voltage_actual_r
5467,D2604,D,2604,float32,plc_product_data,,0,,8,,,measurement_st08_op_voltage_jig_01_r_v
5468,D2610,D,2610,float32,plc_setting_data,,0,,8,,,setting_st08_rel_voltage_jig_01_r_compensation_v
5469,D2612,D,2612,float32,plc_product_data,,0,,8,,,measurement_st08_01_reset_voltage_actual_r
5470,D2614,D,2614,float32,plc_product_data,,0,,8,,,measurement_st08_rel_voltage_jig_01_r_v
5471,D2620,D,2620,float32,plc_setting_data,,0,,8,,,setting_st08_op_voltage_jig_02_r_compensation_v
5472,D2622,D,2622,float32,plc_product_data,,0,,8,,,measurement_st08_02_action_voltage_actual_r
5473,D2624,D,2624,float32,plc_product_data,,0,,8,,,measurement_st08_op_voltage_jig_02_r_v
5474,D2630,D,2630,float32,plc_setting_data,,0,,8,,,setting_st08_rel_voltage_jig_02_r_compensation_v
5475,D2632,D,2632,float32,plc_product_data,,0,,8,,,measurement_st08_02_reset_voltage_actual_r
5476,D2634,D,2634,float32,plc_product_data,,0,,8,,,measurement_st08_rel_voltage_jig_02_r_v
5477,D2640,D,2640,float32,plc_setting_data,,0,,8,,,setting_st08_op_voltage_jig_03_r_compensation_v
5478,D2642,D,2642,float32,plc_product_data,,0,,8,,,measurement_st08_03_action_voltage_actual_r
5479,D2644,D,2644,float32,plc_product_data,,0,,8,,,measurement_st08_op_voltage_jig_03_r_v
5480,D2650,D,2650,float32,plc_setting_data,,0,,8,,,setting_st08_rel_voltage_jig_03_r_compensation_v
5481,D2652,D,2652,float32,plc_product_data,,0,,8,,,measurement_st08_03_reset_voltage_actual_r
5482,D2654,D,2654,float32,plc_product_data,,0,,8,,,measurement_st08_rel_voltage_jig_03_r_v
5483,D2660,D,2660,float32,plc_setting_data,,0,,8,,,setting_st08_op_voltage_jig_04_r_compensation_v
5484,D2662,D,2662,float32,plc_product_data,,0,,8,,,measurement_st08_04_action_voltage_actual_r
5485,D2664,D,2664,float32,plc_product_data,,0,,8,,,measurement_st08_op_voltage_jig_04_r_v
5486,D2670,D,2670,float32,plc_setting_data,,0,,8,,,setting_st08_rel_voltage_jig_04_r_compensation_v
5487,D2672,D,2672,float32,plc_product_data,,0,,8,,,measurement_st08_04_reset_voltage_actual_r
5488,D2674,D,2674,float32,plc_product_data,,0,,8,,,measurement_st08_rel_voltage_jig_04_r_v
5489,D2800,D,2800,int16,plc_product_data,1,0,,4,,,counter_st08_characteristic_op_jig_01_ng
5490,D2802,D,2802,int16,plc_product_data,1,0,,4,,,counter_st08_characteristic_nop_jig_01_ng
5491,D2804,D,2804,int16,plc_product_data,1,0,,4,,,counter_st08_characteristic_hold_jig_01_ng
5492,D2806,D,2806,int16,plc_product_data,1,0,,4,,,counter_st08_characteristic_rel_jig_01_ng
5493,D2808,D,2808,int16,plc_product_data,1,0,,4,,,counter_st08_sync_time_jig_01_ng
5494,D2810,D,2810,int16,plc_product_data,1,0,,4,,,counter_st08_characteristic_op_jig_02_ng
5495,D2812,D,2812,int16,plc_product_data,1,0,,4,,,counter_st08_characteristic_nop_jig_02_ng
5496,D2814,D,2814,int16,plc_product_data,1,0,,4,,,counter_st08_characteristic_hold_jig_02_ng
5497,D2816,D,2816,int16,plc_product_data,1,0,,4,,,counter_st08_characteristic_rel_jig_02_ng
5498,D2818,D,2818,int16,plc_product_data,1,0,,4,,,counter_st08_sync_time_jig_02_ng
5499,D2820,D,2820,int16,plc_product_data,1,0,,4,,,counter_st08_characteristic_op_jig_03_ng
5500,D2822,D,2822,int16,plc_product_data,1,0,,4,,,counter_st08_characteristic_nop_jig_03_ng
5501,D2824,D,2824,int16,plc_product_data,1,0,,4,,,counter_st08_characteristic_hold_jig_03_ng
5502,D2826,D,2826,int16,plc_product_data,1,0,,4,,,counter_st08_characteristic_rel_jig_03_ng
5503,D2828,D,2828,int16,plc_product_data,1,0,,4,,,counter_st08_sync_time_jig_03_ng
5504,D2830,D,2830,int16,plc_product_data,1,0,,4,,,counter_st08_characteristic_op_jig_04_ng
5505,D2832,D,2832,int16,plc_product_data,1,0,,4,,,counter_st08_characteristic_nop_jig_04_ng
5506,D2834,D,2834,int16,plc_product_data,1,0,,4,,,counter_st08_characteristic_hold_jig_04_ng
5507,D2836,D,2836,int16,plc_product_data,1,0,,4,,,counter_st08_characteristic_rel_jig_04_ng
5508,D2838,D,2838,int16,plc_product_data,1,0,,4,,,counter_st08_sync_time_jig_04_ng
5509,D3460,D,3460,uint32,plc_product_data,1,0,,6,,,counter_st08_line_characteristic_op_ng_total
5510,D3462,D,3462,uint32,plc_product_data,1,0,,6,,,counter_st08_line_characteristic_nop_ng_total
5511,D3464,D,3464,uint32,plc_product_data,1,0,,6,,,counter_st08_line_characteristic_hold_ng_total
5512,D3466,D,3466,uint32,plc_product_data,1,0,,6,,,counter_st08_line_characteristic_rel_ng_total
5513,D3470,D,3470,float32,plc_product_data,1,0,2,,,,measurement_st08_line_op_voltage_upper_ng_rate
5514,D3472,D,3472,float32,plc_product_data,1,0,2,,,,measurement_st08_line_op_voltage_lower_ng_rate
5515,D3474,D,3474,float32,plc_product_data,1,0,2,,,,measurement_st08_line_rel_voltage_upper_ng_rate
5516,D3476,D,3476,float32,plc_product_data,1,0,2,,,,measurement_st08_line_rel_voltage_lower_ng_rate
5517,D3480,D,3480,int16,plc_setting_data,1,0,,4,,,setting_st08_op_voltage_jig_01_upper_ng_alarm
5518,D3482,D,3482,int16,plc_setting_data,1,0,,4,,,setting_st08_op_voltage_jig_01_lower_ng_alarm
5519,D3484,D,3484,int16,plc_setting_data,1,0,,4,,,setting_st08_rel_voltage_jig_01_upper_ng_alarm
5520,D3486,D,3486,int16,plc_setting_data,1,0,,4,,,setting_st08_rel_voltage_jig_01_lower_ng_alarm
5521,M327,M,327,bool,plc_product_data,1,0,,,,,status_st08_action_voltage_tester_01_off
5522,M328,M,328,bool,plc_product_data,1,0,,,,,status_st08_action_voltage_tester_02_off
5523,M329,M,329,bool,plc_product_data,1,0,,,,,status_st08_action_voltage_tester_03_off
5524,M330,M,330,bool,plc_product_data,1,0,,,,,status_st08_action_voltage_tester_04_off
5525,L148,L,148,bool,plc_product_data,1,0,,,,,status_st08_active
5526,L168,L,168,bool,plc_product_data,1,0,,,,,status_st08_empty
5527,L206,L,206,bool,plc_product_data,1,0,,,,,measurement_st08_clear
5528,L216,L,216,bool,plc_product_data,1,0,,,,,measurement_st08_clear
5529,L224,L,224,bool,plc_product_data,1,0,,,,,measurement_st08_pin_clear
5530,L412,L,412,bool,plc_product_data,1,0,,,,,measurement_st08_detect_05_updown_cylinder
5531,L1158,L,1158,bool,plc_setting_data,1,0,,,,,setting_st08_station_mask
5532,L1234,L,1234,bool,plc_setting_data,1,0,,,,,setting_st08_action_voltage_01_mask
5533,L1235,L,1235,bool,plc_setting_data,1,0,,,,,setting_st08_action_voltage_02_mask
5534,L1236,L,1236,bool,plc_setting_data,1,0,,,,,setting_st08_action_voltage_03_mask
5535,L1237,L,1237,bool,plc_setting_data,1,0,,,,,setting_st08_action_voltage_04_mask
5536,L2012,L,2012,bool,plc_product_data,1,0,,,,,measurement_st08_detect_05_updown_cylinder_manual
5537,L3012,L,3012,bool,plc_product_data,1,0,,,,,status_st08_detect_05_updown_cylinder_abnormal
5538,X136,X,136,bool,plc_product_data,1,0,,,,,measurement_st08_station_08_updown_cylinder_05_origin
5539,X137,X,137,bool,plc_product_data,1,0,,,,,measurement_st08_station_08_cylinder_updown_05_end
5540,X168,X,168,bool,plc_product_data,1,0,,,,,judgment_st08_01_ok
5541,X169,X,169,bool,plc_product_data,1,0,,,,,judgment_st08_01_ng
5542,X16A,X,16A,bool,plc_product_data,1,0,,,,,judgment_st08_02_ok
5543,X16B,X,16B,bool,plc_product_data,1,0,,,,,judgment_st08_02_ng
5544,X16C,X,16C,bool,plc_product_data,1,0,,,,,judgment_st08_03_ok
5545,X16D,X,16D,bool,plc_product_data,1,0,,,,,judgment_st08_03_ng
5546,X16E,X,16E,bool,plc_product_data,1,0,,,,,judgment_st08_04_ok
5547,X16F,X,16F,bool,plc_product_data,1,0,,,,,judgment_st08_04_ng
5548,Y42B,Y,42B,bool,plc_product_data,1,0,,,,,measurement_st08_detect_05_updown_cylinder
5549,D1350,D,1350,uint32,plc_product_data,1,0,,6,,,counter_st09_pin_usage_pcs
5550,D1430,D,1430,int16,plc_product_data,1,0,,4,,,judgment_st09_ok_01
5551,D1431,D,1431,int16,plc_product_data,1,0,,4,,,judgment_st09_ng_01
5552,D1432,D,1432,int16,plc_product_data,1,0,,4,,,judgment_st09_ok_02
5553,D1433,D,1433,int16,plc_product_data,1,0,,4,,,judgment_st09_ng_02
5554,D1434,D,1434,int16,plc_product_data,1,0,,4,,,judgment_st09_ok_03
5555,D1435,D,1435,int16,plc_product_data,1,0,,4,,,judgment_st09_ng_03
5556,D1436,D,1436,int16,plc_product_data,1,0,,4,,,judgment_st09_ok_04
5557,D1437,D,1437,int16,plc_product_data,1,0,,4,,,judgment_st09_ng_04
5558,D1455,D,1455,int16,plc_product_data,1,0,,4,,,measurement_st09_station_09_result
5559,D1514,D,1514,int16,plc_product_data,1,0,,4,,,judgment_st09_continuous_ng
5560,D2700,D,2700,int16,plc_product_data,1,0,,4,,,counter_st09_characteristic_jig_01_ok
5561,D2704,D,2704,int16,plc_product_data,1,0,,4,,,counter_st09_characteristic_jig_02_ok
5562,D2708,D,2708,int16,plc_product_data,1,0,,4,,,counter_st09_characteristic_jig_03_ok
5563,D2712,D,2712,int16,plc_product_data,1,0,,4,,,counter_st09_characteristic_jig_04_ok
5564,D2720,D,2720,uint32,plc_product_data,1,0,,6,,,judgment_st09_characteristic_jig_01_result_state
5565,D2722,D,2722,uint32,plc_product_data,1,0,,6,,,judgment_st09_characteristic_jig_02_result_state
5566,D2724,D,2724,uint32,plc_product_data,1,0,,6,,,judgment_st09_characteristic_jig_03_result_state
5567,D2726,D,2726,uint32,plc_product_data,1,0,,6,,,judgment_st09_characteristic_jig_04_result_state
5568,D3420,D,3420,int16,plc_product_data,1,0,,4,,,counter_st09_characteristic_op_jig_01_ng
5569,D3422,D,3422,int16,plc_product_data,1,0,,4,,,counter_st09_characteristic_nop_jig_01_ng
5570,D3424,D,3424,int16,plc_product_data,1,0,,4,,,counter_st09_characteristic_hold_jig_01_ng
5571,D3426,D,3426,int16,plc_product_data,1,0,,4,,,counter_st09_characteristic_rel_jig_01_ng
5572,D3430,D,3430,int16,plc_product_data,1,0,,4,,,counter_st09_characteristic_op_jig_02_ng
5573,D3432,D,3432,int16,plc_product_data,1,0,,4,,,counter_st09_characteristic_nop_jig_02_ng
5574,D3434,D,3434,int16,plc_product_data,1,0,,4,,,counter_st09_characteristic_hold_jig_02_ng
5575,D3436,D,3436,int16,plc_product_data,1,0,,4,,,counter_st09_characteristic_rel_jig_02_ng
5576,D3440,D,3440,int16,plc_product_data,1,0,,4,,,counter_st09_characteristic_op_jig_03_ng
5577,D3442,D,3442,int16,plc_product_data,1,0,,4,,,counter_st09_characteristic_nop_jig_03_ng
5578,D3444,D,3444,int16,plc_product_data,1,0,,4,,,counter_st09_characteristic_hold_jig_03_ng
5579,D3446,D,3446,int16,plc_product_data,1,0,,4,,,counter_st09_characteristic_rel_jig_03_ng
5580,D3450,D,3450,int16,plc_product_data,1,0,,4,,,counter_st09_characteristic_op_jig_04_ng
5581,D3452,D,3452,int16,plc_product_data,1,0,,4,,,counter_st09_characteristic_nop_jig_04_ng
5582,D3454,D,3454,int16,plc_product_data,1,0,,4,,,counter_st09_characteristic_hold_jig_04_ng
5583,D3456,D,3456,int16,plc_product_data,1,0,,4,,,counter_st09_characteristic_rel_jig_04_ng
5584,M2000,M,2000,bool,plc_product_data,1,0,,,,,judgment_st09_characteristic_jig_01_ok
5586,M2002,M,2002,bool,plc_product_data,1,0,,,,,judgment_st09_characteristic_jig_01_nop
5587,M2003,M,2003,bool,plc_product_data,1,0,,,,,judgment_st09_characteristic_jig_01_op
5588,M2004,M,2004,bool,plc_product_data,1,0,,,,,judgment_st09_characteristic_jig_01_hold
5589,M2005,M,2005,bool,plc_product_data,1,0,,,,,judgment_st09_characteristic_jig_01_rel
5590,M2010,M,2010,bool,plc_product_data,1,0,,,,,judgment_st09_characteristic_jig_02_ok
5592,M2012,M,2012,bool,plc_product_data,1,0,,,,,judgment_st09_characteristic_jig_02_nop
5593,M2013,M,2013,bool,plc_product_data,1,0,,,,,judgment_st09_characteristic_jig_02_op
5594,M2014,M,2014,bool,plc_product_data,1,0,,,,,judgment_st09_characteristic_jig_02_hold
5595,M2015,M,2015,bool,plc_product_data,1,0,,,,,judgment_st09_characteristic_jig_02_rel
5596,M2020,M,2020,bool,plc_product_data,1,0,,,,,judgment_st09_characteristic_jig_03_ok
5598,M2022,M,2022,bool,plc_product_data,1,0,,,,,judgment_st09_characteristic_jig_03_nop
5599,M2023,M,2023,bool,plc_product_data,1,0,,,,,judgment_st09_characteristic_jig_03_op
5600,M2024,M,2024,bool,plc_product_data,1,0,,,,,judgment_st09_characteristic_jig_03_hold
5601,M2025,M,2025,bool,plc_product_data,1,0,,,,,judgment_st09_characteristic_jig_03_rel
5602,M2030,M,2030,bool,plc_product_data,1,0,,,,,judgment_st09_characteristic_jig_04_ok
5604,M2032,M,2032,bool,plc_product_data,1,0,,,,,judgment_st09_characteristic_jig_04_nop
5605,M2033,M,2033,bool,plc_product_data,1,0,,,,,judgment_st09_characteristic_jig_04_op
5606,M2034,M,2034,bool,plc_product_data,1,0,,,,,judgment_st09_characteristic_jig_04_hold
5607,M2035,M,2035,bool,plc_product_data,1,0,,,,,judgment_st09_characteristic_jig_04_rel
5608,L149,L,149,bool,plc_product_data,1,0,,,,,status_st09_active
5609,L169,L,169,bool,plc_product_data,1,0,,,,,status_st09_empty
5610,L207,L,207,bool,plc_product_data,1,0,,,,,measurement_st09_clear
5611,L225,L,225,bool,plc_product_data,1,0,,,,,measurement_st09_pin_clear
5612,L241,L,241,bool,plc_product_data,1,0,,,,,judgment_st09_01_ng_clear
5613,L242,L,242,bool,plc_product_data,1,0,,,,,judgment_st09_02_ng_clear
5614,L243,L,243,bool,plc_product_data,1,0,,,,,judgment_st09_03_ng_clear
5615,L244,L,244,bool,plc_product_data,1,0,,,,,judgment_st09_04_ng_clear
5616,L413,L,413,bool,plc_product_data,1,0,,,,,measurement_st09_detect_06_updown_cylinder
5617,L1159,L,1159,bool,plc_setting_data,1,0,,,,,setting_st09_station_mask
5618,L1240,L,1240,bool,plc_setting_data,1,0,,,,,setting_st09_action_voltage_01_mask
5619,L1241,L,1241,bool,plc_setting_data,1,0,,,,,setting_st09_action_voltage_02_mask
5620,L1242,L,1242,bool,plc_setting_data,1,0,,,,,setting_st09_action_voltage_03_mask
5621,L1243,L,1243,bool,plc_setting_data,1,0,,,,,setting_st09_action_voltage_04_mask
5622,L2013,L,2013,bool,plc_product_data,1,0,,,,,measurement_st09_detect_06_updown_cylinder_manual
5623,L3013,L,3013,bool,plc_product_data,1,0,,,,,status_st09_detect_06_updown_cylinder_abnormal
5624,X138,X,138,bool,plc_product_data,1,0,,,,,measurement_st09_station_09_updown_cylinder_06_origin
5625,X139,X,139,bool,plc_product_data,1,0,,,,,measurement_st09_station_09_updown_cylinder_06_end
5626,Y42C,Y,42C,bool,plc_product_data,1,0,,,,,measurement_st09_detect_06_updown_cylinder
5627,D1352,D,1352,uint32,plc_product_data,1,0,,6,,,counter_st10_pin_usage_pcs
5628,D1440,D,1440,int16,plc_product_data,1,0,,4,,,judgment_st10_ok_01
5629,D1441,D,1441,int16,plc_product_data,1,0,,4,,,judgment_st10_ng_01
5630,D1442,D,1442,int16,plc_product_data,1,0,,4,,,judgment_st10_ok_02
5631,D1443,D,1443,int16,plc_product_data,1,0,,4,,,judgment_st10_ng_02
5632,D1444,D,1444,int16,plc_product_data,1,0,,4,,,judgment_st10_ok_03
5633,D1445,D,1445,int16,plc_product_data,1,0,,4,,,judgment_st10_ng_03
5634,D1446,D,1446,int16,plc_product_data,1,0,,4,,,judgment_st10_ok_04
5635,D1447,D,1447,int16,plc_product_data,1,0,,4,,,judgment_st10_ng_04
5636,D1456,D,1456,int16,plc_product_data,1,0,,4,,,measurement_st10_station_10_result
5637,D1516,D,1516,int16,plc_product_data,1,0,,4,,,judgment_st10_continuous_ng
5638,M106,M,106,bool,plc_product_data,1,0,,,,,measurement_st10_product_01_l_contact_switch
5639,M107,M,107,bool,plc_product_data,1,0,,,,,measurement_st10_product_01_r_contact_switch
5640,M108,M,108,bool,plc_product_data,1,0,,,,,measurement_st10_product_02_l_contact_switch
5641,M109,M,109,bool,plc_product_data,1,0,,,,,measurement_st10_product_02_r_contact_switch
5642,M110,M,110,bool,plc_product_data,1,0,,,,,measurement_st10_product_03_l_contact_switch
5643,M111,M,111,bool,plc_product_data,1,0,,,,,measurement_st10_product_03_r_contact_switch
5644,M112,M,112,bool,plc_product_data,1,0,,,,,measurement_st10_product_04_l_contact_switch
5645,M113,M,113,bool,plc_product_data,1,0,,,,,measurement_st10_product_04_r_contact_switch
5646,M116,M,116,bool,plc_product_data,1,0,,,,,measurement_st10_product_01_coil_switch
5647,M117,M,117,bool,plc_product_data,1,0,,,,,measurement_st10_product_02_coil_switch
5648,M118,M,118,bool,plc_product_data,1,0,,,,,measurement_st10_product_03_coil_switch
5649,M119,M,119,bool,plc_product_data,1,0,,,,,measurement_st10_product_04_coil_switch
5650,M404,M,404,bool,plc_product_data,1,0,,,,,measurement_st10_product_01_resistance
5651,M405,M,405,bool,plc_product_data,1,0,,,,,measurement_st10_product_02_resistance
5652,M406,M,406,bool,plc_product_data,1,0,,,,,measurement_st10_product_03_resistance
5653,M407,M,407,bool,plc_product_data,1,0,,,,,measurement_st10_product_04_resistance
5654,L150,L,150,bool,plc_product_data,1,0,,,,,status_st10_active
5655,L170,L,170,bool,plc_product_data,1,0,,,,,status_st10_empty
5656,L208,L,208,bool,plc_product_data,1,0,,,,,measurement_st10_clear
5657,L226,L,226,bool,plc_product_data,1,0,,,,,measurement_st10_pin_clear
5658,L414,L,414,bool,plc_product_data,1,0,,,,,measurement_st10_detect_07_updown_cylinder
5659,L415,L,415,bool,plc_product_data,1,0,,,,,measurement_st10_detect_71
5660,L1160,L,1160,bool,plc_setting_data,1,0,,,,,setting_st10_station_mask
5661,L1230,L,1230,bool,plc_setting_data,1,0,,,,,setting_st10_resistance_01_mask
5662,L1231,L,1231,bool,plc_setting_data,1,0,,,,,setting_st10_resistance_02_mask
5663,L1232,L,1232,bool,plc_setting_data,1,0,,,,,setting_st10_resistance_03_mask
5664,L1233,L,1233,bool,plc_setting_data,1,0,,,,,setting_st10_resistance_04_mask
5665,L2014,L,2014,bool,plc_product_data,1,0,,,,,measurement_st10_detect_07_updown_cylinder_manual
5666,L2015,L,2015,bool,plc_product_data,1,0,,,,,measurement_st10_detect_71_manual
5667,L3014,L,3014,bool,plc_product_data,1,0,,,,,status_st10_detect_07_updown_cylinder_abnormal
5668,L3015,L,3015,bool,plc_product_data,1,0,,,,,status_st10_detect_71_abnormal
5669,X13A,X,13A,bool,plc_product_data,1,0,,,,,measurement_st10_station_10_updown_cylinder_07_origin
5670,X13B,X,13B,bool,plc_product_data,1,0,,,,,measurement_st10_station_10_cylinder_updown_07_end
5671,Y42D,Y,42D,bool,plc_product_data,1,0,,,,,measurement_st10_detect_07_updown_cylinder
5672,Y42E,Y,42E,bool,plc_product_data,1,0,,,,,measurement_st10_detect_07
5673,Y444,Y,444,bool,plc_product_data,1,0,,,,,measurement_st10_detect_coil_01_start_relay
5674,Y445,Y,445,bool,plc_product_data,1,0,,,,,measurement_st10_detect_coil_02_start_relay
5675,Y446,Y,446,bool,plc_product_data,1,0,,,,,measurement_st10_detect_coil_03_start_relay
5676,Y447,Y,447,bool,plc_product_data,1,0,,,,,measurement_st10_detect_coil_04_start_relay
5677,Y45A,Y,45A,bool,plc_product_data,1,0,,,,,measurement_st10_detect_switch_to_relay_01
5678,Y45B,Y,45B,bool,plc_product_data,1,0,,,,,measurement_st10_detect_switch_to_relay_02
5679,Y45C,Y,45C,bool,plc_product_data,1,0,,,,,measurement_st10_detect_switch_to_relay_03
5680,Y45D,Y,45D,bool,plc_product_data,1,0,,,,,measurement_st10_detect_switch_to_relay_04
5681,Y45E,Y,45E,bool,plc_product_data,1,0,,,,,measurement_st10_detect_switch_to_relay_05
5682,Y45F,Y,45F,bool,plc_product_data,1,0,,,,,measurement_st10_detect_switch_to_relay_06
5683,Y460,Y,460,bool,plc_product_data,1,0,,,,,measurement_st10_detect_switch_to_relay_07
5684,Y461,Y,461,bool,plc_product_data,1,0,,,,,measurement_st10_detect_switch_to_relay_08
5685,D528,D,528,int16,plc_product_data,1,0,,4,,,judgment_st11_ng_positioning_position
5686,D530,D,530,int16,plc_product_data,1,0,,4,,,judgment_st11_ng_position_01
5687,D532,D,532,int16,plc_product_data,1,0,,4,,,judgment_st11_ng_position_02
5688,D534,D,534,int16,plc_product_data,1,0,,4,,,judgment_st11_ng_position_03
5689,D536,D,536,int16,plc_product_data,1,0,,4,,,judgment_st11_ng_position_04
5690,D540,D,540,int32,plc_product_data,1,0,,8,,,measurement_st11_coil_resistance_ng_position_clip_01
5691,D542,D,542,int32,plc_product_data,1,0,,8,,,measurement_st11_coil_resistance_ng_position_clip_02
5692,D544,D,544,int32,plc_product_data,1,0,,8,,,measurement_st11_coil_resistance_ng_position_clip_03
5693,D546,D,546,int32,plc_product_data,1,0,,8,,,measurement_st11_coil_resistance_ng_position_clip_04
5694,D550,D,550,int32,plc_product_data,1,0,,8,,,measurement_st11_terminal_dielectric_01_ng_position_clip_01
5695,D552,D,552,int32,plc_product_data,1,0,,8,,,measurement_st11_terminal_dielectric_01_ng_position_clip_02
5696,D554,D,554,int32,plc_product_data,1,0,,8,,,measurement_st11_terminal_dielectric_01_ng_position_clip_03
5697,D556,D,556,int32,plc_product_data,1,0,,8,,,measurement_st11_terminal_dielectric_01_ng_position_clip_04
5698,D560,D,560,int32,plc_product_data,1,0,,8,,,measurement_st11_terminal_dielectric_02_ng_position_clip_01
5699,D562,D,562,int32,plc_product_data,1,0,,8,,,measurement_st11_terminal_dielectric_02_ng_position_clip_02
5700,D564,D,564,int32,plc_product_data,1,0,,8,,,measurement_st11_terminal_dielectric_02_ng_position_clip_03
5701,D566,D,566,int32,plc_product_data,1,0,,8,,,measurement_st11_terminal_dielectric_02_ng_position_clip_04
5702,D570,D,570,int32,plc_product_data,1,0,,8,,,measurement_st11_action_voltage_ng_position_clip_01
5703,D572,D,572,int32,plc_product_data,1,0,,8,,,measurement_st11_action_voltage_ng_position_clip_02
5704,D574,D,574,int32,plc_product_data,1,0,,8,,,measurement_st11_action_voltage_ng_position_clip_03
5705,D576,D,576,int32,plc_product_data,1,0,,8,,,measurement_st11_action_voltage_ng_position_clip_04
5706,D580,D,580,int32,plc_product_data,1,0,,8,,,measurement_st11_reset_voltage_ng_position_clip_01
5707,D582,D,582,int32,plc_product_data,1,0,,8,,,measurement_st11_reset_voltage_ng_position_clip_02
5708,D584,D,584,int32,plc_product_data,1,0,,8,,,measurement_st11_reset_voltage_ng_position_clip_03
5709,D586,D,586,int32,plc_product_data,1,0,,8,,,measurement_st11_reset_voltage_ng_position_clip_04
5710,D590,D,590,int32,plc_product_data,1,0,,8,,,measurement_st11_contact_resistance_ng_position_clip_01
5711,D592,D,592,int32,plc_product_data,1,0,,8,,,measurement_st11_contact_resistance_ng_position_clip_02
5712,D594,D,594,int32,plc_product_data,1,0,,8,,,measurement_st11_contact_resistance_ng_position_clip_03
5713,D596,D,596,int32,plc_product_data,1,0,,8,,,measurement_st11_contact_resistance_ng_position_clip_04
5714,M528,M,528,bool,plc_product_data,1,0,,,,,judgment_st11_station_11_ng_01
5715,M529,M,529,bool,plc_product_data,1,0,,,,,judgment_st11_station_11_ng_02
5716,L151,L,151,bool,plc_product_data,1,0,,,,,status_st11_active
5717,L171,L,171,bool,plc_product_data,1,0,,,,,status_st11_empty
5718,L209,L,209,bool,plc_product_data,1,0,,,,,measurement_st11_clear
5719,L423,L,423,bool,plc_product_data,1,0,,,,,judgment_st11_ng_pusher_cylinder
5720,L727,L,727,bool,plc_product_data,1,0,,,,,judgment_st11_ng_full_material
5721,L728,L,728,bool,plc_product_data,1,0,,,,,judgment_st11_ng_no_material
5722,L1161,L,1161,bool,plc_setting_data,1,0,,,,,setting_st11_station_mask
5723,L1211,L,1211,bool,plc_product_data,1,0,,,,,judgment_st11_ng_full_material_mask
5724,L1212,L,1212,bool,plc_product_data,1,0,,,,,judgment_st11_ng_mask
5725,L2023,L,2023,bool,plc_product_data,1,0,,,,,judgment_st11_ng_pusher_cylinder_manual
5726,L3023,L,3023,bool,plc_product_data,1,0,,,,,status_st11_ng_pusher_cylinder_abnormal
5727,X116,X,116,bool,plc_product_data,1,0,,,,,measurement_st11_station_11_photoelectric_01
5728,X117,X,117,bool,plc_product_data,1,0,,,,,measurement_st11_station_11_photoelectric_02
5729,X118,X,118,bool,plc_product_data,1,0,,,,,measurement_st11_station_11_photoelectric_03
5730,X119,X,119,bool,plc_product_data,1,0,,,,,measurement_st11_station_11_photoelectric_04
5731,X11A,X,11A,bool,plc_product_data,1,0,,,,,measurement_st11_station_11_photoelectric_05
5732,X11B,X,11B,bool,plc_product_data,1,0,,,,,measurement_st11_station_11_photoelectric_06
5733,X11C,X,11C,bool,plc_product_data,1,0,,,,,measurement_st11_station_11_photoelectric_07
5734,X11D,X,11D,bool,plc_product_data,1,0,,,,,measurement_st11_station_11_photoelectric_08
5735,X140,X,140,bool,plc_product_data,1,0,,,,,measurement_st11_station_11_updown_cylinder_origin
5736,X141,X,141,bool,plc_product_data,1,0,,,,,measurement_st11_station_11_updown_cylinder_end
5737,X142,X,142,bool,plc_product_data,1,0,,,,,measurement_st11_station_11_rotary_cylinder
5738,X143,X,143,bool,plc_product_data,1,0,,,,,measurement_st11_station_11_rotary_cylinder_end
5739,X144,X,144,bool,plc_product_data,1,0,,,,,measurement_st11_station_11_ng_cylinder_origin
5740,X145,X,145,bool,plc_product_data,1,0,,,,,measurement_st11_station_11_ng_cylinder_end
5741,Y436,Y,436,bool,plc_product_data,1,0,,,,,judgment_st11_ng_pusher_cylinder
5742,D206,D,206,uint32,plc_product_data,1,0,,6,,,judgment_ok
5743,D208,D,208,uint32,plc_product_data,1,0,,6,,,judgment_ng_rate
5744,D370,D,370,uint32,plc_product_data,1,0,,6,,,counter_counter
5745,D372,D,372,uint32,plc_product_data,1,0,,6,,,judgment_ok_counter
5746,D374,D,374,uint32,plc_product_data,1,0,,6,,,judgment_ng_counter
5747,D376,D,376,uint32,plc_product_data,1,0,,6,,,judgment_ok_counter
5748,D378,D,378,uint32,plc_product_data,1,0,,6,,,judgment_ng_rate_counter
5749,D400,D,400,float32,plc_setting_data,,0,,8,,,setting_dc12v1_voltage_setting
5750,D402,D,402,float32,plc_setting_data,,0,,8,,,setting_dc12v2_voltage_setting
5751,D404,D,404,float32,plc_setting_data,,0,,8,,,setting_dc12v1_current_a_setting
5752,D406,D,406,float32,plc_setting_data,,0,,8,,,setting_dc12v2_current_a_setting
5753,D420,D,420,float32,plc_product_data,,0,,8,,,measurement_01_voltage
5754,D422,D,422,float32,plc_product_data,,0,,8,,,measurement_01_current_a
5755,D424,D,424,float32,plc_product_data,,0,,8,,,measurement_02_voltage
5756,D426,D,426,float32,plc_product_data,,0,,8,,,measurement_02_current_a
5757,D1260,D,1260,uint32,plc_product_data,1,0,,6,,,counter_line_ng_total_production
5758,D1264,D,1264,uint32,plc_product_data,1,0,,6,,,counter_line_characteristic_op_ng_total
5759,D1266,D,1266,uint32,plc_product_data,1,0,,6,,,counter_line_characteristic_nop_ng_total
5760,D1268,D,1268,uint32,plc_product_data,1,0,,6,,,counter_line_characteristic_hold_ng_total
5761,D1270,D,1270,uint32,plc_product_data,1,0,,6,,,counter_line_characteristic_rel_ng_total
5762,D1460,D,1460,int16,plc_setting_data,1,0,,4,,,setting_line_op_voltage_upper_ng_alarm
5763,D1462,D,1462,int16,plc_setting_data,1,0,,4,,,setting_line_op_voltage_lower_ng_alarm
5764,D1464,D,1464,int16,plc_setting_data,1,0,,4,,,setting_line_rel_voltage_upper_ng_alarm
5765,D1466,D,1466,int16,plc_setting_data,1,0,,4,,,setting_line_rel_voltage_lower_ng_alarm
5766,D1468,D,1468,int16,plc_setting_data,1,0,,4,,,setting_line_sync_time_ng_alarm
5767,D2002,D,2002,int16,plc_product_data,1,0,,4,,,judgment_aging_jig_02_result
5768,D2004,D,2004,int16,plc_product_data,1,0,,4,,,judgment_aging_jig_03_result
5769,D2006,D,2006,int16,plc_product_data,1,0,,4,,,judgment_aging_jig_04_result
5770,D2010,D,2010,int16,plc_product_data,1,0,,4,,,counter_aging_jig_01_ok
5771,D2012,D,2012,int16,plc_product_data,1,0,,4,,,counter_aging_jig_01_ng
5772,D2014,D,2014,int16,plc_product_data,1,0,,4,,,counter_aging_jig_02_ok
5773,D2016,D,2016,int16,plc_product_data,1,0,,4,,,counter_aging_jig_02_ng
5774,D2018,D,2018,int16,plc_product_data,1,0,,4,,,counter_aging_jig_03_ok
5775,D2020,D,2020,int16,plc_product_data,1,0,,4,,,counter_aging_jig_03_ng
5776,D2022,D,2022,int16,plc_product_data,1,0,,4,,,counter_aging_jig_04_ok
5777,D2024,D,2024,int16,plc_product_data,1,0,,4,,,counter_aging_jig_04_ng
5778,D2030,D,2030,uint32,plc_product_data,1,0,,6,,,counter_aging_jig_01_on_count_l
5779,D2032,D,2032,uint32,plc_product_data,1,0,,6,,,counter_aging_jig_01_on_count_r
5780,D2034,D,2034,uint32,plc_product_data,1,0,,6,,,counter_aging_jig_02_on_count_l
5781,D2036,D,2036,uint32,plc_product_data,1,0,,6,,,counter_aging_jig_02_on_count_r
5782,D2038,D,2038,uint32,plc_product_data,1,0,,6,,,counter_aging_jig_03_on_count_l
5783,D2040,D,2040,uint32,plc_product_data,1,0,,6,,,counter_aging_jig_03_on_count_r
5784,D2042,D,2042,uint32,plc_product_data,1,0,,6,,,counter_aging_jig_04_on_count_l
5785,D2044,D,2044,uint32,plc_product_data,1,0,,6,,,counter_aging_jig_04_on_count_r
5786,D2050,D,2050,uint32,plc_product_data,1,0,,6,,,counter_aging_jig_01_off_count_l
5787,D2052,D,2052,uint32,plc_product_data,1,0,,6,,,counter_aging_jig_01_off_count_r
5788,D2054,D,2054,uint32,plc_product_data,1,0,,6,,,counter_aging_jig_02_off_count_l
5789,D2056,D,2056,uint32,plc_product_data,1,0,,6,,,counter_aging_jig_02_off_count_r
5790,D2058,D,2058,uint32,plc_product_data,1,0,,6,,,counter_aging_jig_03_off_count_l
5791,D2060,D,2060,uint32,plc_product_data,1,0,,6,,,counter_aging_jig_03_off_count_r
5792,D2062,D,2062,uint32,plc_product_data,1,0,,6,,,counter_aging_jig_04_off_count_l
5793,D2064,D,2064,uint32,plc_product_data,1,0,,6,,,counter_aging_jig_04_off_count_r
5794,D2070,D,2070,uint32,plc_setting_data,1,0,,6,,,setting_test1_count_setting
5795,D2072,D,2072,uint32,plc_product_data,1,0,,6,,,counter_test1_current_count
5796,D2076,D,2076,uint32,plc_product_data,1,0,,6,,,judgment_test1_ng_current_count
5797,D2130,D,2130,int16,plc_product_data,1,0,,4,,,counter_coil_resistance_jig_01_ok
5798,D2134,D,2134,int16,plc_product_data,1,0,,4,,,counter_coil_resistance_jig_02_ok
5799,D2138,D,2138,int16,plc_product_data,1,0,,4,,,counter_coil_resistance_jig_03_ok
5800,D2142,D,2142,int16,plc_product_data,1,0,,4,,,counter_coil_resistance_jig_04_ok
5801,D2150,D,2150,int16,plc_product_data,1,0,,4,,,judgment_test3_product_01_detect_result
5802,D2152,D,2152,int16,plc_product_data,1,0,,4,,,judgment_test3_product_02_detect_result
5803,D2154,D,2154,int16,plc_product_data,1,0,,4,,,judgment_test3_product_03_detect_result
5804,D2156,D,2156,int16,plc_product_data,1,0,,4,,,judgment_test3_product_04_detect_result
5805,D2160,D,2160,int16,plc_product_data,1,0,,4,,,counter_dielectric_com_m_jig_01_ok
5806,D2164,D,2164,int16,plc_product_data,1,0,,4,,,counter_dielectric_com_m_jig_02_ok
5807,D2168,D,2168,int16,plc_product_data,1,0,,4,,,counter_dielectric_com_m_jig_03_ok
5808,D2172,D,2172,int16,plc_product_data,1,0,,4,,,counter_dielectric_com_m_jig_04_ok
5809,D2186,D,2186,int16,plc_product_data,1,0,,4,,,measurement_test3_tester_03_product_04_detect_file
5810,D2200,D,2200,int16,plc_product_data,1,0,,4,,,judgment_test4_product_01_detect_result
5811,D2202,D,2202,int16,plc_product_data,1,0,,4,,,judgment_test4_product_02_detect_result
5812,D2204,D,2204,int16,plc_product_data,1,0,,4,,,judgment_test4_product_03_detect_result
5813,D2206,D,2206,int16,plc_product_data,1,0,,4,,,judgment_test4_product_04_detect_result
5814,D2210,D,2210,int16,plc_product_data,1,0,,4,,,counter_dielectric_coil_m_jig_01_ok
5815,D2212,D,2212,int16,plc_product_data,1,0,,4,,,counter_dielectric_coil_m_jig_01_ng
5816,D2214,D,2214,int16,plc_product_data,1,0,,4,,,counter_dielectric_coil_m_jig_02_ok
5817,D2216,D,2216,int16,plc_product_data,1,0,,4,,,counter_dielectric_coil_m_jig_02_ng
5818,D2218,D,2218,int16,plc_product_data,1,0,,4,,,counter_dielectric_coil_m_jig_03_ok
5819,D2220,D,2220,int16,plc_product_data,1,0,,4,,,counter_dielectric_coil_m_jig_03_ng
5820,D2222,D,2222,int16,plc_product_data,1,0,,4,,,counter_dielectric_coil_m_jig_04_ok
5821,D2224,D,2224,int16,plc_product_data,1,0,,4,,,counter_dielectric_coil_m_jig_04_ng
5822,D2230,D,2230,int16,plc_product_data,1,0,,4,,,measurement_test4_tester_01_product_01_detect_file
5823,D2232,D,2232,int16,plc_product_data,1,0,,4,,,measurement_test4_tester_01_product_02_detect_file
5824,D2234,D,2234,int16,plc_product_data,1,0,,4,,,measurement_test4_tester_02_product_03_detect_file
5825,D2236,D,2236,int16,plc_product_data,1,0,,4,,,measurement_test4_tester_03_product_04_detect_file
5826,D2260,D,2260,int16,plc_product_data,1,0,,4,,,judgment_contact_resistance_jig_01_result
5827,D2262,D,2262,int16,plc_product_data,1,0,,4,,,judgment_contact_resistance_jig_02_result
5828,D2264,D,2264,int16,plc_product_data,1,0,,4,,,judgment_contact_resistance_jig_03_result
5829,D2266,D,2266,int16,plc_product_data,1,0,,4,,,judgment_contact_resistance_jig_04_result
5830,D2270,D,2270,float32,plc_product_data,,0,,8,,,measurement_contact_resistance_jig_01_l_mohm
5831,D2272,D,2272,float32,plc_product_data,,0,,8,,,measurement_contact_resistance_jig_02_l_mohm
5832,D2274,D,2274,float32,plc_product_data,,0,,8,,,measurement_contact_resistance_jig_03_l_mohm
5833,D2276,D,2276,float32,plc_product_data,,0,,8,,,measurement_contact_resistance_jig_04_l_mohm
5834,D2280,D,2280,float32,plc_product_data,,0,,8,,,measurement_contact_resistance_jig_01_r_mohm
5835,D2282,D,2282,float32,plc_product_data,,0,,8,,,measurement_contact_resistance_jig_02_r_mohm
5836,D2284,D,2284,float32,plc_product_data,,0,,8,,,measurement_contact_resistance_jig_03_r_mohm
5837,D2286,D,2286,float32,plc_product_data,,0,,8,,,measurement_contact_resistance_jig_04_r_mohm
5838,D2290,D,2290,int16,plc_product_data,1,0,,4,,,counter_contact_resistance_jig_01_ok
5839,D2292,D,2292,int16,plc_product_data,1,0,,4,,,counter_contact_resistance_jig_01_ng
5840,D2294,D,2294,int16,plc_product_data,1,0,,4,,,counter_contact_resistance_jig_02_ok
5841,D2296,D,2296,int16,plc_product_data,1,0,,4,,,counter_contact_resistance_jig_02_ng
5842,D2298,D,2298,int16,plc_product_data,1,0,,4,,,counter_contact_resistance_jig_03_ok
5843,D2300,D,2300,int16,plc_product_data,1,0,,4,,,counter_contact_resistance_jig_03_ng
5844,D2302,D,2302,int16,plc_product_data,1,0,,4,,,counter_contact_resistance_jig_04_ok
5845,D2304,D,2304,int16,plc_product_data,1,0,,4,,,counter_contact_resistance_jig_04_ng
5846,D2310,D,2310,int16,plc_product_data,1,0,,4,,,measurement_test7_product_01
5847,D2312,D,2312,int16,plc_product_data,1,0,,4,,,measurement_test7_product_02
5848,D2314,D,2314,int16,plc_product_data,1,0,,4,,,measurement_test7_product_03
5849,D2316,D,2316,int16,plc_product_data,1,0,,4,,,measurement_test7_product_04
5850,D2320,D,2320,float32,plc_setting_data,,0,,8,,,setting_contact_resistance_jig_01_compensation_mohm
5851,D2322,D,2322,float32,plc_setting_data,,0,,8,,,setting_contact_resistance_jig_02_compensation_mohm
5852,D2324,D,2324,float32,plc_setting_data,,0,,8,,,setting_contact_resistance_jig_03_compensation_mohm
5853,D2326,D,2326,float32,plc_setting_data,,0,,8,,,setting_contact_resistance_jig_04_compensation_mohm
5854,D2340,D,2340,int16,plc_product_data,1,0,,4,,,measurement_test7_product_01
5855,D2342,D,2342,int16,plc_product_data,1,0,,4,,,measurement_test7_product_02
5856,D2344,D,2344,int16,plc_product_data,1,0,,4,,,measurement_test7_product_03
5857,D2346,D,2346,int16,plc_product_data,1,0,,4,,,measurement_test7_product_04
5858,D2350,D,2350,float32,plc_setting_data,,0,,8,,,setting_coil_resistance_jig_01_compensation_ohm
5859,D2352,D,2352,float32,plc_setting_data,,0,,8,,,setting_coil_resistance_jig_02_compensation_ohm
5860,D2354,D,2354,float32,plc_setting_data,,0,,8,,,setting_coil_resistance_jig_03_compensation_ohm
5861,D2356,D,2356,float32,plc_setting_data,,0,,8,,,setting_coil_resistance_jig_04_compensation_ohm
5862,D3514,D,3514,int16,plc_product_data,1,0,,4,,,measurement_test2_r_esistance_r_eal_resistance
5863,D3520,D,3520,float32,plc_product_data,,0,,8,,,measurement_test5_status_open_ascll_action_voltage
5864,D3522,D,3522,float32,plc_product_data,,0,,8,,,measurement_test5_openvoltage_l_r_eal_action_voltage
5865,D3524,D,3524,float32,plc_product_data,,0,,8,,,measurement_test5_openvoltage_r_r_eal_action_voltage
5866,D3526,D,3526,float32,plc_product_data,,0,,8,,,measurement_test5_status_r_eset_ascll_reset_voltage
5867,D3528,D,3528,float32,plc_product_data,,0,,8,,,measurement_test5_r_esetvoltage_l_r_eal_reset_voltage
5868,D3530,D,3530,float32,plc_product_data,,0,,8,,,measurement_test5_r_esetvoltage_r_r_eal_reset_voltage
5869,D3532,D,3532,int16,plc_product_data,1,0,,4,,,measurement_test5_status_time_ascll_sync_time
5870,D3534,D,3534,int16,plc_product_data,1,0,,4,,,measurement_test5_time_r_eal_sync_time
5871,D3538,D,3538,int16,plc_product_data,1,0,,4,,,measurement_test7_status_ascll_contact_resistance
5872,D3540,D,3540,int16,plc_product_data,1,0,,4,,,measurement_test7_l_r_esistance_r_eal_resistance
5873,D3542,D,3542,int16,plc_product_data,1,0,,4,,,measurement_test7_r_r_esistance_r_eal_resistance
5874,M165,M,165,bool,plc_product_data,1,0,,,,,status_01_current_a
5875,M169,M,169,bool,plc_product_data,1,0,,,,,status_01_voltage_setting_hmi
5876,M175,M,175,bool,plc_product_data,1,0,,,,,status_01_current_a
5877,M179,M,179,bool,plc_product_data,1,0,,,,,status_02_voltage_setting_hmi
5878,M181,M,181,bool,plc_product_data,1,0,,,,,judgment_ok_day
5879,M182,M,182,bool,plc_product_data,1,0,,,,,judgment_ok_day_sd
5880,M183,M,183,bool,plc_product_data,1,0,,,,,judgment_ok_day_usb
5881,M184,M,184,bool,plc_product_data,1,0,,,,,judgment_ng_day_start
5882,M185,M,185,bool,plc_product_data,1,0,,,,,judgment_ng_day
5883,M186,M,186,bool,plc_product_data,1,0,,,,,judgment_ng_day_sd
5884,M187,M,187,bool,plc_product_data,1,0,,,,,judgment_ng_day_usb
5885,M199,M,199,bool,plc_product_data,1,0,,,,,status_action_voltage_day_save
5886,M410,M,410,bool,plc_product_data,1,0,,,,,measurement_inspection_check_off_inspection_check
5887,M1001,M,1001,bool,plc_product_data,1,0,,,,,judgment_agi_ng_test
5888,M1003,M,1003,bool,plc_product_data,1,0,,,,,status_dielectric_com_m_test
5889,M1004,M,1004,bool,plc_product_data,1,0,,,,,status_dielectric_coi_l_m_l_r_test
5890,M1005,M,1005,bool,plc_product_data,1,0,,,,,status_reset_voltage_01_test
5891,M1006,M,1006,bool,plc_product_data,1,0,,,,,status_reset_voltage_02_test
5892,L5,L,5,bool,plc_product_data,1,0,,,,,measurement_clear
5893,L6,L,6,bool,plc_product_data,1,0,,,,,measurement_total_clear
5894,L215,L,215,bool,plc_product_data,1,0,,,,,judgment_ok_clear
5895,L234,L,234,bool,plc_product_data,1,0,,,,,judgment_upper_ng_clear
5896,L237,L,237,bool,plc_product_data,1,0,,,,,judgment_lower_ng_clear
5897,L238,L,238,bool,plc_product_data,1,0,,,,,judgment_reset_upper_ng_clear
5898,L239,L,239,bool,plc_product_data,1,0,,,,,judgment_reset_lower_ng_clear
5899,L240,L,240,bool,plc_product_data,1,0,,,,,judgment_sync_time_ng_clear
5900,L601,L,601,bool,plc_product_data,1,0,,,,,status_01_on_abnormal_st05_resistance_01
5901,L602,L,602,bool,plc_product_data,1,0,,,,,status_02_on_abnormal_st05_resistance_02
5902,L603,L,603,bool,plc_product_data,1,0,,,,,status_03_on_abnormal_st06_dielectric_01
5903,L604,L,604,bool,plc_product_data,1,0,,,,,status_04_on_abnormal_st06_dielectric_02
5904,L605,L,605,bool,plc_product_data,1,0,,,,,status_05_on_abnormal_st07_dielectric_01
5905,L606,L,606,bool,plc_product_data,1,0,,,,,status_06_on_abnormal_st07_dielectric_02
5906,L607,L,607,bool,plc_product_data,1,0,,,,,status_07_on_abnormal_st08_action_voltage_01
5907,L608,L,608,bool,plc_product_data,1,0,,,,,status_08_on_abnormal_st08_action_voltage_02
5908,L609,L,609,bool,plc_product_data,1,0,,,,,status_09_on_abnormal_st08_action_voltage_03
5909,L610,L,610,bool,plc_product_data,1,0,,,,,status_10_on_abnormal_st08_action_voltage_04
5910,L613,L,613,bool,plc_product_data,1,0,,,,,status_13_on_abnormal_st10_resistance_01
5911,L614,L,614,bool,plc_product_data,1,0,,,,,status_14_on_abnormal_st10_resistance_02
5912,L615,L,615,bool,plc_product_data,1,0,,,,,status_15_on_abnormal_st10_resistance_03
5913,L616,L,616,bool,plc_product_data,1,0,,,,,status_16_on_abnormal_st10_resistance_04
5914,L621,L,621,bool,plc_product_data,1,0,,,,,status_01_off_abnormal_st05_resistance_01
5915,L622,L,622,bool,plc_product_data,1,0,,,,,status_02_off_abnormal_st05_resistance_02
5916,L623,L,623,bool,plc_product_data,1,0,,,,,status_03_off_abnormal_st06_dielectric_01
5917,L624,L,624,bool,plc_product_data,1,0,,,,,status_04_off_abnormal_st06_dielectric_02
5918,L625,L,625,bool,plc_product_data,1,0,,,,,status_05_off_abnormal_st07_dielectric_01
5919,L626,L,626,bool,plc_product_data,1,0,,,,,status_06_off_abnormal_st07_dielectric_02
5920,L627,L,627,bool,plc_product_data,1,0,,,,,status_07_off_abnormal_st08_action_voltage_01
5921,L628,L,628,bool,plc_product_data,1,0,,,,,status_08_off_abnormal_st08_action_voltage_02
5922,L629,L,629,bool,plc_product_data,1,0,,,,,status_09_off_abnormal_st08_action_voltage_03
5923,L630,L,630,bool,plc_product_data,1,0,,,,,status_10_off_abnormal_st08_action_voltage_04
5924,L633,L,633,bool,plc_product_data,1,0,,,,,status_13_off_abnormal_st10_resistance_01
5925,L634,L,634,bool,plc_product_data,1,0,,,,,status_14_off_abnormal_st10_resistance_02
5926,L635,L,635,bool,plc_product_data,1,0,,,,,status_15_off_abnormal_st10_resistance_03
5927,L636,L,636,bool,plc_product_data,1,0,,,,,status_16_off_abnormal_st10_resistance_04
5928,L641,L,641,bool,plc_product_data,1,0,,,,,status_01_abnormal_st05_resistance_01
5929,L642,L,642,bool,plc_product_data,1,0,,,,,status_02_abnormal_st05_resistance_02
5930,L643,L,643,bool,plc_product_data,1,0,,,,,status_03_abnormal_st06_dielectric_01
5931,L644,L,644,bool,plc_product_data,1,0,,,,,status_04_abnormal_st06_dielectric_02
5932,L645,L,645,bool,plc_product_data,1,0,,,,,status_05_abnormal_st07_dielectric_01
5933,L646,L,646,bool,plc_product_data,1,0,,,,,status_06_abnormal_st07_dielectric_02
5934,L647,L,647,bool,plc_product_data,1,0,,,,,status_07_abnormal_st08_action_voltage_01
5935,L648,L,648,bool,plc_product_data,1,0,,,,,status_08_abnormal_st08_action_voltage_02
5936,L649,L,649,bool,plc_product_data,1,0,,,,,status_09_abnormal_st08_action_voltage_03
5937,L650,L,650,bool,plc_product_data,1,0,,,,,status_10_abnormal_st08_action_voltage_04
5938,L653,L,653,bool,plc_product_data,1,0,,,,,status_13_abnormal_st10_resistance_01
5939,L654,L,654,bool,plc_product_data,1,0,,,,,status_14_abnormal_st10_resistance_02
5940,L655,L,655,bool,plc_product_data,1,0,,,,,status_15_abnormal_st10_resistance_03
5941,L656,L,656,bool,plc_product_data,1,0,,,,,status_16_abnormal_st10_resistance_04
5942,L661,L,661,bool,plc_product_data,1,0,,,,,status_01_abnormal_st05_resistance_01
5943,L662,L,662,bool,plc_product_data,1,0,,,,,status_02_abnormal_st05_resistance_02
5944,L663,L,663,bool,plc_product_data,1,0,,,,,status_03_abnormal_st06_dielectric_01
5945,L664,L,664,bool,plc_product_data,1,0,,,,,status_04_abnormal_st06_dielectric_02
5946,L665,L,665,bool,plc_product_data,1,0,,,,,status_05_abnormal_st07_dielectric_01
5947,L666,L,666,bool,plc_product_data,1,0,,,,,status_06_abnormal_st07_dielectric_02
5948,L667,L,667,bool,plc_product_data,1,0,,,,,status_07_abnormal_st08_action_voltage_01
5949,L668,L,668,bool,plc_product_data,1,0,,,,,status_08_abnormal_st08_action_voltage_02
5950,L669,L,669,bool,plc_product_data,1,0,,,,,status_09_abnormal_st08_action_voltage_03
5951,L670,L,670,bool,plc_product_data,1,0,,,,,status_10_abnormal_st08_action_voltage_04
5952,L673,L,673,bool,plc_product_data,1,0,,,,,status_13_abnormal_st10_resistance_01
5953,L674,L,674,bool,plc_product_data,1,0,,,,,status_14_abnormal_st10_resistance_02
5954,L675,L,675,bool,plc_product_data,1,0,,,,,status_15_abnormal_st10_resistance_03
5955,L676,L,676,bool,plc_product_data,1,0,,,,,status_16_abnormal_st10_resistance_04
5956,L740,L,740,bool,plc_product_data,1,0,,,,,status_ng_upper_alarm
5957,L1250,L,1250,bool,plc_setting_data,1,0,,,,,setting_air_pressure_signal_mask
5958,L1251,L,1251,bool,plc_setting_data,1,0,,,,,setting_mask
5959,L1252,L,1252,bool,plc_setting_data,1,0,,,,,setting_no_material_mask
5960,L1253,L,1253,bool,plc_setting_data,1,0,,,,,setting_on_no_material_mask
5961,L1254,L,1254,bool,plc_setting_data,1,0,,,,,setting_safety_door_mask
5962,X8,X,8,bool,plc_product_data,1,0,,,,,measurement_01_detect
5963,X9,X,9,bool,plc_product_data,1,0,,,,,measurement_02_detect
5964,XA,X,A,bool,plc_product_data,1,0,,,,,measurement_03_detect
5965,XB,X,B,bool,plc_product_data,1,0,,,,,measurement_04_detect
5967,D2,D,2,uint16,plc_product_data,1,0,,4,,,measurement_sei_auto_select_nuber
5968,D16,D,16,uint16,plc_product_data,1,0,,4,,,measurement_recipe_nuber
5971,D218,D,218,uint32,plc_product_data,1,0,,6,,,measurement_current_cycle
5980,D380,D,380,uint32,plc_product_data,1,0,,6,,,measurement_hi_hour
5981,D381,D,381,uint16,plc_product_data,1,0,,4,,,measurement_hi_inute
5982,D382,D,382,uint32,plc_product_data,1,0,,6,,,measurement_hi_second
5983,D384,D,384,uint16,plc_product_data,1,0,,4,,,measurement_new_hour_save
5984,D430,D,430,float32,plc_product_data,,0,,8,,,measurement_power_001send_data
5985,D440,D,440,uint16,plc_product_data,1,0,,4,,,measurement_power_002send_data
5996,D600,D,600,int32,plc_product_data,1,0,,8,,,measurement_006file_data_00
5997,D620,D,620,uint16,plc_product_data,1,0,,4,,,measurement_006file_data_001
5998,D630,D,630,uint16,plc_product_data,1,0,,4,,,measurement_006file_data_002
5999,D800,D,800,uint16,plc_product_data,1,0,,4,,,measurement_007file_data_00
6000,D820,D,820,uint16,plc_product_data,1,0,,4,,,measurement_007file_data_001
6001,D830,D,830,uint16,plc_product_data,1,0,,4,,,measurement_007file_data_002
6002,D1000,D,1000,uint32,plc_setting_data,1,0,,6,,,setting_001pushautospeed
6004,D1004,D,1004,uint32,plc_product_data,1,0,,6,,,measurement_001pushaddress
6010,D1024,D,1024,uint32,plc_product_data,1,0,,6,,,measurement_001_001dischargeaddress
6013,D1200,D,1200,uint16,plc_product_data,1,0,,4,,,measurement_j_i
6014,D1201,D,1201,uint16,plc_product_data,1,0,,4,,,measurement_j_i
6015,D1202,D,1202,uint16,plc_product_data,1,0,,4,,,measurement_j_i
6016,D1203,D,1203,uint16,plc_product_data,1,0,,4,,,measurement_j_i
6017,D1204,D,1204,uint16,plc_product_data,1,0,,4,,,measurement_j_i
6018,D1205,D,1205,uint16,plc_product_data,1,0,,4,,,measurement_j_i
6019,D1206,D,1206,uint16,plc_product_data,1,0,,4,,,measurement_j_i
6020,D1207,D,1207,uint16,plc_product_data,1,0,,4,,,measurement_j_i
6021,D1208,D,1208,uint16,plc_product_data,1,0,,4,,,measurement_j_i
6022,D1209,D,1209,uint16,plc_product_data,1,0,,4,,,measurement_j_i
6023,D1301,D,1301,string,plc_product_data,1,0,,4,,,measurement_odel_002
6024,D1302,D,1302,string,plc_product_data,1,0,,4,,,measurement_odel_003
6025,D1303,D,1303,uint16,plc_product_data,1,0,,4,,,measurement_odel_004
6026,D1304,D,1304,string,plc_product_data,1,0,,4,,,measurement_odel_005
6027,D1305,D,1305,uint16,plc_product_data,1,0,,4,,,measurement_odel_006
6028,D1306,D,1306,uint16,plc_product_data,1,0,,4,,,measurement_odel_007
6029,D1307,D,1307,uint16,plc_product_data,1,0,,4,,,measurement_odel_008
6030,D1308,D,1308,uint16,plc_product_data,1,0,,4,,,measurement_odel_009
6031,D1309,D,1309,uint16,plc_product_data,1,0,,4,,,measurement_odel_001_00
6041,D1520,D,1520,uint32,plc_setting_data,1,0,,6,,,setting_002delay
6046,D2306,D,2306,float32,plc_setting_data,1,0,2,,,,setting_contact_resistance_upper_mohm
6047,D2308,D,2308,float32,plc_setting_data,1,0,2,,,,setting_contact_resistance_lower_mohm
6063,D3411,D,3411,uint16,plc_product_data,1,0,,4,,,measurement_st12_cycle_time
6064,D3412,D,3412,uint16,plc_product_data,1,0,,4,,,measurement_st13_cycle_time
6065,D3413,D,3413,uint16,plc_product_data,1,0,,4,,,measurement_st14_cycle_time
6066,D3414,D,3414,uint16,plc_product_data,1,0,,4,,,measurement_st15_cycle_time
6067,D3415,D,3415,uint16,plc_product_data,1,0,,4,,,measurement_st16_cycle_time
6068,D3416,D,3416,uint32,plc_product_data,1,0,,6,,,measurement_st17_cycle_time
6069,D3417,D,3417,uint16,plc_product_data,1,0,,4,,,measurement_st18_cycle_time
6070,D3418,D,3418,uint32,plc_product_data,1,0,,6,,,measurement_st19_cycle_time
6071,D3500,D,3500,int32,plc_product_data,1,0,,,,,measurement_line_status_ascii_total
6072,D3502,D,3502,int32,plc_product_data,1,0,,8,,,measurement_test_001_aging_status_ascllstatus
6073,D3504,D,3504,int32,plc_product_data,1,0,,8,,,measurement_test_001_aging_on_l_intl
6074,D3506,D,3506,uint16,plc_product_data,1,0,,4,,,measurement_test_001_aging_off_l_intl
6075,D3508,D,3508,uint16,plc_product_data,1,0,,4,,,measurement_test_001_aging_on_r_intr
6076,D3510,D,3510,int16,plc_product_data,1,0,,4,,,measurement_test_001_aging_off_r_intr
6077,D3512,D,3512,int16,plc_product_data,1,0,,4,,,measurement_test_002_coil_resistance_status_ascllstatus
6078,D3516,D,3516,int16,plc_product_data,1,0,,4,,,measurement_test_003_status_ascllstatus
6079,D3518,D,3518,float32,plc_product_data,,0,,8,,,measurement_test_004_status_ascllstatus
6080,D3536,D,3536,int16,plc_product_data,1,0,,4,,,measurement_test_006_status_ascllstatus
6088,D3998,D,3998,int16,plc_product_data,1,0,,4,,,measurement_recipe
6089,D4011,D,4011,string,plc_product_data,1,0,,4,,,measurement_recipe_odel_001
6090,D4012,D,4012,string,plc_product_data,1,0,,4,,,measurement_recipe_odel_001
6091,D4013,D,4013,uint16,plc_product_data,1,0,,4,,,measurement_recipe_odel_001
6092,D4014,D,4014,string,plc_product_data,1,0,,4,,,measurement_recipe_odel_001
6093,D4015,D,4015,uint16,plc_product_data,1,0,,4,,,measurement_recipe_odel_001
6094,D4016,D,4016,string,plc_product_data,1,0,,4,,,measurement_recipe_odel_001
6095,D4017,D,4017,uint16,plc_product_data,1,0,,4,,,measurement_recipe_odel_001
6096,D4018,D,4018,string,plc_product_data,1,0,,4,,,measurement_recipe_odel_001
6097,D4019,D,4019,string,plc_product_data,1,0,,4,,,measurement_recipe_odel_001
6098,D4021,D,4021,string,plc_product_data,1,0,,4,,,measurement_recipe_odel_002
6099,D4022,D,4022,string,plc_product_data,1,0,,4,,,measurement_recipe_odel_002
6100,D4023,D,4023,uint16,plc_product_data,1,0,,4,,,measurement_recipe_odel_002
6101,D4024,D,4024,string,plc_product_data,1,0,,4,,,measurement_recipe_odel_002
6102,D4025,D,4025,uint16,plc_product_data,1,0,,4,,,measurement_recipe_odel_002
6103,D4026,D,4026,string,plc_product_data,1,0,,4,,,measurement_recipe_odel_002
6104,D4027,D,4027,uint16,plc_product_data,1,0,,4,,,measurement_recipe_odel_002
6105,D4028,D,4028,string,plc_product_data,1,0,,4,,,measurement_recipe_odel_002
6106,D4029,D,4029,string,plc_product_data,1,0,,4,,,measurement_recipe_odel_002
6107,D4031,D,4031,string,plc_product_data,1,0,,4,,,measurement_recipe_odel_003
6108,D4032,D,4032,string,plc_product_data,1,0,,4,,,measurement_recipe_odel_003
6109,D4033,D,4033,uint16,plc_product_data,1,0,,4,,,measurement_recipe_odel_003
6110,D4034,D,4034,string,plc_product_data,1,0,,4,,,measurement_recipe_odel_003
6111,D4035,D,4035,uint16,plc_product_data,1,0,,4,,,measurement_recipe_odel_003
6112,D4036,D,4036,string,plc_product_data,1,0,,4,,,measurement_recipe_odel_003
6113,D4037,D,4037,uint16,plc_product_data,1,0,,4,,,measurement_recipe_odel_003
6114,D4038,D,4038,string,plc_product_data,1,0,,4,,,measurement_recipe_odel_003
6115,D4039,D,4039,string,plc_product_data,1,0,,4,,,measurement_recipe_odel_003
6116,D4041,D,4041,string,plc_product_data,1,0,,4,,,measurement_recipe_odel_004
6117,D4042,D,4042,string,plc_product_data,1,0,,4,,,measurement_recipe_odel_004
6118,D4043,D,4043,uint16,plc_product_data,1,0,,4,,,measurement_recipe_odel_004
6119,D4044,D,4044,string,plc_product_data,1,0,,4,,,measurement_recipe_odel_004
6120,D4045,D,4045,uint16,plc_product_data,1,0,,4,,,measurement_recipe_odel_004
6121,D4046,D,4046,uint16,plc_product_data,1,0,,4,,,measurement_recipe_odel_004
6122,D4047,D,4047,uint16,plc_product_data,1,0,,4,,,measurement_recipe_odel_004
6123,D4048,D,4048,uint16,plc_product_data,1,0,,4,,,measurement_recipe_odel_004
6124,D4049,D,4049,uint16,plc_product_data,1,0,,4,,,measurement_recipe_odel_004
6125,D4990,D,4990,uint16,plc_product_data,1,0,,4,,,measurement_end_001
6126,D4991,D,4991,uint16,plc_product_data,1,0,,4,,,measurement_sendend_002
6127,D5000,D,5000,uint16,plc_product_data,1,0,,4,,,measurement_send_data_001word_count
6128,D5001,D,5001,uint16,plc_product_data,1,0,,4,,,measurement_send_data_001
6129,D5029,D,5029,uint16,plc_product_data,1,0,,4,,,measurement_send_dataend_001
6130,D5030,D,5030,uint16,plc_product_data,1,0,,4,,,measurement_send_data_002word_count
6131,D5031,D,5031,uint16,plc_product_data,1,0,,4,,,measurement_send_data_002
6132,D5059,D,5059,uint16,plc_product_data,1,0,,4,,,measurement_send_dataend_002
6133,D5060,D,5060,uint16,plc_product_data,1,0,,4,,,measurement_send_data_003word_count
6134,D5061,D,5061,uint16,plc_product_data,1,0,,4,,,measurement_send_data_003
6135,D5089,D,5089,uint16,plc_product_data,1,0,,4,,,measurement_send_dataend_003
6136,D5100,D,5100,uint16,plc_product_data,1,0,,4,,,measurement_send_data_004word_count
6137,D5101,D,5101,uint16,plc_product_data,1,0,,4,,,measurement_send_data_004
6138,D5129,D,5129,uint16,plc_product_data,1,0,,4,,,measurement_send_dataend_004
6139,D5130,D,5130,uint16,plc_product_data,1,0,,4,,,measurement_send_data_005word_count
6140,D5131,D,5131,uint16,plc_product_data,1,0,,4,,,measurement_send_data_005
6141,D5159,D,5159,uint16,plc_product_data,1,0,,4,,,measurement_send_dataend_005
6142,D5160,D,5160,uint16,plc_product_data,1,0,,4,,,measurement_send_data_006word_count
6143,D5161,D,5161,uint16,plc_product_data,1,0,,4,,,measurement_send_data_006
6144,D5189,D,5189,uint16,plc_product_data,1,0,,4,,,measurement_send_dataend_006
6145,D5200,D,5200,uint16,plc_product_data,1,0,,4,,,measurement_send_data_007word_count
6146,D5201,D,5201,uint16,plc_product_data,1,0,,4,,,measurement_send_data_007
6147,D5229,D,5229,uint16,plc_product_data,1,0,,4,,,measurement_send_dataend_007
6148,D5230,D,5230,uint16,plc_product_data,1,0,,4,,,measurement_send_data_008word_count
6149,D5231,D,5231,uint16,plc_product_data,1,0,,4,,,measurement_send_data_008
6150,D5259,D,5259,uint16,plc_product_data,1,0,,4,,,measurement_send_dataend_008
6151,D5260,D,5260,uint16,plc_product_data,1,0,,4,,,measurement_send_data_009word_count
6152,D5261,D,5261,uint16,plc_product_data,1,0,,4,,,measurement_send_data_009
6153,D5289,D,5289,uint16,plc_product_data,1,0,,4,,,measurement_send_dataend_009
6154,D5300,D,5300,uint16,plc_product_data,1,0,,4,,,measurement_send_data_001_00word_count
6155,D5301,D,5301,uint16,plc_product_data,1,0,,4,,,measurement_send_data_001_00
6156,D5329,D,5329,uint16,plc_product_data,1,0,,4,,,measurement_send_dataend_001_00
6157,D5330,D,5330,uint16,plc_product_data,1,0,,4,,,measurement_send_data_001_001word_count
6158,D5331,D,5331,uint16,plc_product_data,1,0,,4,,,measurement_send_data_001_001
6159,D5359,D,5359,uint16,plc_product_data,1,0,,4,,,measurement_send_dataend_001_001
6160,D5360,D,5360,uint16,plc_product_data,1,0,,4,,,measurement_send_data_001_002word_count
6161,D5361,D,5361,uint16,plc_product_data,1,0,,4,,,measurement_send_data_001_002
6162,D5389,D,5389,uint16,plc_product_data,1,0,,4,,,measurement_send_dataend_001_002
6163,D5400,D,5400,uint16,plc_product_data,1,0,,4,,,measurement_send_data_001_003word_count
6164,D5401,D,5401,uint16,plc_product_data,1,0,,4,,,measurement_send_data_001_003
6165,D5429,D,5429,uint16,plc_product_data,1,0,,4,,,measurement_send_dataend_001_003
6166,D5430,D,5430,uint16,plc_product_data,1,0,,4,,,measurement_send_data_001_004word_count
6167,D5431,D,5431,uint16,plc_product_data,1,0,,4,,,measurement_send_data_001_004
6168,D5459,D,5459,uint16,plc_product_data,1,0,,4,,,measurement_send_dataend_001_004
6169,D5460,D,5460,uint16,plc_product_data,1,0,,4,,,measurement_send_data_001_005word_count
6170,D5461,D,5461,uint16,plc_product_data,1,0,,4,,,measurement_send_data_001_005
6171,D5489,D,5489,uint16,plc_product_data,1,0,,4,,,measurement_send_dataend_001_005
6172,D5500,D,5500,uint16,plc_product_data,1,0,,4,,,measurement_send_data_001_006word_count
6173,D5501,D,5501,uint16,plc_product_data,1,0,,4,,,measurement_send_data_001_006
6174,D5529,D,5529,uint16,plc_product_data,1,0,,4,,,measurement_send_dataend_001_006
6175,D6000,D,6000,uint16,plc_product_data,1,0,,4,,,measurement_receivedata_001
6176,D6049,D,6049,uint16,plc_product_data,1,0,,4,,,measurement_receivedataend_001
6177,D6100,D,6100,uint16,plc_product_data,1,0,,4,,,measurement_receivedata_002
6178,D6149,D,6149,uint16,plc_product_data,1,0,,4,,,measurement_receivedataend_002
6179,D6200,D,6200,uint16,plc_product_data,1,0,,4,,,measurement_receivedata_003
6180,D6249,D,6249,uint16,plc_product_data,1,0,,4,,,measurement_receivedataend_003
6181,D6300,D,6300,uint16,plc_product_data,1,0,,4,,,measurement_receivedata_004
6182,D6349,D,6349,uint16,plc_product_data,1,0,,4,,,measurement_receivedataend_004
6183,D6400,D,6400,uint16,plc_product_data,1,0,,4,,,measurement_receivedata_005
6184,D6449,D,6449,uint16,plc_product_data,1,0,,4,,,measurement_receivedataend_005
6185,D6500,D,6500,uint16,plc_product_data,1,0,,4,,,measurement_receivedata_006
6186,D6549,D,6549,uint16,plc_product_data,1,0,,4,,,measurement_receivedataend_006
6187,D6600,D,6600,uint16,plc_product_data,1,0,,4,,,measurement_receivedata_007
6188,D6649,D,6649,uint16,plc_product_data,1,0,,4,,,measurement_receivedataend_007
6189,D6700,D,6700,uint16,plc_product_data,1,0,,4,,,measurement_receivedata_008
6190,D6749,D,6749,uint16,plc_product_data,1,0,,4,,,measurement_receivedataend_008
6191,D6800,D,6800,uint16,plc_product_data,1,0,,4,,,measurement_receivedata_009
6192,D6849,D,6849,uint16,plc_product_data,1,0,,4,,,measurement_receivedataend_009
6193,D6900,D,6900,uint16,plc_product_data,1,0,,4,,,measurement_receivedata_001_00
6194,D6949,D,6949,uint16,plc_product_data,1,0,,4,,,measurement_receivedataend_001_00
6195,D7000,D,7000,uint16,plc_product_data,1,0,,4,,,measurement_receivedata_001_001
6196,D7049,D,7049,uint16,plc_product_data,1,0,,4,,,measurement_receivedataend_001_001
6197,D7100,D,7100,uint16,plc_product_data,1,0,,4,,,measurement_receivedata_001_002
6198,D7149,D,7149,uint16,plc_product_data,1,0,,4,,,measurement_receivedataend_001_002
6199,D7200,D,7200,uint16,plc_product_data,1,0,,4,,,measurement_receivedata_001_003
6200,D7249,D,7249,uint16,plc_product_data,1,0,,4,,,measurement_receivedataend_001_003
6201,D7300,D,7300,uint16,plc_product_data,1,0,,4,,,measurement_receivedata_001_004
6202,D7349,D,7349,uint16,plc_product_data,1,0,,4,,,measurement_receivedataend_001_004
6203,D7400,D,7400,uint16,plc_product_data,1,0,,4,,,measurement_receivedata_001_005
6204,D7449,D,7449,uint16,plc_product_data,1,0,,4,,,measurement_receivedataend_001_005
6205,D7500,D,7500,uint16,plc_product_data,1,0,,4,,,measurement_receivedata_001_006
6206,D7549,D,7549,uint16,plc_product_data,1,0,,4,,,measurement_receivedataend_001_006
6207,D8000,D,8000,uint16,plc_product_data,1,0,,4,,,measurement_receivedata_001
6208,D8001,D,8001,uint16,plc_product_data,1,0,,4,,,measurement_receivedata_001
6209,D8030,D,8030,uint16,plc_product_data,1,0,,4,,,measurement_receivedata_001
6210,D8049,D,8049,uint16,plc_product_data,1,0,,4,,,measurement_receivedataend_001
6211,D8050,D,8050,uint16,plc_product_data,1,0,,4,,,measurement_pointdata_001
6212,D8100,D,8100,uint16,plc_product_data,1,0,,4,,,measurement_receivedata_002
6213,D8101,D,8101,uint16,plc_product_data,1,0,,4,,,measurement_receivedata_002
6214,D8130,D,8130,uint16,plc_product_data,1,0,,4,,,measurement_receivedata
6215,D8149,D,8149,uint16,plc_product_data,1,0,,4,,,measurement_receivedataend_002
6216,D8150,D,8150,uint16,plc_product_data,1,0,,4,,,measurement_pointdata_002
6217,D8200,D,8200,uint16,plc_product_data,1,0,,4,,,measurement_receivedata_003
6218,D8201,D,8201,uint16,plc_product_data,1,0,,4,,,measurement_receivedata_003
6219,D8211,D,8211,uint16,plc_product_data,1,0,,4,,,measurement_receivedata_003
6220,D8249,D,8249,uint16,plc_product_data,1,0,,4,,,measurement_receivedataend_003
6221,D8251,D,8251,uint16,plc_product_data,1,0,,4,,,measurement_receivedata_003data
6222,D8271,D,8271,uint16,plc_product_data,1,0,,4,,,measurement_receivedata_003data
6223,D8300,D,8300,uint16,plc_product_data,1,0,,4,,,measurement_receivedata_004
6224,D8301,D,8301,uint16,plc_product_data,1,0,,4,,,measurement_receivedata_004
6225,D8311,D,8311,uint16,plc_product_data,1,0,,4,,,measurement_receivedata_004
6226,D8349,D,8349,uint16,plc_product_data,1,0,,4,,,measurement_receivedataend_004
6227,D8351,D,8351,uint16,plc_product_data,1,0,,4,,,measurement_receivedata_004data
6228,D8371,D,8371,uint16,plc_product_data,1,0,,4,,,measurement_receivedata_004data
6229,D8400,D,8400,uint16,plc_product_data,1,0,,4,,,measurement_receivedata_005
6230,D8401,D,8401,uint16,plc_product_data,1,0,,4,,,measurement_receivedata_005
6231,D8411,D,8411,uint16,plc_product_data,1,0,,4,,,measurement_receivedata_005
6232,D8449,D,8449,uint16,plc_product_data,1,0,,4,,,measurement_receivedataend_005
6233,D8451,D,8451,uint16,plc_product_data,1,0,,4,,,measurement_receivedata_005data
6234,D8471,D,8471,uint16,plc_product_data,1,0,,4,,,measurement_receivedata_003data
6235,D8500,D,8500,uint16,plc_product_data,1,0,,4,,,measurement_receivedata_006
6236,D8501,D,8501,uint16,plc_product_data,1,0,,4,,,measurement_receivedata_006
6237,D8511,D,8511,uint16,plc_product_data,1,0,,4,,,measurement_receivedata_006
6238,D8549,D,8549,uint16,plc_product_data,1,0,,4,,,measurement_receivedataend_006
6239,D8551,D,8551,uint16,plc_product_data,1,0,,4,,,measurement_receivedata_006data
6240,D8571,D,8571,uint16,plc_product_data,1,0,,4,,,measurement_receivedata_006data
6241,D8600,D,8600,uint16,plc_product_data,1,0,,4,,,measurement_receivedata_007
6242,D8649,D,8649,uint16,plc_product_data,1,0,,4,,,measurement_receivedataend_007
6243,D8700,D,8700,uint16,plc_product_data,1,0,,4,,,measurement_receivedata_008
6244,D8749,D,8749,uint16,plc_product_data,1,0,,4,,,measurement_receivedataend_008
6245,D8800,D,8800,uint16,plc_product_data,1,0,,4,,,measurement_receivedata_009
6246,D8849,D,8849,uint16,plc_product_data,1,0,,4,,,measurement_receivedataend_009
6247,D8900,D,8900,uint16,plc_product_data,1,0,,4,,,measurement_receivedata_001_00
6248,D8949,D,8949,uint16,plc_product_data,1,0,,4,,,measurement_receivedataend_001_00
6249,D9000,D,9000,uint16,plc_product_data,1,0,,4,,,measurement_receivedata_001_001
6250,D9001,D,9001,uint16,plc_product_data,1,0,,4,,,measurement_receivedata_001_001
6251,D9049,D,9049,float32,plc_product_data,,0,,8,,,measurement_receivedataend_001_001
6252,D9100,D,9100,uint16,plc_product_data,1,0,,4,,,measurement_receivedata_001_002
6253,D9101,D,9101,uint16,plc_product_data,1,0,,4,,,measurement_receivedata_001_002
6254,D9149,D,9149,float32,plc_product_data,,0,,8,,,measurement_receivedataend_001_002
6255,D9200,D,9200,uint16,plc_product_data,1,0,,4,,,measurement_receivedata_001_003
6256,D9201,D,9201,uint16,plc_product_data,1,0,,4,,,measurement_receivedata_001_003
6257,D9230,D,9230,uint16,plc_product_data,1,0,,4,,,measurement_receivedata
6258,D9249,D,9249,uint16,plc_product_data,1,0,,4,,,measurement_receivedataend_001_003
6259,D9250,D,9250,uint16,plc_product_data,1,0,,4,,,measurement_001_00_001pointdata_001
6260,D9300,D,9300,uint16,plc_product_data,1,0,,4,,,measurement_receivedata_001_004
6261,D9301,D,9301,uint16,plc_product_data,1,0,,4,,,measurement_receivedata_001_004
6262,D9330,D,9330,uint16,plc_product_data,1,0,,4,,,measurement_receivedata
6263,D9349,D,9349,uint16,plc_product_data,1,0,,4,,,measurement_receivedataend_001_004
6264,D9350,D,9350,uint16,plc_product_data,1,0,,4,,,measurement_001_00_002pointdata_001
6265,D9400,D,9400,uint16,plc_product_data,1,0,,4,,,measurement_receivedata_001_005
6266,D9401,D,9401,uint16,plc_product_data,1,0,,4,,,measurement_receivedata_001_005
6267,D9430,D,9430,uint16,plc_product_data,1,0,,4,,,measurement_receivedata
6268,D9449,D,9449,uint16,plc_product_data,1,0,,4,,,measurement_receivedataend_001_005
6269,D9450,D,9450,uint16,plc_product_data,1,0,,4,,,measurement_001_00_003pointdata_001
6270,D9500,D,9500,uint16,plc_product_data,1,0,,4,,,measurement_receivedata_001_006
6271,D9501,D,9501,uint16,plc_product_data,1,0,,4,,,measurement_receivedata_001_006
6272,D9530,D,9530,uint16,plc_product_data,1,0,,4,,,measurement_receivedata
6273,D9549,D,9549,uint16,plc_product_data,1,0,,4,,,measurement_receivedataend_001_006
6274,D9550,D,9550,uint16,plc_product_data,1,0,,4,,,measurement_001_00_004pointdata_001
6278,M6,M,6,bool,plc_product_data,1,0,,,,,measurement_turntable
6279,M9,M,9,bool,plc_product_data,1,0,,,,,measurement_odelswitch
6280,M11,M,11,bool,plc_product_data,1,0,,,,,measurement_001pushservoorigin
6281,M12,M,12,bool,plc_product_data,1,0,,,,,measurement_001pushservoorigindone
6284,M15,M,15,bool,plc_product_data,1,0,,,,,measurement_001pushservostop
6285,M16,M,16,bool,plc_product_data,1,0,,,,,measurement_001pushservo
6286,M17,M,17,bool,plc_product_data,1,0,,,,,measurement_001pushservooriginindicator
6289,M21,M,21,bool,plc_product_data,1,0,,,,,measurement_001_001dischargeorigin
6290,M22,M,22,bool,plc_product_data,1,0,,,,,measurement_001_001dischargeorigindone
6293,M25,M,25,bool,plc_product_data,1,0,,,,,measurement_001_001dischargestop
6294,M26,M,26,bool,plc_product_data,1,0,,,,,measurement_001_001discharge
6295,M27,M,27,bool,plc_product_data,1,0,,,,,measurement_001_001dischargeoriginindicator
6298,M160,M,160,bool,plc_product_data,1,0,,,,,measurement_004power_001
6299,M161,M,161,bool,plc_product_data,1,0,,,,,measurement_004power_001open
6300,M162,M,162,bool,plc_product_data,1,0,,,,,measurement_004power_001close
6301,M166,M,166,bool,plc_product_data,1,0,,,,,measurement_power_001open
6302,M170,M,170,bool,plc_product_data,1,0,,,,,measurement_004power_002
6303,M171,M,171,bool,plc_product_data,1,0,,,,,measurement_004power_002open
6304,M172,M,172,bool,plc_product_data,1,0,,,,,measurement_004power_002close
6305,M176,M,176,bool,plc_product_data,1,0,,,,,measurement_power_002open
6310,M200,M,200,bool,plc_product_data,1,0,,,,,measurement_turntabledata
6311,M201,M,201,bool,plc_product_data,1,0,,,,,measurement_turntabledatapos
6312,M202,M,202,bool,plc_product_data,1,0,,,,,measurement_resetposdone
6313,M250,M,250,bool,plc_product_data,1,0,,,,,measurement_recipehi_recipe_plc
6314,M251,M,251,bool,plc_product_data,1,0,,,,,measurement_recipedone
6315,M321,M,321,bool,plc_product_data,1,0,,,,,measurement_close_001
6316,M322,M,322,bool,plc_product_data,1,0,,,,,measurement_close_002
6317,M323,M,323,bool,plc_product_data,1,0,,,,,measurement_close_003
6318,M324,M,324,bool,plc_product_data,1,0,,,,,measurement_close_004
6319,M325,M,325,bool,plc_product_data,1,0,,,,,measurement_close_005
6320,M326,M,326,bool,plc_product_data,1,0,,,,,measurement_close_006
6321,M331,M,331,bool,plc_product_data,1,0,,,,,measurement_close_001_001
6322,M332,M,332,bool,plc_product_data,1,0,,,,,measurement_close_001_002
6323,M333,M,333,bool,plc_product_data,1,0,,,,,measurement_close_001_003
6324,M334,M,334,bool,plc_product_data,1,0,,,,,measurement_close_001_004
6325,M335,M,335,bool,plc_product_data,1,0,,,,,measurement_close_001_005
6326,M336,M,336,bool,plc_product_data,1,0,,,,,measurement_close_001_006
6327,M341,M,341,bool,plc_product_data,1,0,,,,,measurement_send_data_001
6328,M342,M,342,bool,plc_product_data,1,0,,,,,measurement_send_data_002
6329,M343,M,343,bool,plc_product_data,1,0,,,,,measurement_send_data_003
6330,M344,M,344,bool,plc_product_data,1,0,,,,,measurement_send_data_004
6331,M345,M,345,bool,plc_product_data,1,0,,,,,measurement_send_data_005
6332,M346,M,346,bool,plc_product_data,1,0,,,,,measurement_send_data_006
6333,M347,M,347,bool,plc_product_data,1,0,,,,,measurement_send_data_007
6334,M348,M,348,bool,plc_product_data,1,0,,,,,measurement_send_data_008
6335,M349,M,349,bool,plc_product_data,1,0,,,,,measurement_send_data_009
6336,M350,M,350,bool,plc_product_data,1,0,,,,,measurement_send_data_001_00
6337,M351,M,351,bool,plc_product_data,1,0,,,,,measurement_send_data_001_001
6338,M352,M,352,bool,plc_product_data,1,0,,,,,measurement_send_data_001_002
6339,M353,M,353,bool,plc_product_data,1,0,,,,,measurement_send_data_001_003
6340,M354,M,354,bool,plc_product_data,1,0,,,,,measurement_send_data_001_004
6341,M355,M,355,bool,plc_product_data,1,0,,,,,measurement_send_data_001_005
6342,M356,M,356,bool,plc_product_data,1,0,,,,,measurement_send_data_001_006
6343,M357,M,357,bool,plc_product_data,1,0,,,,,measurement_send_data_001_007
6344,M361,M,361,bool,plc_product_data,1,0,,,,,measurement_receivedata_001
6345,M362,M,362,bool,plc_product_data,1,0,,,,,measurement_receivedata_002
6346,M363,M,363,bool,plc_product_data,1,0,,,,,measurement_receivedata_003
6347,M364,M,364,bool,plc_product_data,1,0,,,,,measurement_receivedata_004
6348,M365,M,365,bool,plc_product_data,1,0,,,,,measurement_receivedata_005
6349,M366,M,366,bool,plc_product_data,1,0,,,,,measurement_receivedata_006
6350,M367,M,367,bool,plc_product_data,1,0,,,,,measurement_receivedata_007
6351,M368,M,368,bool,plc_product_data,1,0,,,,,measurement_receivedata_008
6352,M369,M,369,bool,plc_product_data,1,0,,,,,measurement_receivedata_009
6353,M370,M,370,bool,plc_product_data,1,0,,,,,measurement_receivedata_001_00
6354,M371,M,371,bool,plc_product_data,1,0,,,,,measurement_receivedata_001_001
6355,M372,M,372,bool,plc_product_data,1,0,,,,,measurement_receivedata_001_002
6356,M373,M,373,bool,plc_product_data,1,0,,,,,measurement_receivedata_001_003
6357,M374,M,374,bool,plc_product_data,1,0,,,,,measurement_receivedata_001_004
6358,M375,M,375,bool,plc_product_data,1,0,,,,,measurement_receivedata_001_005
6359,M376,M,376,bool,plc_product_data,1,0,,,,,measurement_receivedata_001_006
6378,L0,L,0,bool,plc_product_data,1,0,,,,,measurement_009
6403,L101,L,101,bool,plc_product_data,1,0,,,,,status_st01_exception
6404,L102,L,102,bool,plc_product_data,1,0,,,,,status_st02_exception
6405,L103,L,103,bool,plc_product_data,1,0,,,,,status_st03_exception
6406,L104,L,104,bool,plc_product_data,1,0,,,,,status_st04_exception
6407,L105,L,105,bool,plc_product_data,1,0,,,,,status_st05_exception
6408,L106,L,106,bool,plc_product_data,1,0,,,,,status_st06_exception
6409,L107,L,107,bool,plc_product_data,1,0,,,,,status_st07_exception
6410,L108,L,108,bool,plc_product_data,1,0,,,,,status_st08_exception
6411,L109,L,109,bool,plc_product_data,1,0,,,,,status_st09_exception
6412,L110,L,110,bool,plc_product_data,1,0,,,,,status_st10_exception
6413,L111,L,111,bool,plc_product_data,1,0,,,,,status_st11_exception
6414,L112,L,112,bool,plc_product_data,1,0,,,,,status_st12_exception
6415,L113,L,113,bool,plc_product_data,1,0,,,,,status_st13_exception
6416,L114,L,114,bool,plc_product_data,1,0,,,,,status_st14_exception
6417,L115,L,115,bool,plc_product_data,1,0,,,,,status_st15_exception
6418,L116,L,116,bool,plc_product_data,1,0,,,,,status_st16_exception
6419,L117,L,117,bool,plc_product_data,1,0,,,,,status_st17_exception
6420,L118,L,118,bool,plc_product_data,1,0,,,,,status_st18_exception
6421,L119,L,119,bool,plc_product_data,1,0,,,,,status_st19_exception
6422,L121,L,121,bool,plc_product_data,1,0,,,,,status_st01_origin
6423,L122,L,122,bool,plc_product_data,1,0,,,,,status_st02_origin
6424,L123,L,123,bool,plc_product_data,1,0,,,,,status_st03_origin
6425,L124,L,124,bool,plc_product_data,1,0,,,,,status_st04_origin
6426,L125,L,125,bool,plc_product_data,1,0,,,,,status_st05_origin
6427,L126,L,126,bool,plc_product_data,1,0,,,,,status_st06_origin
6428,L127,L,127,bool,plc_product_data,1,0,,,,,status_st07_origin
6429,L128,L,128,bool,plc_product_data,1,0,,,,,status_st08_origin
6430,L129,L,129,bool,plc_product_data,1,0,,,,,status_st09_origin
6431,L130,L,130,bool,plc_product_data,1,0,,,,,status_st10_origin
6432,L131,L,131,bool,plc_product_data,1,0,,,,,status_st11_origin
6433,L132,L,132,bool,plc_product_data,1,0,,,,,status_st12_origin
6434,L133,L,133,bool,plc_product_data,1,0,,,,,status_st13_origin
6435,L134,L,134,bool,plc_product_data,1,0,,,,,status_st14_origin
6436,L135,L,135,bool,plc_product_data,1,0,,,,,status_st15_origin
6437,L136,L,136,bool,plc_product_data,1,0,,,,,status_st16_origin
6438,L137,L,137,bool,plc_product_data,1,0,,,,,status_st17_origin
6439,L138,L,138,bool,plc_product_data,1,0,,,,,status_st18_origin
6440,L139,L,139,bool,plc_product_data,1,0,,,,,status_st19_origin
6441,L152,L,152,bool,plc_product_data,1,0,,,,,status_st12_active
6442,L153,L,153,bool,plc_product_data,1,0,,,,,status_st13_active
6443,L154,L,154,bool,plc_product_data,1,0,,,,,status_st14_active
6444,L155,L,155,bool,plc_product_data,1,0,,,,,status_st15_active
6445,L156,L,156,bool,plc_product_data,1,0,,,,,status_st16_active
6446,L157,L,157,bool,plc_product_data,1,0,,,,,status_st17_active
6447,L158,L,158,bool,plc_product_data,1,0,,,,,status_st18_active
6448,L159,L,159,bool,plc_product_data,1,0,,,,,status_st19_active
6449,L172,L,172,bool,plc_product_data,1,0,,,,,status_st12_empty
6450,L173,L,173,bool,plc_product_data,1,0,,,,,status_st13_empty
6451,L174,L,174,bool,plc_product_data,1,0,,,,,status_st14_empty
6452,L175,L,175,bool,plc_product_data,1,0,,,,,status_st15_empty
6453,L176,L,176,bool,plc_product_data,1,0,,,,,status_st16_empty
6454,L177,L,177,bool,plc_product_data,1,0,,,,,status_st17_empty
6455,L178,L,178,bool,plc_product_data,1,0,,,,,status_st18_empty
6456,L179,L,179,bool,plc_product_data,1,0,,,,,status_st19_empty
6457,L401,L,401,bool,plc_product_data,1,0,,,,,measurement_001isaligncylinder
6458,L402,L,402,bool,plc_product_data,1,0,,,,,measurement_001pushcylinder
6459,L403,L,403,bool,plc_product_data,1,0,,,,,measurement_001pushcylinder
6460,L404,L,404,bool,plc_product_data,1,0,,,,,measurement_002pushcylinder
6461,L405,L,405,bool,plc_product_data,1,0,,,,,measurement_002cylinder
6462,L406,L,406,bool,plc_product_data,1,0,,,,,measurement_003distributefwdbackcylinder
6463,L407,L,407,bool,plc_product_data,1,0,,,,,measurement_003distributeleftrightcylinder
6464,L417,L,417,bool,plc_product_data,1,0,,,,,measurement_001_001updowncylinder
6465,L418,L,418,bool,plc_product_data,1,0,,,,,measurement_001_001rotarycylinder
6466,L419,L,419,bool,plc_product_data,1,0,,,,,measurement_001_001clap_001
6467,L420,L,420,bool,plc_product_data,1,0,,,,,measurement_001_001clap_002
6468,L421,L,421,bool,plc_product_data,1,0,,,,,measurement_001_001clap_003
6469,L422,L,422,bool,plc_product_data,1,0,,,,,measurement_001_001clap_004
6724,L1000,L,1000,bool,plc_product_data,1,0,,,,,measurement_auto
6725,L1001,L,1001,bool,plc_product_data,1,0,,,,,measurement_point
6726,L1002,L,1002,bool,plc_product_data,1,0,,,,,measurement_reset
6727,L1003,L,1003,bool,plc_product_data,1,0,,,,,measurement_endproduction
6729,L1005,L,1005,bool,plc_product_data,1,0,,,,,measurement_auto
6730,L1007,L,1007,bool,plc_product_data,1,0,,,,,measurement_sei_autostart
6732,L1009,L,1009,bool,plc_product_data,1,0,,,,,measurement_reset
6737,L1103,L,1103,bool,plc_product_data,1,0,,,,,measurement_003sei_auto
6746,L1112,L,1112,bool,plc_product_data,1,0,,,,,measurement_001_002sei_auto
6747,L1113,L,1113,bool,plc_product_data,1,0,,,,,measurement_001_003sei_auto
6748,L1114,L,1114,bool,plc_product_data,1,0,,,,,measurement_001_004sei_auto
6749,L1115,L,1115,bool,plc_product_data,1,0,,,,,measurement_001_005sei_auto
6750,L1116,L,1116,bool,plc_product_data,1,0,,,,,measurement_001_006sei_auto
6751,L1117,L,1117,bool,plc_product_data,1,0,,,,,measurement_001_007sei_auto
6752,L1118,L,1118,bool,plc_product_data,1,0,,,,,measurement_001_008sei_auto
6753,L1119,L,1119,bool,plc_product_data,1,0,,,,,measurement_001_009sei_auto
6754,L1120,L,1120,bool,plc_product_data,1,0,,,,,measurement_002_00sei_auto
6755,L1121,L,1121,bool,plc_product_data,1,0,,,,,measurement_002_001sei_auto
6756,L1122,L,1122,bool,plc_product_data,1,0,,,,,measurement_002_002sei_auto
6757,L1123,L,1123,bool,plc_product_data,1,0,,,,,measurement_002_003sei_auto
6758,L1124,L,1124,bool,plc_product_data,1,0,,,,,measurement_002_004sei_auto
6759,L1125,L,1125,bool,plc_product_data,1,0,,,,,measurement_002_005sei_auto
6760,L1126,L,1126,bool,plc_product_data,1,0,,,,,measurement_002_006sei_auto
6761,L1127,L,1127,bool,plc_product_data,1,0,,,,,measurement_002_007sei_auto
6762,L1128,L,1128,bool,plc_product_data,1,0,,,,,measurement_002_008sei_auto
6763,L1129,L,1129,bool,plc_product_data,1,0,,,,,measurement_002_009sei_auto
6764,L1130,L,1130,bool,plc_product_data,1,0,,,,,measurement_003_00sei_auto
6765,L1131,L,1131,bool,plc_product_data,1,0,,,,,measurement_003_001sei_auto
