tag_id,tag_name,memory,address,data_type,collection_group,scale,offset,decimals,word_length,format,unit,description
237,D210,D,210,uint32,plc_data,1,0,,10,,,총 생산량
232,D200,D,200,uint32,plc_data,1,0,,8,,,생산수량
233,D202,D,202,uint32,plc_data,1,0,,8,,,OK 수량_PCS
234,D204,D,204,uint32,plc_data,1,0,,8,,,NG 수량_PCS
240,D216,D,216,uint32,plc_data,0.1,0,,5,,,사이클 시간
1000,Y401,Y,401,bool,plc_data,1,0,,,,,자동 선택 표시 등
1001,Y402,Y,402,bool,plc_data,1,0,,,,,표시등을 수동으로 선택
1002,Y403,Y,403,bool,plc_data,1,0,,,,,자동 시작 표시등
1003,Y404,Y,404,bool,plc_data,1,0,,,,,자동 정지 표시등
1004,Y405,Y,405,bool,plc_data,1,0,,,,,재설정 표시등
1005,Y406,Y,406,bool,plc_data,1,0,,,,,알람 해제 표시등
1006,Y407,Y,407,bool,plc_data,1,0,,,,,사이클 시작 표시등
1007,Y408,Y,408,bool,plc_data,1,0,,,,,실린더 작동 표시 등
1008,Y409,Y,409,bool,plc_data,1,0,,,,,실린더 재설정 표시등
1009,Y40A,Y,40A,bool,plc_data,1,0,,,,,잔여물 처리 표시등
1010,Y40C,Y,40C,bool,tl_data,1,0,,,,,TL_RED
1011,Y40D,Y,40D,bool,tl_data,1,0,,,,,TL_Green
1012,Y40E,Y,40E,bool,tl_data,1,0,,,,,TL_Yellow
3000,M188,M,188,bool,log,1,0,,,,,Log3(D360-D368)
3001,D360,D,360,uint32,log,1,0,0,,,,Number/h
3002,D362,D,362,uint32,log,1,0,0,,,,OK_Number/h
3003,D364,D,364,uint32,log,1,0,0,,,,NG_Number/h
3004,D366,D,366,float32,log,1,0,2,,,,OK/%
3005,D368,D,368,float32,log,1,0,2,,,,NG/%
2000,L2001,L,2001,bool,alm,1,0,,,,,0# 이온 송풍 전자 밸브 수동 미환원
2001,L2002,L,2002,bool,alm,1,0,,,,,1# 탄창 클램프 위치 결정 실린더 수동 미환원
2002,L2003,L,2003,bool,alm,1,0,,,,,1# 탄창 클램프 상하 실린더 수동 미환원
2003,L2004,L,2004,bool,alm,1,0,,,,,1# 탄창 클램프 실린더 수동미환원
2004,L2005,L,2005,bool,alm,1,0,,,,,1# 실린더 압출 수동 미환원
2005,L2006,L,2006,bool,alm,1,0,,,,,1# 재료 운송 튜브 1 실린더 수동 미환원
2006,L2007,L,2007,bool,alm,1,0,,,,,1# 재료 운송 튜브 2 실린더 수동 미환원
2007,L2008,L,2008,bool,alm,1,0,,,,,1# 트레이 튜브 1 실린더 수동 미환원
2008,L2009,L,2009,bool,alm,1,0,,,,,1# 트레이 2 수동 미환원
2009,L2010,L,2010,bool,alm,1,0,,,,,1# 튜브 위치 결정 수동 미환원
2010,L2011,L,2011,bool,alm,1,0,,,,,1# 튜브 취기 수동 미환원
2011,L2012,L,2012,bool,alm,1,0,,,,,1# 프레싱 튜브 1 실린더 수동 미환원
2012,L2013,L,2013,bool,alm,1,0,,,,,1# 프레싱 튜브 2 실린더 수동 미환원
2013,L2014,L,2014,bool,alm,1,0,,,,,1# 드레인 실린더 수동 미환원
2014,L2015,L,2015,bool,alm,1,0,,,,,1# 먼지 제거 송풍기 수동 미환원
2016,L2017,L,2017,bool,alm,1,0,,,,,1# 재료 운송 실린더 수동 미환원
2017,L2018,L,2018,bool,alm,1,0,,,,,1# 자재 그립퍼 1 수동 미환원
2018,L2019,L,2019,bool,alm,1,0,,,,,1# 자재 그립퍼 2 수동 미환원
2019,L2020,L,2020,bool,alm,1,0,,,,,1# 4# 홀더 1 수동 미환원 3 수동 미환원
2020,L2021,L,2021,bool,alm,1,0,,,,,4# 재료 운송 실린더 수동 미환원
2021,L2022,L,2022,bool,alm,1,0,,,,,4# 위치 어긋남 실린더 수동 미환원
2022,L2023,L,2023,bool,alm,1,0,,,,,4# 재료 취출 전후 실린더 수동 미환원
2023,L2024,L,2024,bool,alm,1,0,,,,,4# 자재 그립퍼 1 수동 미환원
2024,L2025,L,2025,bool,alm,1,0,,,,,4# 자재 그립퍼 2 수동 미환원
2025,L2026,L,2026,bool,alm,1,0,,,,,4# 자재 그립퍼 3 수동 미환원
2026,L2027,L,2027,bool,alm,1,0,,,,,4# 재료 운송 클립 1 수동 미환원
2027,L2028,L,2028,bool,alm,1,0,,,,,4# 재료 운송 클립 2 수동 미환원
2028,L2029,L,2029,bool,alm,1,0,,,,,4# 재료 운송 클립 3 수동 미환원
2029,L2030,L,2030,bool,alm,1,0,,,,,6# 재료 운송 실린더 수동 미환원
2030,L2031,L,2031,bool,alm,1,0,,,,,6# 재료 Pick up 진공 진공 1 수동 미환원
2031,L2032,L,2032,bool,alm,1,0,,,,,6# 재료 Pick up 진공 진공 2 수동 미환원
2032,L2033,L,2033,bool,alm,1,0,,,,,6# 재료 Pick up 진공 진공 3 수동 미환원
2033,L2034,L,2034,bool,alm,1,0,,,,,6# Pick up 파진공 1 수동 미환원
2034,L2035,L,2035,bool,alm,1,0,,,,,6# Pick up 파진공 2 수동 미환원
2035,L2036,L,2036,bool,alm,1,0,,,,,6# Pick up 파진공 3 수동 미환원
2036,L2037,L,2037,bool,alm,1,0,,,,,7# 상하 실린더 수동 미환원 감지
2037,L2038,L,2038,bool,alm,1,0,,,,,8# 공구 상부 실린더 수동 미환원
2038,L2039,L,2039,bool,alm,1,0,,,,,10# 재료 운송 로터리 실린더 수동 미환원
2039,L2040,L,2040,bool,alm,1,0,,,,,10# 자재 그립퍼  1 수동 미환원
2040,L2041,L,2041,bool,alm,1,0,,,,,10# 자재 그립퍼 2 수동 미환원
2041,L2042,L,2042,bool,alm,1,0,,,,,10# 자재 그립퍼  3 수동 미환원
2042,L2043,L,2043,bool,alm,1,0,,,,,10# 푸셔 실린더 수동 미환원
2043,L2044,L,2044,bool,alm,1,0,,,,,10# CCD 수동 비환원
2044,L2045,L,2045,bool,alm,1,0,,,,,12#먼지제거 송풍기 수동 미환원
2045,L2046,L,2046,bool,alm,1,0,,,,,6# 포지셔닝 실린더 수동 미환원
2046,L2047,L,2047,bool,alm,1,0,,,,,8# 지그 위치 수동 미환원
2048,L2049,L,2049,bool,alm,1,0,,,,,4# 이송 진공 수동 미환원
2049,L2050,L,2050,bool,alm,1,0,,,,,3# 상하 수동 미환원
2050,L2051,L,2051,bool,alm,1,0,,,,,3# 회전 수동 미환원
2051,L2052,L,2052,bool,alm,1,0,,,,,3# 그립퍼 1 수동 미환원
2052,L2053,L,2053,bool,alm,1,0,,,,,3# 그립퍼 2 수동 미환원
2053,L2054,L,2054,bool,alm,1,0,,,,,3# 그립퍼 3 수동 미환원
2054,L2055,L,2055,bool,alm,1,0,,,,,3# 그립퍼 4 수동 미환원
2055,L2056,L,2056,bool,alm,1,0,,,,,3# 그립퍼 5 수동 미환원
2056,L2057,L,2057,bool,alm,1,0,,,,,3# 그립퍼 6 수동 미환원
2069,L3001,L,3001,bool,alm,1,0,,,,,0# 이온 송풍 전자 밸브 이상
2070,L3002,L,3002,bool,alm,1,0,,,,,1# 접탄클램프 위치 결정 실린더 이상
2071,L3003,L,3003,bool,alm,1,0,,,,,1#접탄클램프 상하 실린더 이상
2072,L3004,L,3004,bool,alm,1,0,,,,,1# 푸시 폭탄 클램프 실린더 이상
2073,L3005,L,3005,bool,alm,1,0,,,,,1#공탄창 실린더 밀어내기  이상
2074,L3006,L,3006,bool,alm,1,0,,,,,1# 스틱 재료 운송 1 실린더 이상
2075,L3007,L,3007,bool,alm,1,0,,,,,1# 스틱 재료 운송 2 실린더 이상
2076,L3008,L,3008,bool,alm,1,0,,,,,1# 스틱 받쳐 올리는 1 실리더 이상
2077,L3009,L,3009,bool,alm,1,0,,,,,1# 스틱 받쳐 올리는 2 실리더 이상
2078,L3010,L,3010,bool,alm,1,0,,,,,1# 스틱 위치 결정 실린더 이상
2079,L3011,L,3011,bool,alm,1,0,,,,,1# 스틱 취기 이상
2080,L3012,L,3012,bool,alm,1,0,,,,,1# 스틱 눌룸 1 실린더 이상
2081,L3013,L,3013,bool,alm,1,0,,,,,1# 스틱 눌룸 2 실린더 이상
2082,L3014,L,3014,bool,alm,1,0,,,,,1# 스틱 배출  실린더 이상
2083,L3015,L,3015,bool,alm,1,0,,,,,1#먼지 제거 에어 블로우 이상
2085,L3017,L,3017,bool,alm,1,0,,,,,1# 재료 운송 실린더 이상
2086,L3018,L,3018,bool,alm,1,0,,,,,1# 자재 그립퍼 1이상
2087,L3019,L,3019,bool,alm,1,0,,,,,1# 자재 그립퍼 2이상
2088,L3020,L,3020,bool,alm,1,0,,,,,1# 자재 그립퍼 3이상
2089,L3021,L,3021,bool,alm,1,0,,,,,4# 재료 운송 실린더 이상
2090,L3022,L,3022,bool,alm,1,0,,,,,4# 위치 분활 실린더 이상
2091,L3023,L,3023,bool,alm,1,0,,,,,4# 원료 공급 전후 실린더 이상
2092,L3024,L,3024,bool,alm,1,0,,,,,4# 자재 그립퍼 1 이상
2093,L3025,L,3025,bool,alm,1,0,,,,,4# 자재 그립퍼 2 이상
2094,L3026,L,3026,bool,alm,1,0,,,,,4# 자재 그립퍼 3 이상
2095,L3027,L,3027,bool,alm,1,0,,,,,4# 자재 공급 그립퍼 1 이상
2096,L3028,L,3028,bool,alm,1,0,,,,,4# 자재 공급 그립퍼 2 이상
2097,L3029,L,3029,bool,alm,1,0,,,,,4# 자재 공급 그립퍼 3 이상
2098,L3030,L,3030,bool,alm,1,0,,,,,6# 재료 운송 실린더 이상
2099,L3031,L,3031,bool,alm,1,0,,,,,6# Pick up 진공 1 이상
2100,L3032,L,3032,bool,alm,1,0,,,,,6# Pick up 진공 2 이상
2101,L3033,L,3033,bool,alm,1,0,,,,,6# Pick up 진공 3 이상
2102,L3034,L,3034,bool,alm,1,0,,,,,6# 시료채취파진공1이상
2103,L3035,L,3035,bool,alm,1,0,,,,,6# 시료채취파진공2이상
2104,L3036,L,3036,bool,alm,1,0,,,,,6# 시료채취파진공3이상
2105,L3037,L,3037,bool,alm,1,0,,,,,7# 상하 실린더 이상 감지
2106,L3038,L,3038,bool,alm,1,0,,,,,8# 지그 상부 올리는 실린더 이상
2107,L3039,L,3039,bool,alm,1,0,,,,,10# 자재 Pick up  회전  실린더 이상
2108,L3040,L,3040,bool,alm,1,0,,,,,10# 자재 Pick up   1 이상
2109,L3041,L,3041,bool,alm,1,0,,,,,10# 자재 Pick up   2 이상
2110,L3042,L,3042,bool,alm,1,0,,,,,10# 자재 Pick up   3 이상
2111,L3043,L,3043,bool,alm,1,0,,,,,10# 푸셔 실린더 이상
2112,L3044,L,3044,bool,alm,1,0,,,,,10#CCD이상
2113,L3045,L,3045,bool,alm,1,0,,,,,12# 먼지제거 에어 블로우 이상
2114,L3046,L,3046,bool,alm,1,0,,,,,6# 위치 결정 실린더 이상
2115,L3047,L,3047,bool,alm,1,0,,,,,8# 지그 위치 결정 실린더 이상
2117,L3049,L,3049,bool,alm,1,0,,,,,4# 공급 진공 이상
2118,L3050,L,3050,bool,alm,1,0,,,,,3#상하 실린더  이상
2119,L3051,L,3051,bool,alm,1,0,,,,,3# 회전 1 실린더 이상
2120,L3052,L,3052,bool,alm,1,0,,,,,이상 함
2121,L3053,L,3053,bool,alm,1,0,,,,,이상 함
2122,L3054,L,3054,bool,alm,1,0,,,,,실린더 이상
2123,L3055,L,3055,bool,alm,1,0,,,,,실린더 이상
2124,L3056,L,3056,bool,alm,1,0,,,,,실린더 이상
2139,L800,L,800,bool,alm,1,0,,,,,리셋 시간 지연
2140,L801,L,801,bool,alm,1,0,,,,,턴테이블이 원점을 찾지 못해 알람이 울림
2141,L802,L,802,bool,alm,1,0,,,,,턴테이블 조건 부족(일시정지/안전문/급 정지)
2142,L803,L,803,bool,alm,1,0,,,,,ST1 턴테이블 조건이 부족합니다.
2143,L804,L,804,bool,alm,1,0,,,,,ST2 턴테이블 조건이 부족합니다.
2144,L805,L,805,bool,alm,1,0,,,,,ST3 턴테이블 조건이 부족합니다.
2145,L806,L,806,bool,alm,1,0,,,,,ST4 턴테이블 조건이 부족합니다.
2146,L807,L,807,bool,alm,1,0,,,,,ST5 턴테이블 조건이 부족합니다.
2147,L808,L,808,bool,alm,1,0,,,,,ST6 턴테이블 조건이 부족합니다.
2148,L809,L,809,bool,alm,1,0,,,,,ST7 턴테이블 조건이 부족합니다.
2149,L810,L,810,bool,alm,1,0,,,,,ST8 턴테이블 조건이 부족합니다.
2150,L811,L,811,bool,alm,1,0,,,,,ST9 턴테이블 조건이 부족합니다.
2151,L812,L,812,bool,alm,1,0,,,,,ST10 턴테이블 조건이 부족합니다.
2152,L813,L,813,bool,alm,1,0,,,,,ST11 턴테이블 조건이 부족합니다.
2153,L814,L,814,bool,alm,1,0,,,,,ST12 턴테이블 조건이 부족합니다.
2154,L815,L,815,bool,alm,1,0,,,,,ST13 턴테이블 조건이 부족합니다.
2155,L816,L,816,bool,alm,1,0,,,,,ST14 턴테이블 조건이 부족합니다.
2156,L817,L,817,bool,alm,1,0,,,,,ST15 턴테이블 조건이 부족합니다.
2157,L818,L,818,bool,alm,1,0,,,,,ST16 턴테이블 조건이 부족합니다.
2158,L819,L,819,bool,alm,1,0,,,,,ST17 턴테이블 조건이 부족합니다.
2159,L820,L,820,bool,alm,1,0,,,,,ST18 턴테이블 조건이 부족합니다.
2160,L821,L,821,bool,alm,1,0,,,,,ST19 턴테이블 조건이 부족합니다.
2161,L822,L,822,bool,alm,1,0,,,,,ST20 턴테이블 조건이 부족합니다.
2162,L823,L,823,bool,alm,1,0,,,,,위치 결정 모듈 1 고장
2163,L824,L,824,bool,alm,1,0,,,,,위치 결정 모듈 2 고장
2164,L825,L,825,bool,alm,1,0,,,,,위치 결정 모듈 3 고장
2165,L826,L,826,bool,alm,1,0,,,,,위치 결정 모듈 4 고장
2166,L827,L,827,bool,alm,1,0,,,,,위치 결정 모듈 5 고장
2167,L828,L,828,bool,alm,1,0,,,,,위치 결정 모듈 6 고장
2168,L829,L,829,bool,alm,1,0,,,,,위치 결정 모듈 7 고장
2169,L830,L,830,bool,alm,1,0,,,,,ST0 작업 위치 재설정 시간 초과
2170,L831,L,831,bool,alm,1,0,,,,,ST1 작업 위치 재설정 시간 초과
2171,L832,L,832,bool,alm,1,0,,,,,ST2 작업 위치 재설정 시간 초과
2172,L833,L,833,bool,alm,1,0,,,,,ST3 작업 위치 재설정 시간 초과
2173,L834,L,834,bool,alm,1,0,,,,,ST4 작업 위치 재설정 시간 초과
2174,L835,L,835,bool,alm,1,0,,,,,ST5 작업 위치 재설정 시간 초과
2175,L836,L,836,bool,alm,1,0,,,,,ST6 작업 위치 재설정 시간 초과
2176,L837,L,837,bool,alm,1,0,,,,,ST7 작업 위치 재설정 시간 초과
2177,L838,L,838,bool,alm,1,0,,,,,ST8 작업 위치 재설정 시간 초과
2178,L839,L,839,bool,alm,1,0,,,,,ST9 작업 위치 재설정 시간 초과
2179,L840,L,840,bool,alm,1,0,,,,,ST10 작업 위치 재설정 시간 초과
2180,L841,L,841,bool,alm,1,0,,,,,ST11 작업 위치 재설정 시간 초과
2181,L842,L,842,bool,alm,1,0,,,,,ST12 작업 위치 재설정 시간 초과
2182,L843,L,843,bool,alm,1,0,,,,,ST13 작업 위치 재설정 시간 초과
2183,L844,L,844,bool,alm,1,0,,,,,ST14 작업 위치 재설정 시간 초과
2184,L845,L,845,bool,alm,1,0,,,,,ST14 작업 위치 재설정 시간 초과
2185,L846,L,846,bool,alm,1,0,,,,,ST15 작업 위치 재설정 시간 초과
2186,L847,L,847,bool,alm,1,0,,,,,ST16 작업 위치 재설정 시간 초과
2187,L848,L,848,bool,alm,1,0,,,,,ST17 작업 위치 재설정 시간 초과
2188,L849,L,849,bool,alm,1,0,,,,,ST18 작업 위치 재설정 시간 초과
2189,L850,L,850,bool,alm,1,0,,,,,ST19 작업 위치 재설정 시간 초과
2191,L852,L,852,bool,alm,1,0,,,,,2번 검사에서 이상이 발생했으며 인력으로 처리가 필요합니다.
2199,L860,L,860,bool,alm,1,0,,,,,저기압 알람
2200,L861,L,861,bool,alm,1,0,,,,,1# 탄창 투입 서보 알람
2201,L862,L,862,bool,alm,1,0,,,,,1# 자재 Pick up 서보 알람
2202,L863,L,863,bool,alm,1,0,,,,,4# 자재 Pick up 서보 알람
2203,L864,L,864,bool,alm,1,0,,,,,6# 자재 Pick up 서보 알람
2204,L865,L,865,bool,alm,1,0,,,,,8#리벳팅 서보 알람
2205,L866,L,866,bool,alm,1,0,,,,,10# 자재 Pick up 서보 알람
2206,L867,L,867,bool,alm,1,0,,,,,3# 자재 서보 알람
2220,L881,L,881,bool,alm,1,0,,,,,1# 탄창 투입 서보 마이너스 리미트 이상
2221,L882,L,882,bool,alm,1,0,,,,,1# 자재 Pick up 서보 마이너스 리미트 이상
2222,L883,L,883,bool,alm,1,0,,,,,4# 자재 Pick up 서보 마이너스 리미트 이상
2223,L884,L,884,bool,alm,1,0,,,,,6# 자재 Pick up 서보 마이너스 리미트 이상
2224,L885,L,885,bool,alm,1,0,,,,,8#리벳팅 서보 마이너스 리미트 이상
2225,L886,L,886,bool,alm,1,0,,,,,10#  자재 Pick up 서보 마이너스 리미트 이상
2226,L887,L,887,bool,alm,1,0,,,,,3# 자재  서보 마이너스 리미트 이상
2240,L901,L,901,bool,alm,1,0,,,,,1# 어퍼 클립 서보 플러스 리미트 이상
2241,L902,L,902,bool,alm,1,0,,,,,1# 자재 Pick up 서보 플러스 리미트 이상
2242,L903,L,903,bool,alm,1,0,,,,,4# 자재 Pick up 서보 플러스 리미트 이상
2243,L904,L,904,bool,alm,1,0,,,,,6# 자재 Pick up 서보 플러스 리미트 이상
2244,L905,L,905,bool,alm,1,0,,,,,8# 리벳팅 서보 플러스 리미트 이상
2245,L906,L,906,bool,alm,1,0,,,,,10# 자재 Pick up  서보 정한계 이상
2246,L907,L,907,bool,alm,1,0,,,,,3# 자재 서보 플러스 리미트 이상
2327,L988,L,988,bool,alm,1,0,,,,,급정지가 눌러져 있음
2328,L989,L,989,bool,alm,1,0,,,,,일시정지 버튼이 눌려져 있음
2329,L990,L,990,bool,alm,1,0,,,,,안전문이 이미 열렸습니다.
2330,L991,L,991,bool,alm,1,0,,,,,에어 공급원  열리지 않음
2339,L2071,L,2071,bool,alm,1,0,,,,,2# 상하 수동 미환원
2340,L3071,L,3071,bool,alm,1,0,,,,,2#상하 실린더  이상
2351,L660,L,660,bool,action,1,0,,,,,설비를 점검하지 않았습니다. 먼저 점검해 주십시오!
2391,L700,L,700,bool,action,1,0,,,,,리셋  되지 않음
2392,L701,L,701,bool,action,1,0,,,,,1# 탄창 투입 클립 서보가 원점으로 돌아가지 않음
2393,L702,L,702,bool,action,1,0,,,,,1# 자재 Pick up 서보가 원점으로 돌아가지 않았습니다.
2394,L703,L,703,bool,action,1,0,,,,,4# 자재 Pick up 서보가 원점으로 돌아가지 않았습니다.
2395,L704,L,704,bool,action,1,0,,,,,6# 자재 Pick up 서보가 원점으로 돌아가지 않았습니다.
2396,L705,L,705,bool,action,1,0,,,,,8#리벳팅 서보 원점으로 돌아가지 않았습니다.
2397,L706,L,706,bool,action,1,0,,,,,10# 원료 Pick up 서보가 원점으로 돌아가지 않았습니다.
2398,L707,L,707,bool,action,1,0,,,,,3# 자재 서보가 원점으로 돌아가지 않았습니다.
2421,L730,L,730,bool,action,1,0,,,,,1# 연속 불량  검사바랍니다!
2422,L731,L,731,bool,action,1,0,,,,,3# 연속 불량 검사바랍니다!
2423,L732,L,732,bool,action,1,0,,,,,5# 연속 불량  검사바랍니다!
2424,L733,L,733,bool,action,1,0,,,,,6# 진공 불량  검사  바랍니다!
2425,L734,L,734,bool,action,1,0,,,,,7# 연속 불량 검사  바랍니다!
2426,L735,L,735,bool,action,1,0,,,,,10# CCD 타임지연!
2427,L736,L,736,bool,action,1,0,,,,,10#CCD 검사 연속 불량 검사 바랍니다!
2428,L737,L,737,bool,action,1,0,,,,,11# 잔류물이 검출되었으니 검사하시기 바랍니다!
2429,L738,L,738,bool,action,1,0,,,,,12#지그가 제 위치에 미도착 검사하시기 바랍니다!
2430,L739,L,739,bool,action,1,0,,,,,1#지그 높이가 맞지않음 검사하기 바랍니다
2431,L740,L,740,bool,action,1,0,,,,,1# 탄창 없음 탄창을 채워주세요!
2432,L741,L,741,bool,action,1,0,,,,,1#빈 스틱 배출상한도달 정리해주세요
2433,L742,L,742,bool,action,1,0,,,,,8#지그 미도착입니다  확인바랍니다!
2434,L743,L,743,bool,action,1,0,,,,,8#리벳PIN 파손되였습니다
2436,L745,L,745,bool,action,1,0,,,,,3# CCD 타임지연!
2437,L746,L,746,bool,action,1,0,,,,,3#CCD 검사 연속 불량 검사 바랍니다!
2471,L780,L,780,bool,action,1,0,,,,,10#배출 직진재료 운송 만재
2472,L781,L,781,bool,action,1,0,,,,,1#탄창 부족
2473,L782,L,782,bool,action,1,0,,,,,4# HOPPER 재료 부족!
2474,L783,L,783,bool,action,1,0,,,,,6# HOPPER  재료 부족!
2475,L784,L,784,bool,action,1,0,,,,,1#빈 탄창이 만재되였습니다
2481,L790,L,790,bool,action,1,0,,,,,1#자재 부족
2482,L791,L,791,bool,action,1,0,,,,,4#자재 부족
2483,L792,L,792,bool,action,1,0,,,,,6#자재 부족
2491,M1001,M,1001,bool,action,1,0,,,,,1#자재오기를 기다립니다
2492,M1002,M,1002,bool,action,1,0,,,,,2#자재오기를 기다립니다
2493,M1003,M,1003,bool,action,1,0,,,,,3#자재오기를 기다립니다
2494,M1004,M,1004,bool,action,1,0,,,,,4#자재오기를 기다립니다
2495,M1005,M,1005,bool,action,1,0,,,,,5#자재오기를 기다립니다
2496,M1006,M,1006,bool,action,1,0,,,,,6#자재오기를 기다립니다
2497,M1007,M,1007,bool,action,1,0,,,,,7#자재오기를 기다립니다
2498,M1008,M,1008,bool,action,1,0,,,,,8#자재오기를 기다립니다
2499,M1009,M,1009,bool,action,1,0,,,,,9#자재오기를 기다립니다
4000,D101,D,101,uint16,plc_product_data,0.1,0,,3,,,status_st01_product_input_ct
4001,D500,D,500,int32,plc_setting_data,0.01,0,,,,,setting_st01_product_input_magazine_origin_position_pos_mm
4002,D502,D,502,int32,plc_setting_data,0.01,0,,,,,setting_st01_product_input_magazine_position_01_pos_mm
4003,D504,D,504,int32,plc_setting_data,0.01,0,,,,,setting_st01_product_input_magazine_position_02_pos_mm
4004,D506,D,506,int32,plc_setting_data,0.01,0,,,,,setting_st01_product_input_magazine_position_03_pos_mm
4005,D508,D,508,int32,plc_setting_data,0.01,0,,,,,setting_st01_product_input_magazine_position_04_pos_mm
4006,D510,D,510,int32,plc_setting_data,0.01,0,,,,,setting_st01_product_input_magazine_position_05_pos_mm
4007,D512,D,512,int32,plc_setting_data,0.01,0,,,,,setting_st01_product_input_magazine_position_06_pos_mm
4008,D514,D,514,int32,plc_setting_data,0.01,0,,,,,setting_st01_product_input_magazine_position_07_pos_mm
4009,D520,D,520,int32,plc_setting_data,0.01,0,,,,,setting_st01_product_input_pickup_origin_position_pos_mm
4010,D522,D,522,int32,plc_setting_data,0.01,0,,,,,setting_st01_product_input_pickup_pickup_position_pos_mm
4011,D524,D,524,int32,plc_setting_data,0.01,0,,,,,setting_st01_product_input_pickup_release_location_pos_mm
4012,D526,D,526,int32,plc_setting_data,0.01,0,,,,,setting_st01_product_input_pickup_position_01_pos_mm
4013,D528,D,528,int32,plc_setting_data,0.01,0,,,,,setting_st01_product_input_pickup_position_02_pos_mm
4014,D1006,D,1006,int32,plc_product_data,0.01,0,,5,,,measurement_st01_magazine_act_current_pos
4015,D1026,D,1026,int32,plc_product_data,0.01,0,,5,,,measurement_st01_product_input_pickup_act_current_pos_mm
4016,D1500,D,1500,uint16,plc_setting_data,0.1,0,,,,,setting_st01_product_input_material_arrival_delay_sec
4017,D1532,D,1532,uint16,plc_setting_data,1,0,,,,,setting_st01_product_input_stick_01_empty_alm_cnt
4018,L101,L,101,bool,plc_product_data,1,0,,,,,status_st01_product_input_exception
4019,L121,L,121,bool,plc_product_data,1,0,,,,,status_st01_product_input_origin
4020,L141,L,141,bool,plc_product_data,1,0,,,,,status_st01_product_input_active
4021,L161,L,161,bool,plc_product_data,1,0,,,,,status_st01_product_input_empty
4022,L1151,L,1151,bool,plc_setting_data,1,0,,,,,setting_st01_product_input_station
4023,L1200,L,1200,bool,plc_setting_data,1,0,,,,,setting_st01_product_input_material_presence
4024,L1211,L,1211,bool,plc_setting_data,1,0,,,,,setting_st01_product_input_jig_height_detect
4025,L1220,L,1220,bool,plc_setting_data,1,0,,,,,setting_st01_product_input_Magazine_detect_01
4026,L1221,L,1221,bool,plc_setting_data,1,0,,,,,setting_st01_product_input_stick_01_detect
4027,L1222,L,1222,bool,plc_setting_data,1,0,,,,,setting_st01_product_input_Magazine_detect_02
4028,D102,D,102,uint16,plc_product_data,0.1,0,,2,,,status_st02_idle_ct
4029,L102,L,102,bool,plc_product_data,1,0,,,,,status_st02_idle_exception
4030,L122,L,122,bool,plc_product_data,1,0,,,,,status_st02_idle_origin
4031,L142,L,142,bool,plc_product_data,1,0,,,,,status_st02_idle_active
4032,L162,L,162,bool,plc_product_data,1,0,,,,,status_st02_idle_empty
4033,D103,D,103,uint16,plc_product_data,0.1,0,,2,,,status_st03_solder_ball_inspection_ct
4034,D620,D,620,int32,plc_setting_data,0.01,0,,,,,setting_st03_solder_ball_inspection_origin_position_pos_mm
4035,D622,D,622,int32,plc_setting_data,0.01,0,,,,,setting_st03_solder_ball_inspection_position_01_pos_mm
4036,D624,D,624,int32,plc_setting_data,0.01,0,,,,,setting_st03_solder_ball_inspection_position_02_pos_mm
4037,D626,D,626,int32,plc_setting_data,0.01,0,,,,,setting_st03_solder_ball_inspection_position_03_pos_mm
4038,D628,D,628,int32,plc_setting_data,0.01,0,,,,,setting_st03_solder_ball_inspection_position_04_pos_mm
4039,D1126,D,1126,int32,plc_product_data,0.01,0,,5,,,measurement_st03_solder_ball_inspection_act_current_pos_mm
4040,D1504,D,1504,uint16,plc_setting_data,1,0,,,,,setting_st03_solder_ball_inspection_consecutive_ng_limit_pcs
4041,D2656,D,2656,uint16,plc_product_data,0.01,0,,,,,status_st03_ccd1_status
4042,D2657,D,2657,uint16,plc_product_data,0.01,0,,,,,status_st03_ccd2_status
4043,D2658,D,2658,uint16,plc_product_data,0.01,0,,,,,status_st03_ccd3_status
4044,D2660,D,2660,uint32,plc_product_data,1,0,,6,,,judgment_st03_ccd1_ok_count_pcs
4045,D2662,D,2662,uint32,plc_product_data,1,0,,6,,,judgment_st03_ccd1_ng_count_pcs
4046,D2664,D,2664,uint32,plc_product_data,1,0,,6,,,judgment_st03_ccd2_ok_count_pcs
4047,D2666,D,2666,uint32,plc_product_data,1,0,,6,,,judgment_st03_ccd2_ng_count_pcs
4048,D2668,D,2668,uint32,plc_product_data,1,0,,6,,,judgment_st03_ccd3_ok_count_pcs
4049,D2670,D,2670,uint32,plc_product_data,1,0,,6,,,judgment_st03_ccd3_ng_count_pcs
4050,L103,L,103,bool,plc_product_data,1,0,,,,,status_st03_solder_ball_inspection_exception
4051,L123,L,123,bool,plc_product_data,1,0,,,,,status_st03_solder_ball_inspection_origin
4052,L143,L,143,bool,plc_product_data,1,0,,,,,status_st03_solder_ball_inspection_active
4053,L163,L,163,bool,plc_product_data,1,0,,,,,status_st03_solder_ball_inspection_empty
4054,L1153,L,1153,bool,plc_setting_data,1,0,,,,,setting_st03_solder_ball_inspection_station
4055,L1203,L,1203,bool,plc_setting_data,1,0,,,,,setting_st03_solder_ball_inspection_ccd
4056,D104,D,104,uint16,plc_product_data,0.1,0,,3,,,status_st04_terminal_assembly_ct
4057,D540,D,540,int32,plc_setting_data,0.01,0,,,,,setting_st04_terminal_assembly_origin_position_pos_mm
4058,D542,D,542,int32,plc_setting_data,0.01,0,,,,,setting_st04_terminal_assembly_pickup_position_pos_mm
4059,D544,D,544,int32,plc_setting_data,0.01,0,,,,,setting_st04_terminal_assembly_release_location_pos_mm
4060,D546,D,546,int32,plc_setting_data,0.01,0,,,,,setting_st04_terminal_assembly_safe_position_pos_mm
4061,D548,D,548,int32,plc_setting_data,0.01,0,,,,,setting_st04_terminal_assembly_position_02_pos_mm
4062,D1046,D,1046,int32,plc_product_data,0.01,0,,5,,,measurement_st04_terminal_assembly_act_current_pos_mm
4063,D1520,D,1520,uint16,plc_setting_data,0.1,0,,,,,setting_st04_terminal_assembly_material_arrival_delay_sec
4064,D1524,D,1524,uint16,plc_setting_data,0.1,0,,,,,setting_st04_terminal_assembly_pick_grip_delay_sec
4065,D1525,D,1525,uint16,plc_setting_data,0.1,0,,,,,setting_st04_terminal_assembly_pick_release_delay_sec
4066,D1526,D,1526,uint16,plc_setting_data,0.1,0,,,,,setting_st04_terminal_assembly_place_grip_delay_sec
4067,D1527,D,1527,uint16,plc_setting_data,0.1,0,,,,,setting_st04_terminal_assembly_place_release_delay_sec
4068,L104,L,104,bool,plc_product_data,1,0,,,,,status_st04_terminal_assembly_exception
4069,L124,L,124,bool,plc_product_data,1,0,,,,,status_st04_terminal_assembly_origin
4070,L144,L,144,bool,plc_product_data,1,0,,,,,status_st04_terminal_assembly_active
4071,L164,L,164,bool,plc_product_data,1,0,,,,,status_st04_terminal_assembly_empty
4072,L1154,L,1154,bool,plc_setting_data,1,0,,,,,setting_st04_terminal_assembly_station
4073,L1209,L,1209,bool,plc_setting_data,1,0,,,,,setting_st04_terminal_assembly_material_presence
4074,D105,D,105,uint16,plc_product_data,0.1,0,,2,,,status_st05_terminal_presence_inspection_ct
4075,D1506,D,1506,uint16,plc_setting_data,1,0,,,,,setting_st05_terminal_presence_inspection_consecutive_ng_limit_pcs
4076,L105,L,105,bool,plc_product_data,1,0,,,,,status_st05_terminal_presence_inspection_exception
4077,L125,L,125,bool,plc_product_data,1,0,,,,,status_st05_terminal_presence_inspection_origin
4078,L145,L,145,bool,plc_product_data,1,0,,,,,status_st05_terminal_presence_inspection_active
4079,L165,L,165,bool,plc_product_data,1,0,,,,,status_st05_terminal_presence_inspection_empty
4080,L1155,L,1155,bool,plc_setting_data,1,0,,,,,setting_st05_terminal_presence_inspection_station
4081,L1204,L,1204,bool,plc_setting_data,1,0,,,,,setting_st05_terminal_presence_inspection_part_presence
4082,D106,D,106,uint16,plc_product_data,0.1,0,,3,,,status_st06_core_assembly_ct
4083,D560,D,560,int32,plc_setting_data,0.01,0,,,,,setting_st06_core_assembly_origin_position_pos_mm
4084,D562,D,562,int32,plc_setting_data,0.01,0,,,,,setting_st06_core_assembly_pickup_position_pos_mm
4085,D564,D,564,int32,plc_setting_data,0.01,0,,,,,setting_st06_core_assembly_release_location_pos_mm
4086,D566,D,566,int32,plc_setting_data,0.01,0,,,,,setting_st06_core_assembly_broken_vacuum_position_pos_mm
4087,D568,D,568,int32,plc_setting_data,0.01,0,,,,,setting_st06_core_assembly_position_02_pos_mm
4088,D1066,D,1066,int32,plc_product_data,0.01,0,,5,,,measurement_st06_core_assembly_act_current_pos_mm
4089,D1512,D,1512,uint16,plc_setting_data,1,0,,,,,setting_st06_core_assembly_consecutive_pickup_fail_limit_pcs
4090,D1522,D,1522,uint16,plc_setting_data,0.1,0,,,,,setting_st06_core_assembly_material_arrival_delay_sec
4091,L106,L,106,bool,plc_product_data,1,0,,,,,status_st06_core_assembly_exception
4092,L126,L,126,bool,plc_product_data,1,0,,,,,status_st06_core_assembly_origin
4093,L146,L,146,bool,plc_product_data,1,0,,,,,status_st06_core_assembly_active
4094,L166,L,166,bool,plc_product_data,1,0,,,,,status_st06_core_assembly_empty
4095,L1156,L,1156,bool,plc_setting_data,1,0,,,,,setting_st06_core_assembly_station
4096,L1205,L,1205,bool,plc_setting_data,1,0,,,,,setting_st06_core_assembly_vacuum_status
4097,L1210,L,1210,bool,plc_setting_data,1,0,,,,,setting_st06_core_assembly_material_presence
4098,D107,D,107,uint16,plc_product_data,0.1,0,,3,,,status_st07_core_presence_inspection_ct
4099,D1508,D,1508,uint16,plc_setting_data,1,0,,,,,setting_st07_core_presence_inspection_consecutive_ng_limit_pcs
4100,L107,L,107,bool,plc_product_data,1,0,,,,,status_st07_core_presence_inspection_exception
4101,L127,L,127,bool,plc_product_data,1,0,,,,,status_st07_core_presence_inspection_origin
4102,L147,L,147,bool,plc_product_data,1,0,,,,,status_st07_core_presence_inspection_active
4103,L167,L,167,bool,plc_product_data,1,0,,,,,status_st07_core_presence_inspection_empty
4104,L1157,L,1157,bool,plc_setting_data,1,0,,,,,setting_st07_core_presence_inspection_station
4105,L1206,L,1206,bool,plc_setting_data,1,0,,,,,setting_st07_core_presence_inspection_photo_sns
4106,D108,D,108,uint16,plc_product_data,0.1,0,,3,,,status_st08_riveting_ct
4107,D580,D,580,int32,plc_setting_data,0.01,0,,,,,setting_st08_riveting_origin_position_pos_mm
4108,D582,D,582,int32,plc_setting_data,0.01,0,,,,,setting_st08_riveting_detect_approach_position_pos_mm
4109,D584,D,584,int32,plc_setting_data,0.01,0,,,,,setting_st08_riveting_rivet_position_pos_mm
4110,D586,D,586,int32,plc_setting_data,0.01,0,,,,,setting_st08_riveting_position_01_pos_mm
4111,D588,D,588,int32,plc_setting_data,0.01,0,,,,,setting_st08_riveting_position_02_pos_mm
4112,D1086,D,1086,int32,plc_product_data,0.01,0,,5,,,measurement_st08_riveting_act_current_pos_mm
4113,D1530,D,1530,uint16,plc_setting_data,0.1,0,,,,,setting_st08_riveting_time_sec
4114,L108,L,108,bool,plc_product_data,1,0,,,,,status_st08_riveting_exception
4115,L128,L,128,bool,plc_product_data,1,0,,,,,status_st08_riveting_origin
4116,L148,L,148,bool,plc_product_data,1,0,,,,,status_st08_riveting_active
4117,L168,L,168,bool,plc_product_data,1,0,,,,,status_st08_riveting_empty
4118,L1158,L,1158,bool,plc_setting_data,1,0,,,,,setting_st08_riveting_station
4119,L1213,L,1213,bool,plc_setting_data,1,0,,,,,setting_st08_riveting_jig_height_detect
4120,L1214,L,1214,bool,plc_setting_data,1,0,,,,,setting_st08_riveting_broken_pin
4121,D109,D,109,uint16,plc_product_data,0.1,0,,2,,,status_st09_idle_ct
4122,L109,L,109,bool,plc_product_data,1,0,,,,,status_st09_idle_exception
4123,L129,L,129,bool,plc_product_data,1,0,,,,,status_st09_idle_origin
4124,L149,L,149,bool,plc_product_data,1,0,,,,,status_st09_idle_active
4125,L169,L,169,bool,plc_product_data,1,0,,,,,status_st09_idle_empty
4126,D110,D,110,uint16,plc_product_data,0.1,0,,3,,,status_st10_finished_product_unload_ct
4127,D600,D,600,int32,plc_setting_data,0.01,0,,,,,setting_st10_finished_product_unload_origin_position_pos_mm
4128,D602,D,602,int32,plc_setting_data,0.01,0,,,,,setting_st10_finished_product_unload_pickup_position_pos_mm
4129,D604,D,604,int32,plc_setting_data,0.01,0,,,,,setting_st10_finished_product_unload_release_location_pos_mm
4130,D606,D,606,int32,plc_setting_data,0.01,0,,,,,setting_st10_finished_product_unload_act_defect_pos_mm
4131,D608,D,608,int32,plc_setting_data,0.01,0,,,,,setting_st10_finished_product_unload_camera_position_pos_mm
4132,D1106,D,1106,int32,plc_product_data,0.01,0,,5,,,measurement_st10_finished_product_unload_act_current_pos_mm
4133,D1510,D,1510,uint16,plc_setting_data,1,0,,,,,setting_st10_finished_product_unload_consecutive_ng_limit_pcs
4134,D2500,D,2500,float32,plc_setting_data,1,0,2,,,,setting_st10_ccd1_compensation
4135,D2502,D,2502,float32,plc_setting_data,1,0,2,,,,setting_st10_ccd2_compensation
4136,D2504,D,2504,float32,plc_setting_data,1,0,2,,,,setting_st10_ccd3_compensation
4137,D2510,D,2510,float32,plc_setting_data,1,0,2,,,,setting_st10_ccd1_upper
4138,D2512,D,2512,float32,plc_setting_data,1,0,2,,,,setting_st10_ccd1_lower
4139,D2514,D,2514,float32,plc_setting_data,1,0,2,,,,setting_st10_ccd2_upper
4140,D2516,D,2516,float32,plc_setting_data,1,0,2,,,,setting_st10_ccd2_lower
4141,D2518,D,2518,float32,plc_setting_data,1,0,2,,,,setting_st10_ccd3_upper
4142,D2520,D,2520,float32,plc_setting_data,1,0,2,,,,setting_st10_ccd3_lower
4143,D2540,D,2540,float32,plc_product_data,1,0,2,,,,measurement_st10_ccd1_real
4144,D2542,D,2542,float32,plc_product_data,1,0,2,,,,measurement_st10_ccd2_real
4145,D2544,D,2544,float32,plc_product_data,1,0,2,,,,measurement_st10_ccd3_real
4146,D2550,D,2550,float32,plc_product_data,1,0,2,,,,measurement_st10_ccd1_result
4147,D2552,D,2552,float32,plc_product_data,1,0,2,,,,measurement_st10_ccd2_result
4148,D2554,D,2554,float32,plc_product_data,1,0,2,,,,measurement_st10_ccd3_result
4149,D2556,D,2556,uint16,plc_product_data,0.01,0,,,,,status_st10_ccd1_status
4150,D2557,D,2557,uint16,plc_product_data,0.01,0,,,,,status_st10_ccd2_status
4151,D2558,D,2558,uint16,plc_product_data,0.01,0,,,,,status_st10_ccd3_status
4152,D2560,D,2560,uint32,plc_product_data,1,0,,6,,,judgment_st10_ccd1_ok_count_pcs
4153,D2562,D,2562,uint32,plc_product_data,1,0,,6,,,judgment_st10_ccd1_ng_count_pcs
4154,D2564,D,2564,uint32,plc_product_data,1,0,,6,,,judgment_st10_ccd2_ok_count_pcs
4155,D2566,D,2566,uint32,plc_product_data,1,0,,6,,,judgment_st10_ccd2_ng_count_pcs
4156,D2568,D,2568,uint32,plc_product_data,1,0,,6,,,judgment_st10_ccd3_ok_count_pcs
4157,D2570,D,2570,uint32,plc_product_data,1,0,,6,,,judgment_st10_ccd3_ng_count_pcs
4158,L110,L,110,bool,plc_product_data,1,0,,,,,status_st10_finished_product_unload_exception
4159,L130,L,130,bool,plc_product_data,1,0,,,,,status_st10_finished_product_unload_origin
4160,L150,L,150,bool,plc_product_data,1,0,,,,,status_st10_finished_product_unload_active
4161,L170,L,170,bool,plc_product_data,1,0,,,,,status_st10_finished_product_unload_empty
4162,L1207,L,1207,bool,plc_setting_data,1,0,,,,,setting_st10_finished_product_unload_ccd
4163,L1260,L,1260,bool,plc_setting_data,1,0,,,,,setting_st10_finished_product_unload_station
4164,L1208,L,1208,bool,plc_setting_data,1,0,,,,,setting_st11_residual_inspection
4165,D1514,D,1514,uint16,plc_setting_data,1,0,,,,,setting_st12_jig_inspection_dust_removal_count_pcs
4166,D1516,D,1516,uint16,plc_setting_data,0.1,0,,,,,setting_st12_jig_inspection_dust_blow_on_time_sec
4167,D1517,D,1517,uint16,plc_setting_data,0.1,0,,,,,setting_st12_jig_inspection_dust_off_time_sec
4168,L1212,L,1212,bool,plc_setting_data,1,0,,,,,setting_st12_jig_inspection
4169,D1082,D,1082,uint32,plc_setting_data,0.01,0,,,,,setting_st08_riveting_manual_speed_mm
4170,D1090,D,1090,uint32,plc_setting_data,0.01,0,,,,,setting_st08_riveting_dry_run_speed_mm
4171,D1092,D,1092,uint32,plc_setting_data,0.01,0,,,,,setting_st08_riveting_speed_mm
5000,D100,D,100,int16,plc_product_data,1,0,,4,,,status_line_current_model
5001,D900,D,900,string,plc_product_data,1,0,,10,,,status_line_model_name
5002,M806,M,806,bool,plc_product_data,1,0,,,,,action_line_model_change_button
5003,X10F,X,10F,bool,plc_product_data,1,0,,,,,measurement_line_turntable_index_sensor
5004,Y448,Y,448,bool,plc_product_data,1,0,,,,,action_line_turntable_pulse_output
5005,X111,X,111,bool,plc_product_data,1,0,,,,,measurement_st01_product_input_magazine_positioning_end
5006,X112,X,112,bool,plc_product_data,1,0,,,,,measurement_st01_product_input_magazine_updown_01
5007,X113,X,113,bool,plc_product_data,1,0,,,,,measurement_st01_product_input_magazine_updown_02
5008,X115,X,115,bool,plc_product_data,1,0,,,,,measurement_st01_product_input_empty_magazine_push_end
5009,X12A,X,12A,bool,plc_product_data,1,0,,,,,measurement_st01_product_input_feeding
5011,X160,X,160,bool,plc_product_data,1,0,,,,,measurement_st01_product_input_magazine_slot_01
5012,X161,X,161,bool,plc_product_data,1,0,,,,,measurement_st01_product_input_magazine_slot_02
5013,X162,X,162,bool,plc_product_data,1,0,,,,,measurement_st01_product_input_magazine_slot_03
5014,X163,X,163,bool,plc_product_data,1,0,,,,,measurement_st01_product_input_magazine_slot_04
5015,X164,X,164,bool,plc_product_data,1,0,,,,,measurement_st01_product_input_magazine_slot_05
5016,X165,X,165,bool,plc_product_data,1,0,,,,,measurement_st01_product_input_magazine_slot_06
5017,X166,X,166,bool,plc_product_data,1,0,,,,,measurement_st01_product_input_magazine_slot_07
5018,X167,X,167,bool,plc_product_data,1,0,,,,,measurement_st01_product_input_empty_magazine_01
5019,X168,X,168,bool,plc_product_data,1,0,,,,,measurement_st01_product_input_empty_magazine_02
5020,X16B,X,16B,bool,plc_product_data,1,0,,,,,measurement_st01_product_input_material_pipe_empty
5021,X16C,X,16C,bool,plc_product_data,1,0,,,,,measurement_st01_product_input_vibrator_full
5022,X16D,X,16D,bool,plc_product_data,1,0,,,,,measurement_st01_product_input_material_arrive_jig01
5023,X16E,X,16E,bool,plc_product_data,1,0,,,,,measurement_st01_product_input_material_arrive_jig02
5024,X16F,X,16F,bool,plc_product_data,1,0,,,,,measurement_st01_product_input_material_arrive_jig03
5025,Y41D,Y,41D,bool,plc_product_data,1,0,,,,,action_st01_product_input_dust_blower
5026,Y1057,Y,1057,bool,plc_product_data,1,0,,,,,action_st01_product_input_pickup_clamp_jig01
5027,Y1058,Y,1058,bool,plc_product_data,1,0,,,,,action_st01_product_input_pickup_clamp_jig02
5028,Y1059,Y,1059,bool,plc_product_data,1,0,,,,,action_st01_product_input_pickup_clamp_jig03
5029,L3067,L,3067,bool,plc_product_data,1,0,,,,,status_st02_inspection_running
5030,L3068,L,3068,bool,plc_product_data,1,0,,,,,status_st02_inspection_updown
5031,L3069,L,3069,bool,plc_product_data,1,0,,,,,status_st02_inspection_cylinder_not_returned
5032,X196,X,196,bool,plc_product_data,1,0,,,,,measurement_st02_inspection_cylinder_origin
5033,X197,X,197,bool,plc_product_data,1,0,,,,,measurement_st02_inspection_cylinder_end
5034,X198,X,198,bool,plc_product_data,1,0,,,,,measurement_st02_inspection_detect_jig01
5035,X199,X,199,bool,plc_product_data,1,0,,,,,measurement_st02_inspection_detect_jig02
5036,X19A,X,19A,bool,plc_product_data,1,0,,,,,measurement_st02_inspection_detect_jig03
5037,Y45D,Y,45D,bool,plc_product_data,1,0,,,,,action_st02_inspection_cylinder
5038,M240,M,240,bool,plc_product_data,1,0,,,,,judgment_st03_solder_ball_inspection_ccd01_ok
5039,M241,M,241,bool,plc_product_data,1,0,,,,,judgment_st03_solder_ball_inspection_ccd01_ng
5040,M242,M,242,bool,plc_product_data,1,0,,,,,judgment_st03_solder_ball_inspection_ccd02_ok
5041,M243,M,243,bool,plc_product_data,1,0,,,,,judgment_st03_solder_ball_inspection_ccd02_ng
5042,M244,M,244,bool,plc_product_data,1,0,,,,,judgment_st03_solder_ball_inspection_ccd03_ok
5043,M245,M,245,bool,plc_product_data,1,0,,,,,judgment_st03_solder_ball_inspection_ccd03_ng
5044,X170,X,170,bool,plc_product_data,1,0,,,,,measurement_st03_solder_ball_inspection_detect_jig01
5045,X171,X,171,bool,plc_product_data,1,0,,,,,measurement_st03_solder_ball_inspection_detect_jig02
5046,X172,X,172,bool,plc_product_data,1,0,,,,,measurement_st03_solder_ball_inspection_detect_jig03
5047,D400,D,400,float32,plc_setting_data,1,0,2,,,,setting_st04_terminal_assembly_ccd01_gap_upper
5048,D402,D,402,float32,plc_setting_data,1,0,2,,,,setting_st04_terminal_assembly_ccd01_gap_lower
5049,D404,D,404,float32,plc_setting_data,1,0,2,,,,setting_st04_terminal_assembly_ccd02_gap_upper
5050,D406,D,406,float32,plc_setting_data,1,0,2,,,,setting_st04_terminal_assembly_ccd02_gap_lower
5051,X12C,X,12C,bool,plc_product_data,1,0,,,,,measurement_st04_terminal_assembly_feeding
5052,X173,X,173,bool,plc_product_data,1,0,,,,,measurement_st04_terminal_assembly_supply_jig01
5053,X174,X,174,bool,plc_product_data,1,0,,,,,measurement_st04_terminal_assembly_supply_jig02
5054,X175,X,175,bool,plc_product_data,1,0,,,,,measurement_st04_terminal_assembly_supply_jig03
5055,X18C,X,18C,bool,plc_product_data,1,0,,,,,measurement_st04_terminal_assembly_vibrator_full_01
5056,X18D,X,18D,bool,plc_product_data,1,0,,,,,measurement_st04_terminal_assembly_vibrator_full_02
5057,X18E,X,18E,bool,plc_product_data,1,0,,,,,measurement_st04_terminal_assembly_vibrator_full_03
5058,Y43E,Y,43E,bool,plc_product_data,1,0,,,,,action_st04_terminal_assembly_vibrator_stop
5059,Y440,Y,440,bool,plc_product_data,1,0,,,,,action_st04_terminal_assembly_silo_stop
5060,Y451,Y,451,bool,plc_product_data,1,0,,,,,action_st04_terminal_assembly_feeding_suction
5061,X176,X,176,bool,plc_product_data,1,0,,,,,measurement_st05_terminal_presence_inspection_detect_jig01
5062,X177,X,177,bool,plc_product_data,1,0,,,,,measurement_st05_terminal_presence_inspection_detect_jig02
5063,X178,X,178,bool,plc_product_data,1,0,,,,,measurement_st05_terminal_presence_inspection_detect_jig03
5064,X132,X,132,bool,plc_product_data,1,0,,,,,measurement_st06_core_assembly_feeding
5065,X134,X,134,bool,plc_product_data,1,0,,,,,measurement_st06_core_assembly_vacuum_pickup_jig01
5066,X135,X,135,bool,plc_product_data,1,0,,,,,measurement_st06_core_assembly_vacuum_pickup_jig02
5067,X136,X,136,bool,plc_product_data,1,0,,,,,measurement_st06_core_assembly_vacuum_pickup_jig03
5068,X179,X,179,bool,plc_product_data,1,0,,,,,measurement_st06_core_assembly_supply_jig01
5069,X17A,X,17A,bool,plc_product_data,1,0,,,,,measurement_st06_core_assembly_supply_jig02
5070,X17B,X,17B,bool,plc_product_data,1,0,,,,,measurement_st06_core_assembly_supply_jig03
5071,X18F,X,18F,bool,plc_product_data,1,0,,,,,measurement_st06_core_assembly_vibrator_full_01
5072,X190,X,190,bool,plc_product_data,1,0,,,,,measurement_st06_core_assembly_vibrator_full_02
5073,X191,X,191,bool,plc_product_data,1,0,,,,,measurement_st06_core_assembly_vibrator_full_03
5074,Y43F,Y,43F,bool,plc_product_data,1,0,,,,,action_st06_core_assembly_vibrator_stop
5075,Y441,Y,441,bool,plc_product_data,1,0,,,,,action_st06_core_assembly_silo_stop
5076,X17C,X,17C,bool,plc_product_data,1,0,,,,,measurement_st07_core_presence_inspection_photoelectric_jig01
5077,X17D,X,17D,bool,plc_product_data,1,0,,,,,measurement_st07_core_presence_inspection_photoelectric_jig02
5078,X17E,X,17E,bool,plc_product_data,1,0,,,,,measurement_st07_core_presence_inspection_photoelectric_jig03
5079,X192,X,192,bool,plc_product_data,1,0,,,,,measurement_st08_riveting_fixture_detect
5080,X193,X,193,bool,plc_product_data,1,0,,,,,judgment_st08_riveting_broken_pin_detect_jig01
5081,X194,X,194,bool,plc_product_data,1,0,,,,,judgment_st08_riveting_broken_pin_detect_jig02
5082,X195,X,195,bool,plc_product_data,1,0,,,,,judgment_st08_riveting_broken_pin_detect_jig03
5083,L19,L,19,bool,plc_product_data,1,0,,,,,status_st09_idle_reset
5084,L59,L,59,bool,plc_product_data,1,0,,,,,status_st09_idle_reset_complete
5085,M210,M,210,bool,plc_product_data,1,0,,,,,action_st10_finished_product_unload_ccd_photo_trigger
5086,M220,M,220,bool,plc_product_data,1,0,,,,,judgment_st10_finished_product_unload_ccd01_ok
5087,M221,M,221,bool,plc_product_data,1,0,,,,,judgment_st10_finished_product_unload_ccd01_ng
5088,M222,M,222,bool,plc_product_data,1,0,,,,,judgment_st10_finished_product_unload_ccd02_ok
5089,M223,M,223,bool,plc_product_data,1,0,,,,,judgment_st10_finished_product_unload_ccd02_ng
5090,M224,M,224,bool,plc_product_data,1,0,,,,,judgment_st10_finished_product_unload_ccd03_ok
5091,M225,M,225,bool,plc_product_data,1,0,,,,,judgment_st10_finished_product_unload_ccd03_ng
5092,X17F,X,17F,bool,plc_product_data,1,0,,,,,status_st10_finished_product_unload_discharge_pit_full_01
5093,X180,X,180,bool,plc_product_data,1,0,,,,,status_st10_finished_product_unload_discharge_pit_full_02
5094,Y43A,Y,43A,bool,plc_product_data,1,0,,,,,action_st10_finished_product_unload_discharge_bad
5095,Y43B,Y,43B,bool,plc_product_data,1,0,,,,,action_st10_finished_product_unload_ccd_photo_output
5096,L21,L,21,bool,plc_product_data,1,0,,,,,action_st11_residue_inspection_reset
5097,L61,L,61,bool,plc_product_data,1,0,,,,,status_st11_residue_inspection_reset_complete
5098,L111,L,111,bool,plc_product_data,1,0,,,,,status_st11_residue_inspection_exception
5099,L131,L,131,bool,plc_product_data,1,0,,,,,status_st11_residue_inspection_origin
5100,L151,L,151,bool,plc_product_data,1,0,,,,,status_st11_residue_inspection_active
5101,L171,L,171,bool,plc_product_data,1,0,,,,,status_st11_residue_inspection_empty
5102,X181,X,181,bool,plc_product_data,1,0,,,,,measurement_st11_residue_inspection_jig01_residue_detect
5103,X182,X,182,bool,plc_product_data,1,0,,,,,measurement_st11_residue_inspection_jig02_residue_detect
5104,X183,X,183,bool,plc_product_data,1,0,,,,,measurement_st11_residue_inspection_jig03_residue_detect
5105,L22,L,22,bool,plc_product_data,1,0,,,,,action_st12_jig_inspection_reset
5106,L62,L,62,bool,plc_product_data,1,0,,,,,status_st12_jig_inspection_reset_complete
5107,L112,L,112,bool,plc_product_data,1,0,,,,,status_st12_jig_inspection_exception
5108,L132,L,132,bool,plc_product_data,1,0,,,,,status_st12_jig_inspection_origin
5109,L152,L,152,bool,plc_product_data,1,0,,,,,status_st12_jig_inspection_active
5110,L172,L,172,bool,plc_product_data,1,0,,,,,status_st12_jig_inspection_empty
5111,X184,X,184,bool,plc_product_data,1,0,,,,,measurement_st12_jig_inspection_fixture_detect
5112,Y43C,Y,43C,bool,plc_product_data,1,0,,,,,action_st12_jig_inspection_dust_blower
5114,D2,D,2,uint16,plc_product_data,1,0,,4,,,status_auto
5129,D218,D,218,uint32,plc_product_data,1,0,,6,,,measurement_current_cycle
5130,D228,D,228,uint16,plc_product_data,1,0,,4,,,measurement_st02_jig_01_l
5131,D230,D,230,uint16,plc_product_data,1,0,,4,,,measurement_st02_jig_01_r
5132,D232,D,232,uint16,plc_product_data,1,0,,4,,,measurement_st02_jig_02_l
5133,D234,D,234,uint16,plc_product_data,1,0,,4,,,measurement_st02_jig_02_r
5134,D236,D,236,uint16,plc_product_data,1,0,,4,,,measurement_st02_jig_03_l
5135,D238,D,238,uint16,plc_product_data,1,0,,4,,,measurement_st02_jig_03_r
5136,D240,D,240,uint16,plc_product_data,1,0,,4,,,measurement_st02_jig_04_l
5137,D242,D,242,uint16,plc_product_data,1,0,,4,,,measurement_st02_jig_04_r
5138,D244,D,244,uint16,plc_product_data,1,0,,4,,,measurement_st02_jig_01_l
5139,D246,D,246,uint16,plc_product_data,1,0,,4,,,measurement_st02_jig_01_r
5140,D248,D,248,uint16,plc_product_data,1,0,,4,,,measurement_st02_jig_02_l
5141,D250,D,250,uint16,plc_product_data,1,0,,4,,,measurement_st02_jig_02_r
5142,D252,D,252,uint16,plc_product_data,1,0,,4,,,measurement_st02_jig_03_l
5143,D254,D,254,uint16,plc_product_data,1,0,,4,,,measurement_st02_jig_03_r
5144,D256,D,256,uint16,plc_product_data,1,0,,4,,,measurement_st02_jig_04_l
5145,D258,D,258,uint16,plc_product_data,1,0,,4,,,measurement_st02_jig_04_r
5146,D266,D,266,uint16,plc_product_data,1,0,,4,,,judgment_st02_detect
5147,D268,D,268,uint16,plc_setting_data,1,0,,4,,,setting_st02_detect_setting
5148,D270,D,270,uint16,plc_product_data,1,0,,4,,,measurement_st02_jig_01
5149,D272,D,272,uint16,plc_product_data,1,0,,4,,,measurement_st02_jig_02
5150,D274,D,274,uint16,plc_product_data,1,0,,4,,,measurement_st02_jig_03
5151,D276,D,276,uint16,plc_product_data,1,0,,4,,,measurement_st02_jig_04
5152,D280,D,280,uint16,plc_setting_data,1,0,,4,,,setting_st02
5153,D282,D,282,uint16,plc_setting_data,1,0,,4,,,setting_st02
5154,D284,D,284,uint16,plc_product_data,1,0,,4,,,judgment_ng
5155,D286,D,286,uint16,plc_product_data,1,0,,4,,,measurement_test
5156,D300,D,300,uint16,plc_product_data,1,0,,4,,,measurement_st03_jig_01
5157,D302,D,302,uint16,plc_product_data,1,0,,4,,,measurement_st03_jig_02
5158,D304,D,304,uint16,plc_product_data,1,0,,4,,,measurement_st04_jig_01
5159,D306,D,306,uint16,plc_product_data,1,0,,4,,,measurement_st04_jig_02
5160,D308,D,308,uint16,plc_product_data,1,0,,4,,,measurement_st05_jig_01
5161,D310,D,310,uint16,plc_product_data,1,0,,4,,,measurement_st05_jig_02
5162,D312,D,312,uint16,plc_product_data,1,0,,4,,,measurement_st05_jig_03
5163,D314,D,314,uint16,plc_product_data,1,0,,4,,,measurement_st05_jig_04
5164,D316,D,316,uint16,plc_product_data,1,0,,4,,,measurement_st06_jig_01
5165,D318,D,318,uint16,plc_product_data,1,0,,4,,,measurement_st06_jig_02
5166,D320,D,320,uint16,plc_product_data,1,0,,4,,,measurement_st06_jig_03
5167,D322,D,322,uint16,plc_product_data,1,0,,4,,,measurement_st06_jig_04
5168,D330,D,330,uint16,plc_product_data,1,0,,4,,,measurement_st03_pressure_jig_01
5169,D332,D,332,uint16,plc_product_data,1,0,,4,,,measurement_st03_pressure_jig_02
5170,D334,D,334,uint16,plc_product_data,1,0,,4,,,measurement_st04_pressure_jig_01
5171,D336,D,336,uint16,plc_product_data,1,0,,4,,,measurement_st04_pressure_jig_02
5172,D338,D,338,uint16,plc_product_data,1,0,,4,,,measurement_st05_pressure_jig_01
5173,D340,D,340,uint16,plc_product_data,1,0,,4,,,measurement_st05_pressure_jig_02
5174,D342,D,342,uint16,plc_product_data,1,0,,4,,,measurement_st05_pressure_jig_03
5175,D344,D,344,uint16,plc_product_data,1,0,,4,,,measurement_st05_pressure_jig_04
5176,D346,D,346,uint16,plc_product_data,1,0,,4,,,measurement_st06_pressure_jig_01
5177,D348,D,348,uint16,plc_product_data,1,0,,4,,,measurement_st06_pressure_jig_02
5178,D350,D,350,uint16,plc_product_data,1,0,,4,,,measurement_st06_pressure_jig_03
5179,D352,D,352,uint16,plc_product_data,1,0,,4,,,measurement_st06_pressure_jig_04
5180,D390,D,390,uint16,plc_setting_data,1,0,,4,,,setting_st03_ccd_upper
5181,D392,D,392,uint16,plc_setting_data,1,0,,4,,,setting_st03_ccd_lower
5182,D394,D,394,uint16,plc_setting_data,1,0,,4,,,setting_st03_ccd_upper
5183,D396,D,396,float32,plc_setting_data,,0,,8,,,setting_st03_ccd_lower
5184,D410,D,410,float32,plc_product_data,,0,,8,,,measurement_st03_ccd_l_status
5185,D412,D,412,uint16,plc_product_data,1,0,,4,,,measurement_st03_ccd_r_status
5186,D414,D,414,uint16,plc_product_data,1,0,,4,,,measurement_st03_ccd_l_status
5187,D416,D,416,uint16,plc_product_data,1,0,,4,,,measurement_st03_ccd_r_status
5188,D420,D,420,uint32,plc_product_data,1,0,,6,,,measurement_st04_ccd_l_status
5189,D422,D,422,uint32,plc_product_data,1,0,,6,,,measurement_st04_ccd_r_status
5192,D430,D,430,uint32,plc_setting_data,1,0,,6,,,setting_st03_updown_jig_01
5193,D432,D,432,uint16,plc_setting_data,1,0,,4,,,setting_st03_updown_jig_02
5194,D434,D,434,uint16,plc_setting_data,1,0,,4,,,setting_st04_updown_jig_01
5195,D436,D,436,uint16,plc_setting_data,1,0,,4,,,setting_st04_updown_jig_02
5196,D440,D,440,uint16,plc_product_data,1,0,,4,,,measurement_st03_updown_jig_01
5197,D442,D,442,uint16,plc_product_data,1,0,,4,,,measurement_st03_updown_jig_02
5198,D444,D,444,uint16,plc_product_data,1,0,,4,,,measurement_st04_updown_jig_01
5199,D446,D,446,uint16,plc_product_data,1,0,,4,,,measurement_st04_updown_jig_02
5200,D450,D,450,uint16,plc_product_data,1,0,,4,,,measurement_st03_updown_jig_01
5201,D452,D,452,uint16,plc_product_data,1,0,,4,,,measurement_st03_updown_jig_02
5202,D454,D,454,uint16,plc_product_data,1,0,,4,,,measurement_st04_updown_jig_01
5203,D456,D,456,uint16,plc_product_data,1,0,,4,,,measurement_st04_updown_jig_02
5204,D460,D,460,uint16,plc_product_data,1,0,,4,,,measurement_st03_updown_jig_01
5205,D462,D,462,uint16,plc_product_data,1,0,,4,,,measurement_st03_updown_jig_02
5206,D464,D,464,uint16,plc_product_data,1,0,,4,,,measurement_st04_updown_jig_01
5207,D466,D,466,uint16,plc_product_data,1,0,,4,,,measurement_st04_updown_jig_02
5208,D470,D,470,uint16,plc_product_data,1,0,,4,,,measurement_st03_pressure_jig_01
5209,D472,D,472,uint16,plc_product_data,1,0,,4,,,measurement_st03_pressure_jig_02
5210,D474,D,474,uint16,plc_product_data,1,0,,4,,,measurement_st04_pressure_jig_01
5211,D476,D,476,uint16,plc_product_data,1,0,,4,,,measurement_st04_pressure_jig_02
5212,D480,D,480,uint16,plc_product_data,1,0,,4,,,measurement_st03_updown_jig_01
5213,D482,D,482,uint16,plc_product_data,1,0,,4,,,measurement_st03_updown_jig_02
5214,D484,D,484,uint16,plc_product_data,1,0,,4,,,measurement_st04_updown_jig_01
5215,D486,D,486,uint16,plc_product_data,1,0,,4,,,measurement_st04_updown_jig_02
5216,D490,D,490,uint16,plc_product_data,1,0,,4,,,measurement_st03_pressure_jig_01
5217,D492,D,492,uint16,plc_product_data,1,0,,4,,,measurement_st03_pressure_jig_02
5218,D494,D,494,uint16,plc_product_data,1,0,,4,,,measurement_st04_pressure_jig_01
5219,D496,D,496,int32,plc_product_data,1,0,,8,,,measurement_st04_pressure_jig_02
5220,D530,D,530,int32,plc_setting_data,1,0,,8,,,setting_st01_pick
5221,D550,D,550,int32,plc_setting_data,1,0,,8,,,setting_st04_pick
5222,D570,D,570,int32,plc_setting_data,1,0,,8,,,setting_st06_pick
5223,D590,D,590,int32,plc_setting_data,1,0,,8,,,setting_st08_riveting
5224,D610,D,610,int32,plc_setting_data,1,0,,8,,,setting_st10_pick
5225,D630,D,630,int32,plc_setting_data,1,0,,8,,,setting_st03_detect
5226,D640,D,640,uint16,plc_setting_data,1,0,,4,,,setting_st05_origin
5227,D642,D,642,uint16,plc_setting_data,1,0,,4,,,setting_st05_detect
5228,D644,D,644,uint16,plc_setting_data,1,0,,4,,,setting_st05_detect_end
5229,D646,D,646,uint16,plc_setting_data,1,0,,4,,,setting_st05_detect
5230,D648,D,648,uint16,plc_setting_data,1,0,,4,,,setting_st05_detect
5231,D650,D,650,uint16,plc_setting_data,1,0,,4,,,setting_st05_detect
5232,D660,D,660,uint16,plc_setting_data,1,0,,4,,,setting_st06_origin
5233,D662,D,662,uint16,plc_setting_data,1,0,,4,,,setting_st06_detect
5234,D664,D,664,uint16,plc_setting_data,1,0,,4,,,setting_st06_detect_end
5235,D666,D,666,uint16,plc_setting_data,1,0,,4,,,setting_st06_detect
5236,D668,D,668,uint16,plc_setting_data,1,0,,4,,,setting_st06_detect
5237,D670,D,670,uint16,plc_setting_data,1,0,,4,,,setting_st06_detect
5238,D680,D,680,uint16,plc_setting_data,1,0,,4,,,setting_st06_origin
5239,D682,D,682,uint16,plc_setting_data,1,0,,4,,,setting_st06_detect
5240,D684,D,684,uint16,plc_setting_data,1,0,,4,,,setting_st06_detect_end
5241,D686,D,686,uint16,plc_setting_data,1,0,,4,,,setting_st06_detect
5242,D688,D,688,uint16,plc_setting_data,1,0,,4,,,setting_st06_detect
5243,D690,D,690,uint16,plc_setting_data,1,0,,4,,,setting_st06_detect
5244,D700,D,700,uint16,plc_setting_data,1,0,,4,,,setting_st06_origin
5245,D702,D,702,uint16,plc_setting_data,1,0,,4,,,setting_st06_detect
5246,D704,D,704,uint16,plc_setting_data,1,0,,4,,,setting_st06_detect_end
5247,D706,D,706,uint16,plc_setting_data,1,0,,4,,,setting_st06_detect
5248,D708,D,708,uint16,plc_setting_data,1,0,,4,,,setting_st06_detect
5249,D710,D,710,uint16,plc_setting_data,1,0,,4,,,setting_st06_detect
5250,D720,D,720,uint16,plc_setting_data,1,0,,4,,,setting_st06_origin
5251,D722,D,722,uint16,plc_setting_data,1,0,,4,,,setting_st06_detect
5252,D724,D,724,uint16,plc_setting_data,1,0,,4,,,setting_st06_detect_end
5253,D726,D,726,uint16,plc_setting_data,1,0,,4,,,setting_st06_detect
5254,D728,D,728,uint16,plc_setting_data,1,0,,4,,,setting_st06_detect
5255,D730,D,730,uint16,plc_setting_data,1,0,,4,,,setting_st06_detect
5256,D740,D,740,uint16,plc_setting_data,1,0,,4,,,setting_st10_pick
5257,D742,D,742,uint16,plc_setting_data,1,0,,4,,,setting_st10_ccd
5258,D744,D,744,uint16,plc_product_data,1,0,,4,,,measurement_10_ng_aging
5259,D746,D,746,uint16,plc_product_data,1,0,,4,,,judgment_st10_release_force
5260,D748,D,748,uint16,plc_setting_data,1,0,,4,,,setting_st10_ng
5261,D750,D,750,uint16,plc_product_data,1,0,,4,,,measurement_st10_pressure
5262,D752,D,752,uint16,plc_setting_data,1,0,,4,,,setting_st10_sync_time
5263,D754,D,754,uint16,plc_product_data,1,0,,4,,,judgment_st10_op_voltage
5264,D756,D,756,uint16,plc_product_data,1,0,,4,,,judgment_st10_rel_voltage
5265,D1000,D,1000,uint32,plc_setting_data,1,0,,6,,,setting_st01_auto
5267,D1004,D,1004,uint32,plc_product_data,1,0,,6,,,measurement_st01
5270,D1012,D,1012,uint32,plc_setting_data,1,0,,6,,,setting_st01_search
5271,D1014,D,1014,uint32,plc_setting_data,1,0,,6,,,setting_st01_detect
5272,D1020,D,1020,uint32,plc_setting_data,1,0,,6,,,setting_st01_pick_auto
5274,D1024,D,1024,uint32,plc_product_data,1,0,,6,,,measurement_st01_pick
5277,D1032,D,1032,uint32,plc_setting_data,1,0,,6,,,setting_st01_pick
5278,D1034,D,1034,uint32,plc_setting_data,1,0,,6,,,setting_st01_pick
5279,D1040,D,1040,uint32,plc_setting_data,1,0,,6,,,setting_st04_pick_auto
5281,D1044,D,1044,uint32,plc_product_data,1,0,,6,,,measurement_st04_pick
5284,D1052,D,1052,uint32,plc_setting_data,1,0,,6,,,setting_st04_pick
5285,D1054,D,1054,uint32,plc_setting_data,1,0,,6,,,setting_st04_pick
5286,D1060,D,1060,uint32,plc_setting_data,1,0,,6,,,setting_st06_pick_auto
5288,D1064,D,1064,uint32,plc_product_data,1,0,,6,,,measurement_st06_pick
5291,D1072,D,1072,uint32,plc_setting_data,1,0,,6,,,setting_st06_pick
5292,D1074,D,1074,uint32,plc_setting_data,1,0,,6,,,setting_st06_pick
5293,D1080,D,1080,uint32,plc_setting_data,1,0,,6,,,setting_st08_riveting_auto
5294,D1084,D,1084,uint32,plc_product_data,1,0,,6,,,measurement_st08_riveting
5295,D1088,D,1088,int32,plc_setting_data,1,0,,8,,,setting_st08_origin
5296,D1100,D,1100,uint32,plc_setting_data,1,0,,6,,,setting_st10_pick_auto
5298,D1104,D,1104,uint32,plc_product_data,1,0,,6,,,measurement_st10_pick
5299,D1108,D,1108,int32,plc_setting_data,1,0,,8,,,setting_st10_pick
5301,D1112,D,1112,uint32,plc_setting_data,1,0,,6,,,setting_st10_pick
5302,D1120,D,1120,uint32,plc_setting_data,1,0,,6,,,setting_st03_detect_auto
5304,D1124,D,1124,uint32,plc_product_data,1,0,,6,,,judgment_st03_detect
5305,D1128,D,1128,int32,plc_setting_data,1,0,,8,,,setting_st03_origin
5307,D1132,D,1132,uint32,plc_setting_data,1,0,,6,,,setting_st03_detect
5308,D1140,D,1140,uint16,plc_setting_data,1,0,,4,,,setting_st05_detect_auto
5310,D1144,D,1144,uint16,plc_product_data,1,0,,4,,,judgment_st05_detect
5311,D1146,D,1146,uint16,plc_setting_data,1,0,,4,,,setting_st05_detect
5312,D1148,D,1148,uint16,plc_setting_data,1,0,,4,,,setting_st05_origin
5313,D1150,D,1150,uint16,plc_setting_data,1,0,,4,,,setting_st05_detect
5314,D1152,D,1152,uint16,plc_setting_data,1,0,,4,,,setting_st05_detect
5315,D1160,D,1160,uint16,plc_setting_data,1,0,,4,,,setting_st06_detect_auto
5317,D1164,D,1164,uint16,plc_product_data,1,0,,4,,,judgment_st06_detect
5318,D1166,D,1166,uint16,plc_setting_data,1,0,,4,,,setting_st06_detect
5319,D1168,D,1168,uint16,plc_setting_data,1,0,,4,,,setting_st06_origin
5320,D1170,D,1170,uint16,plc_setting_data,1,0,,4,,,setting_st06_detect
5321,D1172,D,1172,uint16,plc_setting_data,1,0,,4,,,setting_st06_detect
5322,D1180,D,1180,uint16,plc_setting_data,1,0,,4,,,setting_st06_detect_auto
5324,D1184,D,1184,uint16,plc_product_data,1,0,,4,,,judgment_st06_detect
5325,D1186,D,1186,uint16,plc_setting_data,1,0,,4,,,setting_st06_detect
5326,D1188,D,1188,uint16,plc_setting_data,1,0,,4,,,setting_st06_origin
5327,D1190,D,1190,uint16,plc_setting_data,1,0,,4,,,setting_st06_detect
5328,D1192,D,1192,uint16,plc_setting_data,1,0,,4,,,setting_st06_detect
5329,D1200,D,1200,uint16,plc_setting_data,1,0,,4,,,setting_st06_detect_auto
5331,D1204,D,1204,uint16,plc_product_data,1,0,,4,,,judgment_st06_detect
5332,D1206,D,1206,uint16,plc_setting_data,1,0,,4,,,setting_st06_detect
5333,D1208,D,1208,uint16,plc_setting_data,1,0,,4,,,setting_st06_origin
5334,D1210,D,1210,uint16,plc_setting_data,1,0,,4,,,setting_st06_detect
5335,D1212,D,1212,uint16,plc_setting_data,1,0,,4,,,setting_st06_detect
5336,D1220,D,1220,uint16,plc_setting_data,1,0,,4,,,setting_st06_detect_auto
5338,D1224,D,1224,uint16,plc_product_data,1,0,,4,,,judgment_st06_detect
5339,D1226,D,1226,uint16,plc_setting_data,1,0,,4,,,setting_st06_detect
5340,D1228,D,1228,uint16,plc_setting_data,1,0,,4,,,setting_st06_origin
5341,D1230,D,1230,uint16,plc_setting_data,1,0,,4,,,setting_st06_detect
5342,D1232,D,1232,uint16,plc_setting_data,1,0,,4,,,setting_st06_detect
5343,D1240,D,1240,uint16,plc_setting_data,1,0,,4,,,setting_servo_auto
5345,D1244,D,1244,uint16,plc_product_data,1,0,,4,,,measurement_servo
5346,D1246,D,1246,uint16,plc_setting_data,1,0,,4,,,setting_servo
5347,D1248,D,1248,uint16,plc_setting_data,1,0,,4,,,setting_servo
5348,D1502,D,1502,uint16,plc_setting_data,1,0,,4,,,setting_st02_ng
5349,D1533,D,1533,uint16,plc_product_data,1,0,,4,,,counter_count_count
5352,D2000,D,2000,uint16,plc_product_data,1,0,,4,,,measurement_st03_updown
5353,D2001,D,2001,uint16,plc_product_data,1,0,,4,,,measurement_st03_updown
5354,D2002,D,2002,uint16,plc_product_data,1,0,,4,,,measurement_st03_updown
5355,D2004,D,2004,uint16,plc_product_data,1,0,,4,,,measurement_st03_pressure
5356,D2005,D,2005,uint16,plc_product_data,1,0,,4,,,measurement_st03_pressure
5357,D2006,D,2006,uint16,plc_product_data,1,0,,4,,,measurement_st03_pressure
5358,D2010,D,2010,uint16,plc_product_data,1,0,,4,,,measurement_st03_updown
5359,D2011,D,2011,uint16,plc_product_data,1,0,,4,,,measurement_st03_updown
5360,D2012,D,2012,uint16,plc_product_data,1,0,,4,,,measurement_st03_updown
5361,D2014,D,2014,uint16,plc_product_data,1,0,,4,,,measurement_st03_pressure
5362,D2015,D,2015,uint16,plc_product_data,1,0,,4,,,measurement_st03_pressure
5363,D2016,D,2016,uint16,plc_product_data,1,0,,4,,,measurement_st03_pressure
5364,D2020,D,2020,uint16,plc_product_data,1,0,,4,,,measurement_st04_updown
5365,D2021,D,2021,uint16,plc_product_data,1,0,,4,,,measurement_st04_updown
5366,D2022,D,2022,uint16,plc_product_data,1,0,,4,,,measurement_st04_updown
5367,D2024,D,2024,uint16,plc_product_data,1,0,,4,,,measurement_st04_pressure
5368,D2025,D,2025,uint16,plc_product_data,1,0,,4,,,measurement_st04_pressure
5369,D2026,D,2026,uint16,plc_product_data,1,0,,4,,,measurement_st04_pressure
5370,D2030,D,2030,uint16,plc_product_data,1,0,,4,,,measurement_st04_updown
5371,D2031,D,2031,uint16,plc_product_data,1,0,,4,,,measurement_st04_updown
5372,D2032,D,2032,uint16,plc_product_data,1,0,,4,,,measurement_st04_updown
5373,D2034,D,2034,uint16,plc_product_data,1,0,,4,,,measurement_st04_pressure
5374,D2035,D,2035,uint16,plc_product_data,1,0,,4,,,measurement_st04_pressure
5375,D2036,D,2036,uint16,plc_product_data,1,0,,4,,,measurement_st04_pressure
5376,D2040,D,2040,uint16,plc_product_data,1,0,,4,,,measurement_st03_ng_jig_01_r
5377,D2050,D,2050,uint16,plc_product_data,1,0,,4,,,measurement_st03_ng_jig_02_r
5378,D2060,D,2060,uint16,plc_product_data,1,0,,4,,,measurement_st04_ng_jig_01_r
5379,D2070,D,2070,uint16,plc_product_data,1,0,,4,,,measurement_st04_ng_jig_02_r
5380,D2080,D,2080,uint16,plc_product_data,1,0,,4,,,measurement_st03_pressure_jig_01_r
5381,D2090,D,2090,uint16,plc_product_data,1,0,,4,,,measurement_st03_pressure_jig_02_r
5382,D2100,D,2100,uint16,plc_product_data,1,0,,4,,,measurement_st04_pressure_jig_01_r
5383,D2110,D,2110,uint16,plc_product_data,1,0,,4,,,measurement_st04_pressure_jig_02_r
5384,D2120,D,2120,uint16,plc_product_data,1,0,,4,,,measurement_st03_ng_jig_01_r
5385,D2130,D,2130,uint16,plc_product_data,1,0,,4,,,measurement_st03_ng_jig_02_r
5386,D2140,D,2140,uint16,plc_product_data,1,0,,4,,,measurement_st04_ng_jig_01_r
5387,D2150,D,2150,uint16,plc_product_data,1,0,,4,,,measurement_st04_ng_jig_02_r
5388,D2160,D,2160,uint16,plc_product_data,1,0,,4,,,measurement_st03_pressure_jig_01_r
5389,D2170,D,2170,uint16,plc_product_data,1,0,,4,,,measurement_st03_pressure_jig_02_r
5390,D2180,D,2180,uint16,plc_product_data,1,0,,4,,,measurement_st04_pressure_jig_01_r
5391,D2190,D,2190,uint16,plc_product_data,1,0,,4,,,measurement_st04_pressure_jig_02_r
5392,D2200,D,2200,uint16,plc_setting_data,1,0,,4,,,setting_st03_jig_01_upper
5393,D2202,D,2202,uint16,plc_setting_data,1,0,,4,,,setting_st03_jig_01_lower
5394,D2204,D,2204,uint16,plc_setting_data,1,0,,4,,,setting_st03_jig_01_l_compensation
5395,D2206,D,2206,uint16,plc_setting_data,1,0,,4,,,setting_st03_jig_01_r_compensation
5396,D2208,D,2208,uint16,plc_setting_data,1,0,,4,,,setting_st03_pressure_jig_01_upper
5397,D2210,D,2210,uint16,plc_setting_data,1,0,,4,,,setting_st03_pressure_jig_01_lower
5398,D2212,D,2212,uint16,plc_setting_data,1,0,,4,,,setting_st03_pressure_jig_01_l_compensation
5399,D2214,D,2214,uint16,plc_setting_data,1,0,,4,,,setting_st03_pressure_jig_01_r_compensation
5400,D2216,D,2216,uint16,plc_product_data,1,0,,4,,,measurement_st03_jig_01_l_actual
5401,D2218,D,2218,uint16,plc_product_data,1,0,,4,,,measurement_st03_jig_01_l_result
5402,D2220,D,2220,uint16,plc_product_data,1,0,,4,,,measurement_st03_jig_01_r_actual
5403,D2222,D,2222,uint16,plc_product_data,1,0,,4,,,measurement_st03_jig_01_r_result
5404,D2224,D,2224,uint16,plc_product_data,1,0,,4,,,measurement_st03_pressure_jig_01_l_actual
5405,D2226,D,2226,uint16,plc_product_data,1,0,,4,,,measurement_st03_pressure_jig_01_l_result
5406,D2228,D,2228,uint16,plc_product_data,1,0,,4,,,measurement_st03_pressure_jig_01_r_actual
5407,D2230,D,2230,uint16,plc_product_data,1,0,,4,,,measurement_st03_pressure_jig_01_r_result
5408,D2232,D,2232,uint16,plc_product_data,1,0,,4,,,measurement_st03_jig_01_l_status
5409,D2234,D,2234,uint16,plc_product_data,1,0,,4,,,measurement_st03_jig_01_r_status
5410,D2236,D,2236,uint16,plc_product_data,1,0,,4,,,measurement_st03_pressure_jig_01_l_status
5411,D2238,D,2238,uint16,plc_product_data,1,0,,4,,,measurement_st03_pressure_jig_01_r_status
5412,D2240,D,2240,uint16,plc_setting_data,1,0,,4,,,setting_st03_jig_02_upper
5413,D2242,D,2242,uint16,plc_setting_data,1,0,,4,,,setting_st03_jig_02_lower
5414,D2244,D,2244,uint16,plc_setting_data,1,0,,4,,,setting_st03_jig_02_l_compensation
5415,D2246,D,2246,uint16,plc_setting_data,1,0,,4,,,setting_st03_jig_02_r_compensation
5416,D2248,D,2248,uint16,plc_setting_data,1,0,,4,,,setting_st03_pressure_jig_02_upper
5417,D2250,D,2250,uint16,plc_setting_data,1,0,,4,,,setting_st03_pressure_jig_02_lower
5418,D2252,D,2252,uint16,plc_setting_data,1,0,,4,,,setting_st03_pressure_jig_02_l_compensation
5419,D2254,D,2254,uint16,plc_setting_data,1,0,,4,,,setting_st03_pressure_jig_02_r_compensation
5420,D2256,D,2256,uint16,plc_product_data,1,0,,4,,,measurement_st03_jig_02_l_actual
5421,D2258,D,2258,uint16,plc_product_data,1,0,,4,,,measurement_st03_jig_02_l_result
5422,D2260,D,2260,uint16,plc_product_data,1,0,,4,,,measurement_st03_jig_02_r_actual
5423,D2262,D,2262,uint16,plc_product_data,1,0,,4,,,measurement_st03_jig_02_r_result
5424,D2264,D,2264,uint16,plc_product_data,1,0,,4,,,measurement_st03_pressure_jig_02_l_actual
5425,D2266,D,2266,uint16,plc_product_data,1,0,,4,,,measurement_st03_pressure_jig_02_l_result
5426,D2268,D,2268,uint16,plc_product_data,1,0,,4,,,measurement_st03_pressure_jig_02_r_actual
5427,D2270,D,2270,uint16,plc_product_data,1,0,,4,,,measurement_st03_pressure_jig_02_r_result
5428,D2272,D,2272,uint16,plc_product_data,1,0,,4,,,measurement_st03_jig_02_l_status
5429,D2274,D,2274,uint16,plc_product_data,1,0,,4,,,measurement_st03_jig_02_r_status
5430,D2276,D,2276,uint16,plc_product_data,1,0,,4,,,measurement_st03_pressure_jig_02_l_status
5431,D2278,D,2278,uint16,plc_product_data,1,0,,4,,,measurement_st03_pressure_jig_02_r_status
5432,D2280,D,2280,uint16,plc_product_data,1,0,,4,,,measurement_st03_pressure_jig_01
5433,D2282,D,2282,uint16,plc_product_data,1,0,,4,,,measurement_st03_pressure_jig_02
5434,D2300,D,2300,uint16,plc_setting_data,1,0,,4,,,setting_st04_jig_01_upper
5435,D2302,D,2302,uint16,plc_setting_data,1,0,,4,,,setting_st04_jig_01_lower
5436,D2304,D,2304,uint16,plc_setting_data,1,0,,4,,,setting_st04_jig_01_l_compensation
5437,D2306,D,2306,uint16,plc_setting_data,1,0,,4,,,setting_st04_jig_01_r_compensation
5438,D2308,D,2308,uint16,plc_setting_data,1,0,,4,,,setting_st04_pressure_jig_01_upper
5439,D2310,D,2310,uint16,plc_setting_data,1,0,,4,,,setting_st04_pressure_jig_01_lower
5440,D2312,D,2312,uint16,plc_setting_data,1,0,,4,,,setting_st04_pressure_jig_01_l_compensation
5441,D2314,D,2314,uint16,plc_setting_data,1,0,,4,,,setting_st04_pressure_jig_01_r_compensation
5442,D2316,D,2316,uint16,plc_product_data,1,0,,4,,,measurement_st04_jig_01_l_actual
5443,D2318,D,2318,uint16,plc_product_data,1,0,,4,,,measurement_st04_jig_01_l_result
5444,D2320,D,2320,uint16,plc_product_data,1,0,,4,,,measurement_st04_jig_01_r_actual
5445,D2322,D,2322,uint16,plc_product_data,1,0,,4,,,measurement_st04_jig_01_r_result
5446,D2324,D,2324,uint16,plc_product_data,1,0,,4,,,measurement_st04_pressure_jig_01_l_actual
5447,D2326,D,2326,uint16,plc_product_data,1,0,,4,,,measurement_st04_pressure_jig_01_l_result
5448,D2328,D,2328,uint16,plc_product_data,1,0,,4,,,measurement_st04_pressure_jig_01_r_actual
5449,D2330,D,2330,uint16,plc_product_data,1,0,,4,,,measurement_st04_pressure_jig_01_r_result
5450,D2332,D,2332,uint16,plc_product_data,1,0,,4,,,measurement_st04_jig_01_l_status
5451,D2334,D,2334,uint16,plc_product_data,1,0,,4,,,measurement_st04_jig_01_r_status
5452,D2336,D,2336,uint16,plc_product_data,1,0,,4,,,measurement_st04_pressure_jig_01_l_status
5453,D2338,D,2338,uint16,plc_product_data,1,0,,4,,,measurement_st04_pressure_jig_01_r_status
5454,D2340,D,2340,uint16,plc_setting_data,1,0,,4,,,setting_st04_jig_02_upper
5455,D2342,D,2342,uint16,plc_setting_data,1,0,,4,,,setting_st04_jig_02_lower
5456,D2344,D,2344,uint16,plc_setting_data,1,0,,4,,,setting_st04_jig_02_l_compensation
5457,D2346,D,2346,uint16,plc_setting_data,1,0,,4,,,setting_st04_jig_02_r_compensation
5458,D2348,D,2348,uint16,plc_setting_data,1,0,,4,,,setting_st04_pressure_jig_02_upper
5459,D2350,D,2350,uint16,plc_setting_data,1,0,,4,,,setting_st04_pressure_jig_02_lower
5460,D2352,D,2352,uint16,plc_setting_data,1,0,,4,,,setting_st04_pressure_jig_02_l_compensation
5461,D2354,D,2354,uint16,plc_setting_data,1,0,,4,,,setting_st04_pressure_jig_02_r_compensation
5462,D2356,D,2356,uint16,plc_product_data,1,0,,4,,,measurement_st04_jig_02_l_actual
5463,D2358,D,2358,uint16,plc_product_data,1,0,,4,,,measurement_st04_jig_02_l_result
5464,D2360,D,2360,uint16,plc_product_data,1,0,,4,,,measurement_st04_jig_02_r_actual
5465,D2362,D,2362,uint16,plc_product_data,1,0,,4,,,measurement_st04_jig_02_r_result
5466,D2364,D,2364,uint16,plc_product_data,1,0,,4,,,measurement_st04_pressure_jig_02_l_actual
5467,D2366,D,2366,uint16,plc_product_data,1,0,,4,,,measurement_st04_pressure_jig_02_l_result
5468,D2368,D,2368,uint16,plc_product_data,1,0,,4,,,measurement_st04_pressure_jig_02_r_actual
5469,D2370,D,2370,uint16,plc_product_data,1,0,,4,,,measurement_st04_pressure_jig_02_r_result
5470,D2372,D,2372,uint16,plc_product_data,1,0,,4,,,measurement_st04_jig_02_l_status
5471,D2374,D,2374,uint16,plc_product_data,1,0,,4,,,measurement_st04_jig_02_r_status
5472,D2376,D,2376,uint16,plc_product_data,1,0,,4,,,measurement_st04_pressure_jig_02_l_status
5473,D2378,D,2378,uint16,plc_product_data,1,0,,4,,,measurement_st04_pressure_jig_02_r_status
5474,D2380,D,2380,uint16,plc_product_data,1,0,,4,,,measurement_st04_pressure_jig_01
5475,D2382,D,2382,uint16,plc_product_data,1,0,,4,,,measurement_st04_pressure_jig_02
5488,D2700,D,2700,uint16,plc_product_data,1,0,,4,,,measurement_5_1ok
5489,D2702,D,2702,uint16,plc_product_data,1,0,,4,,,measurement_5_1ng
5490,D2704,D,2704,uint16,plc_product_data,1,0,,4,,,measurement_5_2ok
5491,D2706,D,2706,uint16,plc_product_data,1,0,,4,,,measurement_5_2ng
5492,D2708,D,2708,uint16,plc_product_data,1,0,,4,,,measurement_5_3ok
5493,D2710,D,2710,uint16,plc_product_data,1,0,,4,,,measurement_5_3ng
5494,D2712,D,2712,uint16,plc_product_data,1,0,,4,,,measurement_5_4ok
5495,D2714,D,2714,uint16,plc_product_data,1,0,,4,,,measurement_5_4ng
5496,D2720,D,2720,uint16,plc_product_data,1,0,,4,,,measurement_6_1ok
5497,D2722,D,2722,uint16,plc_product_data,1,0,,4,,,measurement_6_1ng
5498,D2724,D,2724,uint16,plc_product_data,1,0,,4,,,measurement_6_2ok
5499,D2726,D,2726,uint16,plc_product_data,1,0,,4,,,measurement_6_2ng
5500,D2728,D,2728,uint16,plc_product_data,1,0,,4,,,measurement_6_3ok
5501,D2730,D,2730,uint16,plc_product_data,1,0,,4,,,measurement_6_3ng
5502,D2732,D,2732,uint16,plc_product_data,1,0,,4,,,measurement_6_4ok
5503,D2734,D,2734,uint16,plc_product_data,1,0,,4,,,measurement_6_4ng
5504,D2750,D,2750,uint16,plc_setting_data,1,0,,4,,,setting_st07_op_voltage_jig_01_upper
5505,D2752,D,2752,uint16,plc_setting_data,1,0,,4,,,setting_st07_op_voltage_jig_01_lower
5506,D2754,D,2754,uint16,plc_setting_data,1,0,,4,,,setting_st07_op_voltage_jig_01_compensation
5507,D2756,D,2756,uint16,plc_product_data,1,0,,4,,,measurement_st07_op_voltage_jig_01_actual
5508,D2758,D,2758,uint16,plc_product_data,1,0,,4,,,measurement_st07_op_voltage_jig_01_result
5509,D2760,D,2760,uint16,plc_product_data,1,0,,4,,,measurement_st07_op_voltage_jig_01_status
5510,D2770,D,2770,uint16,plc_setting_data,1,0,,4,,,setting_st07_rel_voltage_jig_01_upper
5511,D2772,D,2772,uint16,plc_setting_data,1,0,,4,,,setting_st07_rel_voltage_jig_01_lower
5512,D2774,D,2774,uint16,plc_setting_data,1,0,,4,,,setting_st07_rel_voltage_jig_01_compensation
5513,D2776,D,2776,uint16,plc_product_data,1,0,,4,,,measurement_st07_rel_voltage_jig_01_actual
5514,D2778,D,2778,uint16,plc_product_data,1,0,,4,,,measurement_st07_rel_voltage_jig_01_result
5515,D2780,D,2780,uint16,plc_product_data,1,0,,4,,,measurement_st07_rel_voltage_jig_01_status
5516,D2790,D,2790,uint16,plc_setting_data,1,0,,4,,,setting_st07_sync_time_jig_01_upper
5517,D2794,D,2794,uint16,plc_setting_data,1,0,,4,,,setting_st07_sync_time_jig_01_compensation
5518,D2796,D,2796,uint16,plc_setting_data,1,0,,4,,,setting_st07_sync_time_jig_01_actual
5519,D2798,D,2798,uint16,plc_setting_data,1,0,,4,,,setting_st07_sync_time_jig_01_result
5520,D2800,D,2800,uint16,plc_setting_data,1,0,,4,,,setting_st07_sync_time_jig_01_status
5521,D2804,D,2804,uint16,plc_product_data,1,0,,4,,,counter_st07_count_jig_01
5522,D2806,D,2806,uint16,plc_product_data,1,0,,4,,,counter_st07_count_jig_01
5523,D2820,D,2820,uint16,plc_setting_data,1,0,,4,,,setting_st07_op_voltage_jig_02_upper
5524,D2822,D,2822,uint16,plc_setting_data,1,0,,4,,,setting_st07_op_voltage_jig_02_lower
5525,D2824,D,2824,uint16,plc_setting_data,1,0,,4,,,setting_st07_op_voltage_jig_02_compensation
5526,D2826,D,2826,uint16,plc_product_data,1,0,,4,,,measurement_st07_op_voltage_jig_02_actual
5527,D2828,D,2828,uint16,plc_product_data,1,0,,4,,,measurement_st07_op_voltage_jig_02_result
5528,D2830,D,2830,uint16,plc_product_data,1,0,,4,,,measurement_st07_op_voltage_jig_02_status
5529,D2840,D,2840,uint16,plc_setting_data,1,0,,4,,,setting_st07_rel_voltage_jig_02_upper
5530,D2842,D,2842,uint16,plc_setting_data,1,0,,4,,,setting_st07_rel_voltage_jig_02_lower
5531,D2844,D,2844,uint16,plc_setting_data,1,0,,4,,,setting_st07_rel_voltage_jig_02_compensation
5532,D2846,D,2846,uint16,plc_product_data,1,0,,4,,,measurement_st07_rel_voltage_jig_02_actual
5533,D2848,D,2848,uint16,plc_product_data,1,0,,4,,,measurement_st07_rel_voltage_jig_02_result
5534,D2850,D,2850,uint16,plc_product_data,1,0,,4,,,measurement_st07_rel_voltage_jig_02_status
5535,D2860,D,2860,uint16,plc_setting_data,1,0,,4,,,setting_st07_sync_time_jig_02_upper
5536,D2864,D,2864,uint16,plc_setting_data,1,0,,4,,,setting_st07_sync_time_jig_02_compensation
5537,D2866,D,2866,uint16,plc_setting_data,1,0,,4,,,setting_st07_sync_time_jig_02_actual
5538,D2868,D,2868,uint16,plc_setting_data,1,0,,4,,,setting_st07_sync_time_jig_02_result
5539,D2870,D,2870,uint16,plc_setting_data,1,0,,4,,,setting_st07_sync_time_jig_02_status
5540,D2874,D,2874,uint16,plc_product_data,1,0,,4,,,counter_st07_count_jig_02
5541,D2876,D,2876,uint16,plc_product_data,1,0,,4,,,counter_st07_count_jig_02
5542,D2890,D,2890,uint16,plc_setting_data,1,0,,4,,,setting_st07_op_voltage_jig_03_upper
5543,D2892,D,2892,uint16,plc_setting_data,1,0,,4,,,setting_st07_op_voltage_jig_03_lower
5544,D2894,D,2894,uint16,plc_setting_data,1,0,,4,,,setting_st07_op_voltage_jig_03_compensation
5545,D2896,D,2896,uint16,plc_product_data,1,0,,4,,,measurement_st07_op_voltage_jig_03_actual
5546,D2898,D,2898,uint16,plc_product_data,1,0,,4,,,measurement_st07_op_voltage_jig_03_result
5547,D2900,D,2900,uint16,plc_product_data,1,0,,4,,,measurement_st07_op_voltage_jig_03_status
5548,D2910,D,2910,uint16,plc_setting_data,1,0,,4,,,setting_st07_rel_voltage_jig_03_upper
5549,D2912,D,2912,uint16,plc_setting_data,1,0,,4,,,setting_st07_rel_voltage_jig_03_lower
5550,D2914,D,2914,uint16,plc_setting_data,1,0,,4,,,setting_st07_rel_voltage_jig_03_compensation
5551,D2916,D,2916,uint16,plc_product_data,1,0,,4,,,measurement_st07_rel_voltage_jig_03_actual
5552,D2918,D,2918,uint16,plc_product_data,1,0,,4,,,measurement_st07_rel_voltage_jig_03_result
5553,D2920,D,2920,uint16,plc_product_data,1,0,,4,,,measurement_st07_rel_voltage_jig_03_status
5554,D2930,D,2930,uint16,plc_setting_data,1,0,,4,,,setting_st07_sync_time_jig_03_upper
5555,D2934,D,2934,uint16,plc_setting_data,1,0,,4,,,setting_st07_sync_time_jig_03_compensation
5556,D2936,D,2936,uint16,plc_setting_data,1,0,,4,,,setting_st07_sync_time_jig_03_actual
5557,D2938,D,2938,uint16,plc_setting_data,1,0,,4,,,setting_st07_sync_time_jig_03_result
5558,D2940,D,2940,uint16,plc_setting_data,1,0,,4,,,setting_st07_sync_time_jig_03_status
5559,D2944,D,2944,uint16,plc_product_data,1,0,,4,,,counter_st07_count_jig_03
5560,D2946,D,2946,uint16,plc_product_data,1,0,,4,,,counter_st07_count_jig_03
5561,D2960,D,2960,uint16,plc_setting_data,1,0,,4,,,setting_st07_op_voltage_jig_04_upper
5562,D2962,D,2962,uint16,plc_setting_data,1,0,,4,,,setting_st07_op_voltage_jig_04_lower
5563,D2964,D,2964,uint16,plc_setting_data,1,0,,4,,,setting_st07_op_voltage_jig_04_compensation
5564,D2966,D,2966,uint16,plc_product_data,1,0,,4,,,measurement_st07_op_voltage_jig_04_actual
5565,D2968,D,2968,uint16,plc_product_data,1,0,,4,,,measurement_st07_op_voltage_jig_04_result
5566,D2970,D,2970,uint16,plc_product_data,1,0,,4,,,measurement_st07_op_voltage_jig_04_status
5567,D2980,D,2980,uint16,plc_setting_data,1,0,,4,,,setting_st07_rel_voltage_jig_04_upper
5568,D2982,D,2982,uint16,plc_setting_data,1,0,,4,,,setting_st07_rel_voltage_jig_04_lower
5569,D2984,D,2984,uint16,plc_setting_data,1,0,,4,,,setting_st07_rel_voltage_jig_04_compensation
5570,D2986,D,2986,uint16,plc_product_data,1,0,,4,,,measurement_st07_rel_voltage_jig_04_actual
5571,D2988,D,2988,uint16,plc_product_data,1,0,,4,,,measurement_st07_rel_voltage_jig_04_result
5572,D2990,D,2990,uint16,plc_product_data,1,0,,4,,,measurement_st07_rel_voltage_jig_04_status
5573,D3000,D,3000,uint16,plc_setting_data,1,0,,4,,,setting_st07_sync_time_jig_04_upper
5574,D3004,D,3004,uint16,plc_setting_data,1,0,,4,,,setting_st07_sync_time_jig_04_compensation
5575,D3006,D,3006,uint16,plc_setting_data,1,0,,4,,,setting_st07_sync_time_jig_04_actual
5576,D3008,D,3008,uint16,plc_setting_data,1,0,,4,,,setting_st07_sync_time_jig_04_result
5577,D3010,D,3010,uint16,plc_setting_data,1,0,,4,,,setting_st07_sync_time_jig_04_status
5578,D3014,D,3014,uint16,plc_product_data,1,0,,4,,,counter_st07_count_jig_04
5579,D3016,D,3016,uint16,plc_product_data,1,0,,4,,,counter_st07_count_jig_04
5580,D3030,D,3030,uint16,plc_product_data,1,0,,4,,,measurement_st08_jig_01_status
5581,D3032,D,3032,uint16,plc_product_data,1,0,,4,,,measurement_st08_jig_02_status
5582,D3034,D,3034,uint16,plc_product_data,1,0,,4,,,measurement_st08_jig_03_status
5583,D3036,D,3036,uint16,plc_product_data,1,0,,4,,,measurement_st08_jig_04_status
5584,D3040,D,3040,uint16,plc_product_data,1,0,,4,,,counter_st08_count_jig_01
5585,D3042,D,3042,uint16,plc_product_data,1,0,,4,,,counter_st08_count_jig_01
5586,D3044,D,3044,uint16,plc_product_data,1,0,,4,,,counter_st08_count_jig_02
5587,D3046,D,3046,uint16,plc_product_data,1,0,,4,,,counter_st08_count_jig_02
5588,D3048,D,3048,uint16,plc_product_data,1,0,,4,,,counter_st08_count_jig_03
5589,D3050,D,3050,uint16,plc_product_data,1,0,,4,,,counter_st08_count_jig_03
5590,D3052,D,3052,uint16,plc_product_data,1,0,,4,,,counter_st08_count_jig_04
5591,D3054,D,3054,uint16,plc_product_data,1,0,,4,,,counter_st08_count_jig_04
5592,D3100,D,3100,uint16,plc_product_data,1,0,,4,,,measurement_status
5593,D3102,D,3102,uint16,plc_product_data,1,0,,4,,,measurement_status
5594,D3104,D,3104,uint16,plc_product_data,1,0,,4,,,measurement_l
5595,D3106,D,3106,uint16,plc_product_data,1,0,,4,,,measurement_l
5596,D3108,D,3108,uint16,plc_product_data,1,0,,4,,,measurement_r
5597,D3110,D,3110,uint16,plc_product_data,1,0,,4,,,measurement_r
5598,D3112,D,3112,uint16,plc_product_data,1,0,,4,,,measurement_l_status
5599,D3114,D,3114,uint16,plc_product_data,1,0,,4,,,measurement_pressure
5600,D3116,D,3116,uint16,plc_product_data,1,0,,4,,,measurement_pressure
5601,D3118,D,3118,uint16,plc_product_data,1,0,,4,,,measurement_test_003_height_l_real_distance_001
5602,D3120,D,3120,uint16,plc_product_data,1,0,,4,,,measurement_r
5603,D3122,D,3122,uint16,plc_product_data,1,0,,4,,,measurement_ccd_status
5604,D3124,D,3124,uint16,plc_product_data,1,0,,4,,,measurement_ccd
5605,D3126,D,3126,uint16,plc_product_data,1,0,,4,,,measurement_ccd_r
5606,D3128,D,3128,uint16,plc_product_data,1,0,,4,,,measurement_status
5607,D3130,D,3130,uint16,plc_product_data,1,0,,4,,,measurement_pressure
5608,D3132,D,3132,uint16,plc_product_data,1,0,,4,,,measurement_status
5609,D3134,D,3134,uint16,plc_product_data,1,0,,4,,,measurement_pressure_r
5610,D3136,D,3136,uint16,plc_product_data,1,0,,4,,,measurement_status
5611,D3138,D,3138,uint16,plc_product_data,1,0,,4,,,measurement_op_voltage_r
5612,D3140,D,3140,uint16,plc_product_data,1,0,,4,,,measurement_op_voltage_r
5613,D3142,D,3142,uint16,plc_setting_data,1,0,,4,,,setting_sync_time_r
5614,D3144,D,3144,uint16,plc_product_data,1,0,,4,,,measurement_status
5615,D3146,D,3146,uint16,plc_product_data,1,0,,4,,,judgment_ng_r
5616,D3150,D,3150,uint16,plc_product_data,1,0,,4,,,measurement_status
5617,D3152,D,3152,uint16,plc_product_data,1,0,,4,,,measurement_ccd_status
5618,D3154,D,3154,uint16,plc_product_data,1,0,,4,,,measurement_r_status
5619,D3156,D,3156,uint16,plc_product_data,1,0,,4,,,measurement_status
5620,D3200,D,3200,uint16,plc_product_data,1,0,,4,,,measurement_status
5621,D3202,D,3202,uint16,plc_product_data,1,0,,4,,,measurement_status
5622,D3204,D,3204,uint16,plc_product_data,1,0,,4,,,measurement_l
5623,D3206,D,3206,uint16,plc_product_data,1,0,,4,,,measurement_l
5624,D3208,D,3208,uint16,plc_product_data,1,0,,4,,,measurement_r
5625,D3210,D,3210,uint16,plc_product_data,1,0,,4,,,measurement_r
5626,D3212,D,3212,uint16,plc_product_data,1,0,,4,,,measurement_l_status
5627,D3214,D,3214,uint16,plc_product_data,1,0,,4,,,measurement_pressure
5628,D3216,D,3216,uint16,plc_product_data,1,0,,4,,,measurement_pressure
5629,D3218,D,3218,uint16,plc_product_data,1,0,,4,,,measurement_test_003_height_l_real_distance_002
5630,D3220,D,3220,uint16,plc_product_data,1,0,,4,,,measurement_r
5631,D3222,D,3222,uint16,plc_product_data,1,0,,4,,,measurement_ccd_status
5632,D3224,D,3224,uint16,plc_product_data,1,0,,4,,,measurement_ccd
5633,D3226,D,3226,uint16,plc_product_data,1,0,,4,,,measurement_ccd_r
5634,D3228,D,3228,uint16,plc_product_data,1,0,,4,,,measurement_status
5635,D3230,D,3230,uint16,plc_product_data,1,0,,4,,,measurement_pressure
5636,D3232,D,3232,uint16,plc_product_data,1,0,,4,,,measurement_status
5637,D3234,D,3234,uint16,plc_product_data,1,0,,4,,,measurement_pressure_r
5638,D3236,D,3236,uint16,plc_product_data,1,0,,4,,,measurement_status
5639,D3238,D,3238,uint16,plc_product_data,1,0,,4,,,measurement_op_voltage_r
5640,D3240,D,3240,uint16,plc_product_data,1,0,,4,,,measurement_op_voltage_r
5641,D3242,D,3242,uint16,plc_setting_data,1,0,,4,,,setting_sync_time_r
5642,D3244,D,3244,uint16,plc_product_data,1,0,,4,,,measurement_status
5643,D3246,D,3246,uint16,plc_product_data,1,0,,4,,,judgment_ng_r
5644,D3250,D,3250,uint16,plc_product_data,1,0,,4,,,measurement_status
5645,D3252,D,3252,uint16,plc_product_data,1,0,,4,,,measurement_ccd_status
5646,D3254,D,3254,uint16,plc_product_data,1,0,,4,,,measurement_r_status
5647,D3256,D,3256,uint16,plc_product_data,1,0,,4,,,measurement_status
5648,D3300,D,3300,uint16,plc_product_data,1,0,,4,,,measurement_status
5649,D3302,D,3302,uint16,plc_product_data,1,0,,4,,,measurement_status
5650,D3304,D,3304,uint16,plc_product_data,1,0,,4,,,measurement_l
5651,D3306,D,3306,uint16,plc_product_data,1,0,,4,,,measurement_l
5652,D3308,D,3308,uint16,plc_product_data,1,0,,4,,,measurement_r
5653,D3310,D,3310,uint16,plc_product_data,1,0,,4,,,measurement_r
5654,D3312,D,3312,uint16,plc_product_data,1,0,,4,,,measurement_l_status
5655,D3314,D,3314,uint16,plc_product_data,1,0,,4,,,measurement_pressure
5656,D3316,D,3316,uint16,plc_product_data,1,0,,4,,,measurement_pressure
5657,D3318,D,3318,uint16,plc_product_data,1,0,,4,,,measurement_test_003_height_l_real_distance_003
5658,D3320,D,3320,uint16,plc_product_data,1,0,,4,,,measurement_r
5659,D3322,D,3322,uint16,plc_product_data,1,0,,4,,,measurement_ccd_status
5660,D3324,D,3324,uint16,plc_product_data,1,0,,4,,,measurement_ccd
5661,D3326,D,3326,uint16,plc_product_data,1,0,,4,,,measurement_ccd_r
5662,D3328,D,3328,uint16,plc_product_data,1,0,,4,,,measurement_status
5663,D3330,D,3330,uint16,plc_product_data,1,0,,4,,,measurement_pressure
5664,D3332,D,3332,uint16,plc_product_data,1,0,,4,,,measurement_status
5665,D3334,D,3334,uint16,plc_product_data,1,0,,4,,,measurement_pressure_r
5666,D3336,D,3336,uint16,plc_product_data,1,0,,4,,,measurement_status
5667,D3338,D,3338,uint16,plc_product_data,1,0,,4,,,measurement_op_voltage_r
5668,D3340,D,3340,uint16,plc_product_data,1,0,,4,,,measurement_op_voltage_r
5669,D3342,D,3342,uint16,plc_setting_data,1,0,,4,,,setting_sync_time_r
5670,D3344,D,3344,uint16,plc_product_data,1,0,,4,,,measurement_status
5671,D3346,D,3346,uint16,plc_product_data,1,0,,4,,,judgment_ng_r
5672,D3350,D,3350,uint16,plc_product_data,1,0,,4,,,measurement_status
5673,D3352,D,3352,uint16,plc_product_data,1,0,,4,,,measurement_ccd_status
5674,D3354,D,3354,uint16,plc_product_data,1,0,,4,,,measurement_r_status
5675,D3356,D,3356,uint16,plc_product_data,1,0,,4,,,measurement_status
5676,D3400,D,3400,uint16,plc_product_data,1,0,,4,,,measurement_status
5677,D3402,D,3402,uint16,plc_product_data,1,0,,4,,,measurement_status
5678,D3404,D,3404,uint16,plc_product_data,1,0,,4,,,measurement_l
5679,D3406,D,3406,uint16,plc_product_data,1,0,,4,,,measurement_l
5680,D3408,D,3408,uint16,plc_product_data,1,0,,4,,,measurement_r
5681,D3410,D,3410,uint16,plc_product_data,1,0,,4,,,measurement_r
5682,D3412,D,3412,uint16,plc_product_data,1,0,,4,,,measurement_l_status
5683,D3414,D,3414,uint16,plc_product_data,1,0,,4,,,measurement_pressure
5684,D3416,D,3416,uint16,plc_product_data,1,0,,4,,,measurement_pressure
5685,D3418,D,3418,uint16,plc_product_data,1,0,,4,,,measurement_test_003_height_l_real_distance_004
5686,D3420,D,3420,uint16,plc_product_data,1,0,,4,,,measurement_r
5687,D3422,D,3422,uint16,plc_product_data,1,0,,4,,,measurement_ccd_status
5688,D3424,D,3424,uint16,plc_product_data,1,0,,4,,,measurement_ccd
5689,D3426,D,3426,uint16,plc_product_data,1,0,,4,,,measurement_ccd_r
5690,D3428,D,3428,uint16,plc_product_data,1,0,,4,,,measurement_status
5691,D3430,D,3430,uint16,plc_product_data,1,0,,4,,,measurement_pressure
5692,D3432,D,3432,uint16,plc_product_data,1,0,,4,,,measurement_status
5693,D3434,D,3434,uint16,plc_product_data,1,0,,4,,,measurement_pressure_r
5694,D3436,D,3436,uint16,plc_product_data,1,0,,4,,,measurement_status
5695,D3438,D,3438,uint16,plc_product_data,1,0,,4,,,measurement_op_voltage_r
5696,D3440,D,3440,uint16,plc_product_data,1,0,,4,,,measurement_op_voltage_r
5697,D3442,D,3442,uint16,plc_setting_data,1,0,,4,,,setting_sync_time_r
5698,D3444,D,3444,uint16,plc_product_data,1,0,,4,,,measurement_status
5699,D3446,D,3446,uint16,plc_product_data,1,0,,4,,,judgment_ng_r
5700,D3450,D,3450,uint16,plc_product_data,1,0,,4,,,measurement_status
5701,D3452,D,3452,uint16,plc_product_data,1,0,,4,,,measurement_ccd_status
5702,D3454,D,3454,uint16,plc_product_data,1,0,,4,,,measurement_r_status
5703,D3456,D,3456,uint16,plc_product_data,1,0,,4,,,measurement_status
5704,D3500,D,3500,uint16,plc_product_data,1,0,,4,,,measurement_001_job_idswitch_address
5705,D3600,D,3600,uint16,plc_product_data,1,0,,4,,,measurement_001_job_iddisplay
5706,D3606,D,3606,uint16,plc_product_data,1,0,,4,,,measurement_1ok2ng
5707,D3607,D,3607,float32,plc_product_data,,0,,8,,,measurement_1ok2ng
5708,D3608,D,3608,float32,plc_product_data,,0,,8,,,measurement_1ok2ng
5712,D3800,D,3800,uint16,plc_product_data,1,0,,4,,,measurement_model
5713,D3900,D,3900,int32,log,1,0,,,,,log_st2_off_l
5714,D3902,D,3902,int32,log,1,0,,,,,log_test3_height_l
5715,D3904,D,3904,int32,log,1,0,,,,,log_number_h
5716,D3906,D,3906,int32,log,1,0,,,,,log_ok_number_h
5717,D3908,D,3908,int32,log,1,0,,,,,log_ng_number_h
5718,D3910,D,3910,int32,log,1,0,,,,,log_ok
5719,D3912,D,3912,int32,log,1,0,,,,,log_st2_on_l
5720,D3914,D,3914,float32,log,1,0,,,,,log_test2_off_r
5723,D3920,D,3920,float32,log,1,0,,,,,log_test2_off_r
5724,D3922,D,3922,int32,log,1,0,,,,,log_test3_status
5725,D3924,D,3924,float32,log,1,0,,,,,log_test3_status_ccd
5726,D3926,D,3926,float32,log,1,0,,,,,log_test3_leave_l
5727,D3928,D,3928,int32,log,1,0,,,,,log_test3_status_height
5728,D3930,D,3930,float32,log,1,0,,,,,log_test3_height_l
5729,D3932,D,3932,int32,log,1,0,,,,,log_test3_status_ccd
5730,D3934,D,3934,float32,log,1,0,,,,,log_test3_appearance_ccd
5731,D3936,D,3936,int32,log,1,0,,,,,log_date
5732,D3938,D,3938,float32,log,1,0,,,,,log_test3_height_r
5733,D3940,D,3940,float32,log,1,0,,,,,log_test5_status
5734,D3942,D,3942,float32,log,1,0,,,,,log_test5_pressure_l
5735,D3944,D,3944,int32,log,1,0,,,,,log_test6_status
5736,D3946,D,3946,float32,log,1,0,,,,,log_test6_pressure_r
5737,D3950,D,3950,int32,log,1,0,,,,,log_test7_status_open
5738,D3952,D,3952,int32,log,1,0,,,,,log_test7_status_reset
5739,D3954,D,3954,int32,log,1,0,,,,,log_test7_status_time
5740,D3956,D,3956,int32,log,1,0,,,,,log_time
5741,D4000,D,4000,uint16,plc_product_data,1,0,,4,,,measurement_odbus_tcp_processing_id
5742,D4001,D,4001,uint16,plc_product_data,1,0,,4,,,measurement_odbus_tcp_odule_id
5743,D4002,D,4002,uint16,plc_setting_data,1,0,,4,,,setting_odbus_tcp_write_slave_position_001_002_00_004_006
5744,D4003,D,4003,uint16,plc_product_data,1,0,,4,,,measurement_odbus_tcp_write_slave_word_count
5745,D4010,D,4010,uint16,plc_product_data,1,0,,4,,,measurement_noral_return_data_processing_id
5746,D4011,D,4011,uint16,plc_product_data,1,0,,4,,,measurement_noral_return_data_odule_id
5747,D4012,D,4012,uint16,plc_setting_data,1,0,,4,,,setting_noral_return_data_slave_position
5748,D4013,D,4013,uint16,plc_product_data,1,0,,4,,,measurement_noral_return_data_write_slave_word_count
5752,D4030,D,4030,uint16,plc_setting_data,1,0,,4,,,setting_r
5753,D4034,D,4034,uint16,plc_product_data,1,0,,4,,,measurement_closedata_001
5754,D4035,D,4035,uint16,plc_product_data,1,0,,4,,,measurement_closedata_002
5755,D4038,D,4038,uint16,plc_product_data,1,0,,4,,,measurement_opendata_001
5756,D4039,D,4039,uint16,plc_product_data,1,0,,4,,,measurement_opendata_002
5757,D4040,D,4040,uint16,plc_product_data,1,0,,4,,,measurement_address
5758,D4042,D,4042,uint16,plc_product_data,1,0,,4,,,measurement_nuber_001
5759,D4043,D,4043,uint16,plc_product_data,1,0,,4,,,measurement_nuber_002
5760,D4044,D,4044,uint16,plc_product_data,1,0,,4,,,measurement_nuber_003
5761,D4045,D,4045,uint16,plc_product_data,1,0,,4,,,measurement_nuber_004
5762,D4046,D,4046,uint16,plc_product_data,1,0,,4,,,measurement_nuber_005
5763,D4047,D,4047,uint16,plc_product_data,1,0,,4,,,measurement_nuber_006
5764,D4048,D,4048,uint16,plc_product_data,1,0,,4,,,measurement_nuber_007
5765,D4049,D,4049,uint16,plc_product_data,1,0,,4,,,measurement_nuber_008
5766,D4099,D,4099,uint16,plc_product_data,1,0,,4,,,measurement_odbus_tcpsend_data
5767,D4100,D,4100,uint16,plc_product_data,1,0,,4,,,measurement_odbus_tcpsend_dataaddress_001_002_003
5768,D4224,D,4224,uint16,plc_product_data,1,0,,4,,,measurement_end
5769,D4900,D,4900,int32,plc_product_data,1,0,,,,,status_ascll_total_status_lag_ngsave
5770,D4902,D,4902,int32,log,1,0,,,,,log_test2_status_ascll_status_lag_ngsave
5771,D4904,D,4904,int32,log,1,0,,,,,log_test2_on_l_int_llag_ngsave
5772,D4906,D,4906,int32,log,1,0,,,,,log_test2_off_l_int_llag_ngsave
5773,D4908,D,4908,int32,log,1,0,,,,,log_test2_on_r_int_rlag_ngsave
5774,D4910,D,4910,int32,log,1,0,,,,,log_test2_off_r_int_rlag_ngsave
5775,D4912,D,4912,int32,log,1,0,,,,,log_test3_status_leave_ascll_status_lag_ngsave
5776,D4914,D,4914,float32,log,1,0,,,,,log_test3_leave_l_release_force_lag_ngsave
5777,D4916,D,4916,float32,log,1,0,,,,,log_test3_leave_r_release_force_lag_ngsave
5778,D4918,D,4918,float32,log,1,0,,,,,log_test3_height_l_distance_lag_ngsave
5779,D4920,D,4920,float32,log,1,0,,,,,log_test3_height_r_distance_lag_ngsave
5780,D4922,D,4922,int32,log,1,0,,,,,log_test3_appearance_ccd_ascll_status_lag_ngsave
5781,D4924,D,4924,float32,log,1,0,,,,,log_test3_height_l_ccd_distance_lag_ngsave
5782,D4926,D,4926,float32,log,1,0,,,,,log_test3_height_r_ccd_distance_lag_ngsave
5783,D4928,D,4928,int32,log,1,0,,,,,log_test5_status_ascll_status_lag_ngsave
5784,D4930,D,4930,float32,log,1,0,,,,,log_test5_pressure_l_pressure_lag_ngsave
5785,D4932,D,4932,int32,log,1,0,,,,,log_test6_status_ascll_status_lag_ngsave
5786,D4934,D,4934,float32,log,1,0,,,,,log_test6_pressure_r_pressure_lag_ngsave
5787,D4936,D,4936,int32,log,1,0,,,,,log_test7_status_ascll_status_lag_ngsave
5788,D4938,D,4938,float32,log,1,0,,,,,log_test7_openvoltage_action_voltage_lag_ngsave
5789,D4940,D,4940,float32,log,1,0,,,,,log_test7_resetvoltage_action_voltage_lag_ngsave
5790,D4942,D,4942,float32,log,1,0,,,,,log_test7_time_time_lag_ngsave
5791,D4944,D,4944,int32,log,1,0,,,,,log_test8_status_ascll_status_lag_ngsave
5792,D4946,D,4946,float32,log,1,0,,,,,log_test8_ngvoltage_real_ng_voltage_lag_ngsave
5793,D4950,D,4950,int32,log,1,0,,,,,log_test3_status_height_ascll_status_lag_ngsave
5794,D4952,D,4952,int32,log,1,0,,,,,log_test3_status_ccd_ascll_status_lag_ngsave
5795,D4954,D,4954,int32,log,1,0,,,,,log_test7_status_reset_ascll_status_lag_ngsave
5796,D4956,D,4956,int32,log,1,0,,,,,log_test7_status_time_ascll_status_lag_ngsave
5797,D5000,D,5000,uint16,plc_setting_data,1,0,,4,,,setting_st03_updown_save
5798,D6000,D,6000,uint16,plc_setting_data,1,0,,4,,,setting_st03_pressure_save
5799,D7000,D,7000,uint16,plc_setting_data,1,0,,4,,,setting_st03_updown_save
5800,D8000,D,8000,uint16,plc_setting_data,1,0,,4,,,setting_st03_pressure_save
5801,D9000,D,9000,uint16,plc_setting_data,1,0,,4,,,setting_st04_updown_save
5802,D11000,D,11000,uint16,plc_setting_data,1,0,,4,,,setting_st04_pressure_save
5803,D12000,D,12000,uint16,plc_setting_data,1,0,,4,,,setting_st04_updown_save
5804,D13000,D,13000,uint16,plc_setting_data,1,0,,4,,,setting_st04_pressure_save
5809,M11,M,11,bool,plc_product_data,1,0,,,,,status_st01_origin
5810,M12,M,12,bool,plc_product_data,1,0,,,,,status_st01_origin_done
5813,M15,M,15,bool,plc_product_data,1,0,,,,,measurement_st01_stop_stop
5814,M16,M,16,bool,plc_product_data,1,0,,,,,measurement_st01
5815,M17,M,17,bool,plc_product_data,1,0,,,,,status_st01_origin_indicator
5818,M21,M,21,bool,plc_product_data,1,0,,,,,status_st01_pick
5819,M22,M,22,bool,plc_product_data,1,0,,,,,status_st01_pick_done
5822,M25,M,25,bool,plc_product_data,1,0,,,,,measurement_st01_pick_stop
5823,M26,M,26,bool,plc_product_data,1,0,,,,,measurement_st01_pick
5824,M27,M,27,bool,plc_product_data,1,0,,,,,status_st01_pick_indicator
5827,M31,M,31,bool,plc_product_data,1,0,,,,,status_st04_pick
5828,M32,M,32,bool,plc_product_data,1,0,,,,,status_st04_pick_done
5831,M35,M,35,bool,plc_product_data,1,0,,,,,measurement_st04_pick_stop
5832,M36,M,36,bool,plc_product_data,1,0,,,,,measurement_st04_pick
5833,M37,M,37,bool,plc_product_data,1,0,,,,,status_st04_pick_indicator
5836,M41,M,41,bool,plc_product_data,1,0,,,,,status_st06_pick
5837,M42,M,42,bool,plc_product_data,1,0,,,,,status_st06_pick_done
5840,M45,M,45,bool,plc_product_data,1,0,,,,,measurement_st06_pick_stop
5841,M46,M,46,bool,plc_product_data,1,0,,,,,measurement_st06_pick
5842,M47,M,47,bool,plc_product_data,1,0,,,,,status_st06_pick_indicator
5845,M51,M,51,bool,plc_product_data,1,0,,,,,status_st08_origin
5846,M52,M,52,bool,plc_product_data,1,0,,,,,status_st08_origin_done
5849,M55,M,55,bool,plc_product_data,1,0,,,,,measurement_st08_stop_stop
5850,M56,M,56,bool,plc_product_data,1,0,,,,,measurement_st08_servo
5851,M57,M,57,bool,plc_product_data,1,0,,,,,status_st08_origin_indicator
5854,M61,M,61,bool,plc_product_data,1,0,,,,,status_st10_pick
5855,M62,M,62,bool,plc_product_data,1,0,,,,,status_st10_pick_done
5858,M65,M,65,bool,plc_product_data,1,0,,,,,measurement_st10_pick_stop
5859,M66,M,66,bool,plc_product_data,1,0,,,,,measurement_st10_pick
5860,M67,M,67,bool,plc_product_data,1,0,,,,,status_st10_pick_indicator
5864,M72,M,72,bool,plc_product_data,1,0,,,,,judgment_st03_origin_done
5867,M75,M,75,bool,plc_product_data,1,0,,,,,judgment_st03_stop_stop
5868,M76,M,76,bool,plc_product_data,1,0,,,,,judgment_st03_detect
5872,M81,M,81,bool,plc_product_data,1,0,,,,,judgment_st05_origin
5873,M82,M,82,bool,plc_product_data,1,0,,,,,judgment_st05_origin_done
5876,M85,M,85,bool,plc_product_data,1,0,,,,,judgment_st05_stop_stop
5877,M86,M,86,bool,plc_product_data,1,0,,,,,judgment_st05_detect
5878,M87,M,87,bool,plc_product_data,1,0,,,,,judgment_st05_origin_indicator
5879,M88,M,88,bool,plc_product_data,1,0,,,,,judgment_st05_detect_indicator
5880,M89,M,89,bool,plc_product_data,1,0,,,,,judgment_st05_detect_indicator
5881,M91,M,91,bool,plc_product_data,1,0,,,,,judgment_st06_origin
5882,M92,M,92,bool,plc_product_data,1,0,,,,,judgment_st06_origin_done
5885,M95,M,95,bool,plc_product_data,1,0,,,,,judgment_st06_stop_stop
5886,M96,M,96,bool,plc_product_data,1,0,,,,,judgment_st06_detect
5887,M97,M,97,bool,plc_product_data,1,0,,,,,judgment_st06_origin_indicator
5888,M98,M,98,bool,plc_product_data,1,0,,,,,judgment_st06_detect_indicator
5889,M99,M,99,bool,plc_product_data,1,0,,,,,judgment_st06_detect_indicator
5890,M101,M,101,bool,plc_product_data,1,0,,,,,judgment_st06_origin
5891,M102,M,102,bool,plc_product_data,1,0,,,,,judgment_st06_origin_done
5894,M105,M,105,bool,plc_product_data,1,0,,,,,judgment_st06_stop_stop
5895,M106,M,106,bool,plc_product_data,1,0,,,,,judgment_st06_detect
5896,M107,M,107,bool,plc_product_data,1,0,,,,,judgment_st06_origin_indicator
5897,M108,M,108,bool,plc_product_data,1,0,,,,,judgment_st06_detect_indicator
5898,M109,M,109,bool,plc_product_data,1,0,,,,,judgment_st06_detect_indicator
5899,M111,M,111,bool,plc_product_data,1,0,,,,,judgment_st06_origin
5900,M112,M,112,bool,plc_product_data,1,0,,,,,judgment_st06_servo_done
5903,M115,M,115,bool,plc_product_data,1,0,,,,,judgment_st06_stop_stop
5904,M116,M,116,bool,plc_product_data,1,0,,,,,judgment_st06_servo
5905,M117,M,117,bool,plc_product_data,1,0,,,,,judgment_st06_origin_indicator
5906,M118,M,118,bool,plc_product_data,1,0,,,,,judgment_st06_detect_indicator
5907,M119,M,119,bool,plc_product_data,1,0,,,,,judgment_st06_detect_indicator
5908,M121,M,121,bool,plc_product_data,1,0,,,,,judgment_st06_origin
5909,M122,M,122,bool,plc_product_data,1,0,,,,,judgment_st06_origin_done
5912,M125,M,125,bool,plc_product_data,1,0,,,,,judgment_st06_stop_stop
5913,M126,M,126,bool,plc_product_data,1,0,,,,,judgment_st06_detect
5914,M127,M,127,bool,plc_product_data,1,0,,,,,judgment_st06_origin_indicator
5915,M128,M,128,bool,plc_product_data,1,0,,,,,judgment_st06_detect_indicator
5916,M129,M,129,bool,plc_product_data,1,0,,,,,judgment_st06_detect_indicator
5917,M131,M,131,bool,plc_product_data,1,0,,,,,judgment_st10_ng
5918,M132,M,132,bool,plc_product_data,1,0,,,,,judgment_st10_ng_done
5921,M135,M,135,bool,plc_product_data,1,0,,,,,judgment_st10_ng_stop
5922,M136,M,136,bool,plc_product_data,1,0,,,,,judgment_st10_ng
5923,M137,M,137,bool,plc_product_data,1,0,,,,,judgment_st10_ng_indicator
5924,M138,M,138,bool,plc_product_data,1,0,,,,,judgment_st10_ng_indicator
5925,M139,M,139,bool,plc_product_data,1,0,,,,,judgment_st10_ng_indicator
5926,M180,M,180,bool,log,1,0,,,,,log_start
5930,M184,M,184,bool,log,1,0,,,,,log_ng_start
5937,M200,M,200,bool,plc_product_data,1,0,,,,,measurement_turntable
5938,M201,M,201,bool,plc_product_data,1,0,,,,,measurement_turntable
5939,M202,M,202,bool,plc_product_data,1,0,,,,,status_reset_done
5940,M211,M,211,bool,plc_product_data,1,0,,,,,measurement_start
5941,M212,M,212,bool,plc_product_data,1,0,,,,,measurement_done
5942,M230,M,230,bool,plc_product_data,1,0,,,,,measurement_st03_ccd
5943,M500,M,500,bool,plc_setting_data,1,0,,,,,setting_st01_origin_positioning
5944,M501,M,501,bool,plc_setting_data,1,0,,,,,setting_st01_origin_arrived
5945,M502,M,502,bool,plc_product_data,1,0,,,,,status_st01_search_positioning
5946,M503,M,503,bool,plc_product_data,1,0,,,,,status_st01_search_arrived
5947,M504,M,504,bool,plc_product_data,1,0,,,,,status_st01_search_positioning
5948,M505,M,505,bool,plc_product_data,1,0,,,,,status_st01_search_arrived
5949,M506,M,506,bool,plc_product_data,1,0,,,,,judgment_st01_detect_positioning
5950,M507,M,507,bool,plc_product_data,1,0,,,,,judgment_st01_detect_arrived
5951,M508,M,508,bool,plc_setting_data,1,0,,,,,setting_st01_positioning
5952,M509,M,509,bool,plc_setting_data,1,0,,,,,setting_st01_arrived
5953,M510,M,510,bool,plc_setting_data,1,0,,,,,setting_st01_positioning
5954,M511,M,511,bool,plc_setting_data,1,0,,,,,setting_st01_arrived
5955,M520,M,520,bool,plc_setting_data,1,0,,,,,setting_st01_pick_positioning
5956,M521,M,521,bool,plc_setting_data,1,0,,,,,setting_st01_pick_arrived
5957,M522,M,522,bool,plc_product_data,1,0,,,,,status_st01_pick_positioning
5958,M523,M,523,bool,plc_product_data,1,0,,,,,status_st01_pick_arrived
5959,M524,M,524,bool,plc_product_data,1,0,,,,,status_st01_pick_positioning
5960,M525,M,525,bool,plc_product_data,1,0,,,,,status_st01_pick_arrived
5961,M526,M,526,bool,plc_product_data,1,0,,,,,judgment_st01_pick_positioning
5962,M527,M,527,bool,plc_product_data,1,0,,,,,judgment_st01_pick_arrived
5963,M528,M,528,bool,plc_setting_data,1,0,,,,,setting_st01_pick_positioning
5964,M529,M,529,bool,plc_setting_data,1,0,,,,,setting_st01_pick_arrived
5965,M530,M,530,bool,plc_setting_data,1,0,,,,,setting_st01_pick_positioning
5966,M531,M,531,bool,plc_setting_data,1,0,,,,,setting_st01_pick_arrived
5967,M540,M,540,bool,plc_setting_data,1,0,,,,,setting_st04_pick_positioning
5968,M541,M,541,bool,plc_setting_data,1,0,,,,,setting_st04_pick_arrived
5969,M542,M,542,bool,plc_product_data,1,0,,,,,status_st04_pick_positioning
5970,M543,M,543,bool,plc_product_data,1,0,,,,,status_st04_pick_arrived
5971,M544,M,544,bool,plc_product_data,1,0,,,,,status_st04_pick_positioning
5972,M545,M,545,bool,plc_product_data,1,0,,,,,status_st04_pick_arrived
5973,M546,M,546,bool,plc_product_data,1,0,,,,,judgment_st04_pick_positioning
5974,M547,M,547,bool,plc_product_data,1,0,,,,,judgment_st04_pick_arrived
5975,M548,M,548,bool,plc_setting_data,1,0,,,,,setting_st04_pick_positioning
5976,M549,M,549,bool,plc_setting_data,1,0,,,,,setting_st04_pick_arrived
5977,M550,M,550,bool,plc_setting_data,1,0,,,,,setting_st04_pick_positioning
5978,M551,M,551,bool,plc_setting_data,1,0,,,,,setting_st04_pick_arrived
5979,M560,M,560,bool,plc_setting_data,1,0,,,,,setting_st06_pick_positioning
5980,M561,M,561,bool,plc_setting_data,1,0,,,,,setting_st06_pick_arrived
5981,M562,M,562,bool,plc_product_data,1,0,,,,,status_st06_pick_positioning
5982,M563,M,563,bool,plc_product_data,1,0,,,,,status_st06_pick_arrived
5983,M564,M,564,bool,plc_product_data,1,0,,,,,status_st06_pick_positioning
5984,M565,M,565,bool,plc_product_data,1,0,,,,,status_st06_pick_arrived
5985,M566,M,566,bool,plc_product_data,1,0,,,,,judgment_st06_pick_positioning
5986,M567,M,567,bool,plc_product_data,1,0,,,,,judgment_st06_pick_arrived
5987,M568,M,568,bool,plc_setting_data,1,0,,,,,setting_st06_pick_positioning
5988,M569,M,569,bool,plc_setting_data,1,0,,,,,setting_st06_pick_arrived
5989,M570,M,570,bool,plc_setting_data,1,0,,,,,setting_st06_pick_positioning
5990,M571,M,571,bool,plc_setting_data,1,0,,,,,setting_st06_pick_arrived
5991,M580,M,580,bool,plc_setting_data,1,0,,,,,setting_st08_origin_positioning
5992,M581,M,581,bool,plc_setting_data,1,0,,,,,setting_st08_origin_arrived
5993,M582,M,582,bool,plc_product_data,1,0,,,,,judgment_st08_detect_positioning
5994,M583,M,583,bool,plc_product_data,1,0,,,,,judgment_st08_detect_arrived
5995,M584,M,584,bool,plc_product_data,1,0,,,,,judgment_st08_detect_positioning
5996,M585,M,585,bool,plc_product_data,1,0,,,,,judgment_st08_detect_arrived
5997,M586,M,586,bool,plc_setting_data,1,0,,,,,setting_st08_riveting_positioning
5998,M587,M,587,bool,plc_setting_data,1,0,,,,,setting_st08_riveting_arrived
5999,M588,M,588,bool,plc_setting_data,1,0,,,,,setting_st08_riveting_positioning
6000,M589,M,589,bool,plc_setting_data,1,0,,,,,setting_st08_riveting_arrived
6001,M590,M,590,bool,plc_setting_data,1,0,,,,,setting_st08_riveting_positioning
6002,M591,M,591,bool,plc_setting_data,1,0,,,,,setting_st08_riveting_arrived
6003,M600,M,600,bool,plc_setting_data,1,0,,,,,setting_st10_pick_positioning
6004,M601,M,601,bool,plc_setting_data,1,0,,,,,setting_st10_pick_arrived
6005,M602,M,602,bool,plc_setting_data,1,0,,,,,setting_st10_pick_positioning
6006,M603,M,603,bool,plc_setting_data,1,0,,,,,setting_st10_pick_arrived
6007,M604,M,604,bool,plc_setting_data,1,0,,,,,setting_st10_positioning
6008,M605,M,605,bool,plc_setting_data,1,0,,,,,setting_st10_arrived
6009,M606,M,606,bool,plc_setting_data,1,0,,,,,setting_st10_positioning
6010,M607,M,607,bool,plc_setting_data,1,0,,,,,setting_st10_arrived
6011,M608,M,608,bool,plc_setting_data,1,0,,,,,setting_st10_positioning
6012,M609,M,609,bool,plc_setting_data,1,0,,,,,setting_st10_arrived
6013,M610,M,610,bool,plc_setting_data,1,0,,,,,setting_st10_pick_positioning
6014,M611,M,611,bool,plc_setting_data,1,0,,,,,setting_st10_pick_arrived
6025,M630,M,630,bool,plc_setting_data,1,0,,,,,setting_st03_positioning
6026,M631,M,631,bool,plc_setting_data,1,0,,,,,setting_st03_arrived
6027,M640,M,640,bool,plc_setting_data,1,0,,,,,setting_st05_origin_jig_04_positioning
6028,M641,M,641,bool,plc_setting_data,1,0,,,,,setting_st05_origin_jig_04_arrived
6029,M642,M,642,bool,plc_product_data,1,0,,,,,judgment_st05_detect_jig_04_positioning
6030,M643,M,643,bool,plc_product_data,1,0,,,,,judgment_st05_detect_jig_04_arrived
6031,M644,M,644,bool,plc_product_data,1,0,,,,,judgment_st05_detect_jig_04_positioning
6032,M645,M,645,bool,plc_product_data,1,0,,,,,judgment_st05_detect_jig_04_arrived
6033,M646,M,646,bool,plc_setting_data,1,0,,,,,setting_st05_jig_04_positioning
6034,M647,M,647,bool,plc_setting_data,1,0,,,,,setting_st05_jig_04_arrived
6035,M648,M,648,bool,plc_setting_data,1,0,,,,,setting_st05_jig_04_positioning
6036,M649,M,649,bool,plc_setting_data,1,0,,,,,setting_st05_jig_04_arrived
6037,M650,M,650,bool,plc_setting_data,1,0,,,,,setting_st05_jig_04_positioning
6038,M651,M,651,bool,plc_setting_data,1,0,,,,,setting_st05_jig_04_arrived
6039,M660,M,660,bool,plc_setting_data,1,0,,,,,setting_st06_origin_jig_01_positioning
6040,M661,M,661,bool,plc_setting_data,1,0,,,,,setting_st06_origin_jig_01_arrived
6041,M662,M,662,bool,plc_product_data,1,0,,,,,judgment_st06_detect_jig_01_positioning
6042,M663,M,663,bool,plc_product_data,1,0,,,,,judgment_st06_detect_jig_01_arrived
6043,M664,M,664,bool,plc_product_data,1,0,,,,,judgment_st06_detect_jig_01_positioning
6044,M665,M,665,bool,plc_product_data,1,0,,,,,judgment_st06_detect_jig_01_arrived
6045,M666,M,666,bool,plc_setting_data,1,0,,,,,setting_st06_jig_01_positioning
6046,M667,M,667,bool,plc_setting_data,1,0,,,,,setting_st06_jig_01_arrived
6047,M668,M,668,bool,plc_setting_data,1,0,,,,,setting_st06_jig_01_positioning
6048,M669,M,669,bool,plc_setting_data,1,0,,,,,setting_st06_jig_01_arrived
6049,M670,M,670,bool,plc_setting_data,1,0,,,,,setting_st06_jig_01_positioning
6050,M671,M,671,bool,plc_setting_data,1,0,,,,,setting_st06_jig_01_arrived
6051,M680,M,680,bool,plc_setting_data,1,0,,,,,setting_st06_origin_jig_02_positioning
6052,M681,M,681,bool,plc_setting_data,1,0,,,,,setting_st06_origin_jig_02_arrived
6053,M682,M,682,bool,plc_product_data,1,0,,,,,judgment_st06_detect_jig_02_positioning
6054,M683,M,683,bool,plc_product_data,1,0,,,,,judgment_st06_detect_jig_02_arrived
6055,M684,M,684,bool,plc_product_data,1,0,,,,,judgment_st06_detect_jig_02_positioning
6056,M685,M,685,bool,plc_product_data,1,0,,,,,judgment_st06_detect_jig_02_arrived
6057,M686,M,686,bool,plc_setting_data,1,0,,,,,setting_st06_jig_02_positioning
6058,M687,M,687,bool,plc_setting_data,1,0,,,,,setting_st06_jig_02_arrived
6059,M688,M,688,bool,plc_setting_data,1,0,,,,,setting_st06_jig_02_positioning
6060,M689,M,689,bool,plc_setting_data,1,0,,,,,setting_st06_jig_02_arrived
6061,M690,M,690,bool,plc_setting_data,1,0,,,,,setting_st06_jig_02_positioning
6062,M691,M,691,bool,plc_setting_data,1,0,,,,,setting_st06_jig_02_arrived
6063,M700,M,700,bool,plc_setting_data,1,0,,,,,setting_st06_origin_jig_03_positioning
6064,M701,M,701,bool,plc_setting_data,1,0,,,,,setting_st06_origin_jig_03_arrived
6065,M702,M,702,bool,plc_product_data,1,0,,,,,judgment_st06_detect_jig_03_positioning
6066,M703,M,703,bool,plc_product_data,1,0,,,,,judgment_st06_detect_jig_03_arrived
6067,M704,M,704,bool,plc_product_data,1,0,,,,,judgment_st06_detect_jig_03_positioning
6068,M705,M,705,bool,plc_product_data,1,0,,,,,judgment_st06_detect_jig_03_arrived
6069,M706,M,706,bool,plc_setting_data,1,0,,,,,setting_st06_jig_03_positioning
6070,M707,M,707,bool,plc_setting_data,1,0,,,,,setting_st06_jig_03_arrived
6071,M708,M,708,bool,plc_setting_data,1,0,,,,,setting_st06_jig_03_positioning
6072,M709,M,709,bool,plc_setting_data,1,0,,,,,setting_st06_jig_03_arrived
6073,M710,M,710,bool,plc_setting_data,1,0,,,,,setting_st06_jig_03_positioning
6074,M711,M,711,bool,plc_setting_data,1,0,,,,,setting_st06_jig_03_arrived
6075,M720,M,720,bool,plc_setting_data,1,0,,,,,setting_st06_origin_jig_04_positioning
6076,M721,M,721,bool,plc_setting_data,1,0,,,,,setting_st06_origin_jig_04_arrived
6077,M722,M,722,bool,plc_product_data,1,0,,,,,judgment_st06_detect_jig_04_positioning
6078,M723,M,723,bool,plc_product_data,1,0,,,,,judgment_st06_detect_jig_04_arrived
6079,M724,M,724,bool,plc_product_data,1,0,,,,,judgment_st06_detect_jig_04_positioning
6080,M725,M,725,bool,plc_product_data,1,0,,,,,judgment_st06_detect_jig_04_arrived
6081,M726,M,726,bool,plc_setting_data,1,0,,,,,setting_st06_jig_04_positioning
6082,M727,M,727,bool,plc_setting_data,1,0,,,,,setting_st06_jig_04_arrived
6083,M728,M,728,bool,plc_setting_data,1,0,,,,,setting_st06_jig_04_positioning
6084,M729,M,729,bool,plc_setting_data,1,0,,,,,setting_st06_jig_04_arrived
6085,M730,M,730,bool,plc_setting_data,1,0,,,,,setting_st06_jig_04_positioning
6086,M731,M,731,bool,plc_setting_data,1,0,,,,,setting_st06_jig_04_arrived
6087,M740,M,740,bool,plc_setting_data,1,0,,,,,setting_st10_pick_positioning
6088,M741,M,741,bool,plc_setting_data,1,0,,,,,setting_st10_pick_arrived
6089,M742,M,742,bool,plc_setting_data,1,0,,,,,setting_st10_ccd_positioning
6090,M743,M,743,bool,plc_setting_data,1,0,,,,,setting_st10_ccd_arrived
6091,M744,M,744,bool,plc_product_data,1,0,,,,,judgment_st10_aging_positioning
6092,M745,M,745,bool,plc_product_data,1,0,,,,,judgment_st10_aging_arrived
6093,M746,M,746,bool,plc_product_data,1,0,,,,,judgment_st10_release_force_positioning
6094,M747,M,747,bool,plc_product_data,1,0,,,,,judgment_st10_release_force_arrived
6095,M748,M,748,bool,plc_setting_data,1,0,,,,,setting_st10_ng_positioning
6096,M749,M,749,bool,plc_setting_data,1,0,,,,,setting_st10_ng_arrived
6097,M750,M,750,bool,plc_product_data,1,0,,,,,measurement_st10_pressure_positioning
6098,M751,M,751,bool,plc_product_data,1,0,,,,,measurement_st10_pressure_arrived
6099,M752,M,752,bool,plc_setting_data,1,0,,,,,setting_st10_sync_time_positioning
6100,M753,M,753,bool,plc_setting_data,1,0,,,,,setting_st10_sync_time_arrived
6101,M754,M,754,bool,plc_product_data,1,0,,,,,judgment_st10_op_voltage_positioning
6102,M755,M,755,bool,plc_product_data,1,0,,,,,judgment_st10_op_voltage_arrived
6103,M756,M,756,bool,plc_product_data,1,0,,,,,judgment_st10_rel_voltage_positioning
6104,M757,M,757,bool,plc_product_data,1,0,,,,,judgment_st10_rel_voltage_arrived
6105,M3000,M,3000,bool,plc_product_data,1,0,,,,,measurement_001
6106,M3001,M,3001,bool,plc_product_data,1,0,,,,,measurement_001
6107,M3002,M,3002,bool,plc_product_data,1,0,,,,,measurement_001
6108,M3003,M,3003,bool,plc_product_data,1,0,,,,,measurement_001
6109,M3004,M,3004,bool,plc_product_data,1,0,,,,,measurement_001
6110,M3007,M,3007,bool,plc_setting_data,1,0,,,,,setting_001_set
6111,M3016,M,3016,bool,plc_setting_data,1,0,,,,,setting_001_setdata
6113,M3019,M,3019,bool,plc_product_data,1,0,,,,,measurement_photo
6114,M3024,M,3024,bool,plc_product_data,1,0,,,,,measurement_001_00
6115,M3040,M,3040,bool,plc_product_data,1,0,,,,,measurement_001
6116,M3041,M,3041,bool,plc_product_data,1,0,,,,,measurement_001
6117,M3042,M,3042,bool,plc_product_data,1,0,,,,,measurement_001
6118,M3043,M,3043,bool,plc_product_data,1,0,,,,,measurement_001
6119,M3044,M,3044,bool,plc_product_data,1,0,,,,,measurement_001
6120,M3047,M,3047,bool,plc_setting_data,1,0,,,,,setting_001_set
6121,M3056,M,3056,bool,plc_setting_data,1,0,,,,,setting_001_setdata
6123,M3059,M,3059,bool,plc_product_data,1,0,,,,,measurement_photo
6124,M3064,M,3064,bool,plc_product_data,1,0,,,,,measurement_001_00
6125,M3100,M,3100,bool,plc_product_data,1,0,,,,,measurement_status
6126,M3101,M,3101,bool,plc_product_data,1,0,,,,,measurement_status
6127,M3103,M,3103,bool,plc_product_data,1,0,,,,,measurement_status
6128,M3107,M,3107,bool,plc_product_data,1,0,,,,,measurement_status
6129,M3109,M,3109,bool,plc_product_data,1,0,,,,,judgment_detect_status
6130,M3111,M,3111,bool,plc_product_data,1,0,,,,,measurement_status
6131,M3112,M,3112,bool,plc_product_data,1,0,,,,,measurement_status
6132,M3113,M,3113,bool,plc_product_data,1,0,,,,,measurement_status
6133,M3114,M,3114,bool,plc_product_data,1,0,,,,,measurement_status
6135,M3116,M,3116,bool,plc_setting_data,1,0,,,,,setting_status
6136,M3119,M,3119,bool,plc_product_data,1,0,,,,,measurement_status
6137,M3140,M,3140,bool,plc_product_data,1,0,,,,,measurement_status
6138,M3141,M,3141,bool,plc_product_data,1,0,,,,,measurement_status
6139,M3143,M,3143,bool,plc_product_data,1,0,,,,,measurement_status
6140,M3147,M,3147,bool,plc_product_data,1,0,,,,,measurement_status
6141,M3149,M,3149,bool,plc_product_data,1,0,,,,,judgment_detect_status
6142,M3151,M,3151,bool,plc_product_data,1,0,,,,,measurement_status
6143,M3152,M,3152,bool,plc_product_data,1,0,,,,,measurement_status
6144,M3153,M,3153,bool,plc_product_data,1,0,,,,,measurement_status
6145,M3154,M,3154,bool,plc_product_data,1,0,,,,,measurement_status
6147,M3156,M,3156,bool,plc_setting_data,1,0,,,,,setting_status
6148,M3159,M,3159,bool,plc_product_data,1,0,,,,,measurement_status
6149,L0,L,0,bool,plc_product_data,1,0,,,,,measurement_st09
6152,L10,L,10,bool,plc_product_data,1,0,,,,,measurement_reset
6154,L12,L,12,bool,plc_product_data,1,0,,,,,measurement_st02_reset
6162,L23,L,23,bool,plc_product_data,1,0,,,,,measurement_st13_reset
6163,L24,L,24,bool,plc_product_data,1,0,,,,,measurement_st14_reset
6164,L25,L,25,bool,plc_product_data,1,0,,,,,measurement_st15_reset
6165,L26,L,26,bool,plc_product_data,1,0,,,,,measurement_st16_reset
6166,L27,L,27,bool,plc_product_data,1,0,,,,,measurement_st17_reset
6167,L28,L,28,bool,plc_product_data,1,0,,,,,measurement_st18_reset
6168,L29,L,29,bool,plc_product_data,1,0,,,,,measurement_st19_reset
6169,L50,L,50,bool,plc_product_data,1,0,,,,,action_reset_done
6171,L52,L,52,bool,plc_product_data,1,0,,,,,action_st02_reset_done
6179,L63,L,63,bool,plc_product_data,1,0,,,,,action_st13_reset_done
6180,L64,L,64,bool,plc_product_data,1,0,,,,,action_st14_reset_done
6181,L65,L,65,bool,plc_product_data,1,0,,,,,action_st15_reset_done
6182,L66,L,66,bool,plc_product_data,1,0,,,,,action_st16_reset_done
6183,L67,L,67,bool,plc_product_data,1,0,,,,,action_st17_reset_done
6184,L68,L,68,bool,plc_product_data,1,0,,,,,action_st18_reset_done
6185,L69,L,69,bool,plc_product_data,1,0,,,,,action_st19_reset_done
6194,L134,L,134,bool,plc_product_data,1,0,,,,,status_st14_origin
6195,L135,L,135,bool,plc_product_data,1,0,,,,,status_st15_origin
6196,L136,L,136,bool,plc_product_data,1,0,,,,,status_st16_origin
6197,L137,L,137,bool,plc_product_data,1,0,,,,,status_st17_origin
6198,L138,L,138,bool,plc_product_data,1,0,,,,,status_st18_origin
6199,L139,L,139,bool,plc_product_data,1,0,,,,,status_st19_origin
6201,L154,L,154,bool,plc_product_data,1,0,,,,,status_st14_active
6202,L155,L,155,bool,plc_product_data,1,0,,,,,status_st15_active
6203,L156,L,156,bool,plc_product_data,1,0,,,,,status_st16_active
6204,L157,L,157,bool,plc_product_data,1,0,,,,,status_st17_active
6205,L158,L,158,bool,plc_product_data,1,0,,,,,status_st18_active
6206,L159,L,159,bool,plc_product_data,1,0,,,,,status_st19_active
6208,L174,L,174,bool,plc_product_data,1,0,,,,,status_st14
6209,L175,L,175,bool,plc_product_data,1,0,,,,,status_st15
6210,L176,L,176,bool,plc_product_data,1,0,,,,,status_st16
6211,L177,L,177,bool,plc_product_data,1,0,,,,,status_st17
6212,L178,L,178,bool,plc_product_data,1,0,,,,,status_st18
6213,L179,L,179,bool,plc_product_data,1,0,,,,,status_st19
6222,L401,L,401,bool,plc_product_data,1,0,,,,,status_st01_positioning
6223,L402,L,402,bool,plc_product_data,1,0,,,,,measurement_st01_updown
6224,L403,L,403,bool,plc_product_data,1,0,,,,,measurement_st01
6225,L404,L,404,bool,plc_product_data,1,0,,,,,measurement_st01
6226,L405,L,405,bool,plc_product_data,1,0,,,,,measurement_st01_push
6227,L406,L,406,bool,plc_product_data,1,0,,,,,measurement_st01_push
6228,L407,L,407,bool,plc_product_data,1,0,,,,,measurement_st01
6229,L408,L,408,bool,plc_product_data,1,0,,,,,measurement_st01
6230,L409,L,409,bool,plc_product_data,1,0,,,,,status_st01_positioning
6231,L410,L,410,bool,plc_product_data,1,0,,,,,measurement_st01
6232,L411,L,411,bool,plc_product_data,1,0,,,,,measurement_st01
6233,L412,L,412,bool,plc_product_data,1,0,,,,,measurement_st01
6234,L413,L,413,bool,plc_product_data,1,0,,,,,measurement_st01_discharge
6235,L414,L,414,bool,plc_product_data,1,0,,,,,measurement_st01
6236,L417,L,417,bool,plc_product_data,1,0,,,,,measurement_st01_feed
6237,L418,L,418,bool,plc_product_data,1,0,,,,,measurement_st01_pick_jig_01
6238,L419,L,419,bool,plc_product_data,1,0,,,,,measurement_st01_pick_jig_02
6239,L420,L,420,bool,plc_product_data,1,0,,,,,measurement_st01_pick_jig_03
6240,L421,L,421,bool,plc_product_data,1,0,,,,,measurement_st04_feed
6241,L422,L,422,bool,plc_product_data,1,0,,,,,measurement_st04
6242,L423,L,423,bool,plc_product_data,1,0,,,,,measurement_st04_pick
6243,L424,L,424,bool,plc_product_data,1,0,,,,,measurement_st04_pick_jig_01
6244,L425,L,425,bool,plc_product_data,1,0,,,,,measurement_st04_pick_jig_02
6245,L426,L,426,bool,plc_product_data,1,0,,,,,measurement_st04_pick_jig_03
6246,L427,L,427,bool,plc_product_data,1,0,,,,,measurement_st04_clamp_jig_01
6247,L428,L,428,bool,plc_product_data,1,0,,,,,measurement_st04_clamp_jig_02
6248,L429,L,429,bool,plc_product_data,1,0,,,,,measurement_st04_clamp_jig_03
6249,L430,L,430,bool,plc_product_data,1,0,,,,,measurement_st06_feed
6250,L431,L,431,bool,plc_product_data,1,0,,,,,measurement_st06_pick
6251,L432,L,432,bool,plc_product_data,1,0,,,,,measurement_st06_pick
6252,L433,L,433,bool,plc_product_data,1,0,,,,,measurement_st06_pick
6253,L434,L,434,bool,plc_product_data,1,0,,,,,measurement_st06_pick
6254,L435,L,435,bool,plc_product_data,1,0,,,,,measurement_st06_pick
6255,L436,L,436,bool,plc_product_data,1,0,,,,,measurement_st06_pick
6256,L437,L,437,bool,plc_product_data,1,0,,,,,judgment_st07_updown
6257,L438,L,438,bool,plc_product_data,1,0,,,,,measurement_st08
6258,L439,L,439,bool,plc_product_data,1,0,,,,,measurement_st10_pick
6259,L440,L,440,bool,plc_product_data,1,0,,,,,measurement_st10_pick_jig_01
6260,L441,L,441,bool,plc_product_data,1,0,,,,,measurement_st10_pick_jig_02
6261,L442,L,442,bool,plc_product_data,1,0,,,,,measurement_st10_pick_jig_03
6262,L443,L,443,bool,plc_product_data,1,0,,,,,measurement_st10_defect
6263,L444,L,444,bool,plc_product_data,1,0,,,,,measurement_st10_ccd
6264,L445,L,445,bool,plc_product_data,1,0,,,,,measurement_st12
6265,L446,L,446,bool,plc_product_data,1,0,,,,,status_st06_positioning
6266,L447,L,447,bool,plc_product_data,1,0,,,,,status_st08_positioning
6267,L449,L,449,bool,plc_product_data,1,0,,,,,measurement_st04_feed
6268,L450,L,450,bool,plc_product_data,1,0,,,,,measurement_st03_updown
6269,L451,L,451,bool,plc_product_data,1,0,,,,,measurement_st03_rotary
6270,L452,L,452,bool,plc_product_data,1,0,,,,,measurement_st03_clamp_jig_01
6271,L453,L,453,bool,plc_product_data,1,0,,,,,measurement_st03_clamp_jig_02
6272,L454,L,454,bool,plc_product_data,1,0,,,,,measurement_st03_clamp_jig_03
6273,L455,L,455,bool,plc_product_data,1,0,,,,,measurement_st03_clamp_jig_04
6274,L456,L,456,bool,plc_product_data,1,0,,,,,measurement_st03_clamp_jig_05
6275,L457,L,457,bool,plc_product_data,1,0,,,,,measurement_st03_clamp_jig_06
6276,L471,L,471,bool,plc_product_data,1,0,,,,,measurement_st02_updown
6517,L1001,L,1001,bool,plc_product_data,1,0,,,,,measurement_point
6518,L1002,L,1002,bool,plc_product_data,1,0,,,,,measurement_reset
6519,L1003,L,1003,bool,plc_product_data,1,0,,,,,measurement_end
6521,L1005,L,1005,bool,plc_product_data,1,0,,,,,measurement_auto
6522,L1007,L,1007,bool,plc_product_data,1,0,,,,,status_start_auto
6524,L1009,L,1009,bool,plc_product_data,1,0,,,,,measurement_reset
6529,L1100,L,1100,bool,plc_product_data,1,0,,,,,status_auto
6534,L1105,L,1105,bool,plc_product_data,1,0,,,,,status_st05_auto
6538,L1109,L,1109,bool,plc_product_data,1,0,,,,,status_st09_auto
6540,L1111,L,1111,bool,plc_product_data,1,0,,,,,status_st11_auto
6541,L1112,L,1112,bool,plc_product_data,1,0,,,,,status_st12_auto
6542,L1113,L,1113,bool,plc_product_data,1,0,,,,,status_st13_auto
6543,L1114,L,1114,bool,plc_product_data,1,0,,,,,status_st14_auto
6544,L1115,L,1115,bool,plc_product_data,1,0,,,,,status_st15_auto
6545,L1116,L,1116,bool,plc_product_data,1,0,,,,,status_st16_auto
6546,L1117,L,1117,bool,plc_product_data,1,0,,,,,status_st17_auto
6547,L1118,L,1118,bool,plc_product_data,1,0,,,,,status_st18_auto
6548,L1119,L,1119,bool,plc_product_data,1,0,,,,,status_st19_auto
6549,L1120,L,1120,bool,plc_product_data,1,0,,,,,status_st20_auto
6550,L1121,L,1121,bool,plc_product_data,1,0,,,,,status_st21_auto
6551,L1122,L,1122,bool,plc_product_data,1,0,,,,,status_st22_auto
6552,L1123,L,1123,bool,plc_product_data,1,0,,,,,status_st23_auto
6553,L1124,L,1124,bool,plc_product_data,1,0,,,,,status_st24_auto
6554,L1125,L,1125,bool,plc_product_data,1,0,,,,,status_st25_auto
6555,L1126,L,1126,bool,plc_product_data,1,0,,,,,status_st26_auto
6556,L1127,L,1127,bool,plc_product_data,1,0,,,,,status_st27_auto
6557,L1128,L,1128,bool,plc_product_data,1,0,,,,,status_st28_auto
6558,L1129,L,1129,bool,plc_product_data,1,0,,,,,status_st29_auto
6559,L1130,L,1130,bool,plc_product_data,1,0,,,,,status_st30_auto
6560,L1131,L,1131,bool,plc_product_data,1,0,,,,,status_st31_auto
6561,L1152,L,1152,bool,plc_product_data,1,0,,,,,status_st02_mask
6562,L1159,L,1159,bool,plc_product_data,1,0,,,,,status_st09_mask
6566,L1170,L,1170,bool,plc_product_data,1,0,,,,,status_mask
6568,L1202,L,1202,bool,plc_product_data,1,0,,,,,measurement_st01_sensor_mask
6573,L1254,L,1254,bool,plc_product_data,1,0,,,,,measurement_safety_door_mask
6574,L1400,L,1400,bool,plc_product_data,1,0,,,,,measurement_st04
6575,L1405,L,1405,bool,plc_product_data,1,0,,,,,measurement_has_finished_product_clamped
